topic,publication_year,topic_records,background_records,background_trend_raw,background_growth_index,baseline_2010_2014,first_observed_year,first_observed_count,topic_growth_index
Antimicrobial resistance and One Health,1928,0,1,16.650518638445515,3.9286151563775307,4.4,1955,1,0
Antimicrobial resistance and One Health,1929,0,0,17.304352055372615,4.082884217135492,4.4,1955,1,0
Antimicrobial resistance and One Health,1930,0,0,17.983860236334,4.2432111232562155,4.4,1955,1,0
Antimicrobial resistance and One Health,1931,0,0,18.69005137927603,4.40983375452103,4.4,1955,1,0
Antimicrobial resistance and One Health,1932,0,0,19.423973272113596,4.582999331786684,4.4,1955,1,0
Antimicrobial resistance and One Health,1933,0,0,20.186714847350938,4.762964783791154,4.4,1955,1,0
Antimicrobial resistance and One Health,1934,0,0,20.979407797749552,4.949997128363235,4.4,1955,1,0
Antimicrobial resistance and One Health,1935,0,0,21.803228255440114,5.144373868601471,4.4,1955,1,0
Antimicrobial resistance and One Health,1936,0,0,22.65939853696996,5.3463834046102665,4.4,1955,1,0
Antimicrobial resistance and One Health,1937,0,0,23.54918895687505,5.556325461404061,4.4,1955,1,0
Antimicrobial resistance and One Health,1938,0,0,24.473919712467477,5.774511533614483,4.4,1955,1,0
Antimicrobial resistance and One Health,1939,0,0,25.43496284263486,6.001265347660276,4.4,1955,1,0
Antimicrobial resistance and One Health,1940,0,0,26.433744263557983,6.23692334206574,4.4,1955,1,0
Antimicrobial resistance and One Health,1941,0,0,27.47174588436712,6.481835166640349,4.4,1955,1,0
Antimicrobial resistance and One Health,1942,0,0,28.550507805875988,6.736364201260158,4.4,1955,1,0
Antimicrobial resistance and One Health,1943,0,0,29.671630605655782,7.000888095020774,4.4,1955,1,0
Antimicrobial resistance and One Health,1944,0,0,30.83677771283956,7.275799326561785,4.4,1955,1,0
Antimicrobial resistance and One Health,1945,0,0,32.04767787618063,7.561505786394071,4.4,1955,1,0
Antimicrobial resistance and One Health,1946,0,0,33.30612772902668,7.85843138209393,4.4,1955,1,0
Antimicrobial resistance and One Health,1947,0,0,34.61399445501552,8.167016667262041,4.4,1955,1,0
Antimicrobial resistance and One Health,1948,0,0,35.97321855844748,8.487719495180377,4.4,1955,1,0
Antimicrobial resistance and One Health,1949,0,0,37.38581674344496,8.821015698137009,4.4,1955,1,0
Antimicrobial resistance and One Health,1950,0,0,38.85388490617092,9.167399793426604,4.4,1955,1,0
Antimicrobial resistance and One Health,1951,0,0,40.379601244545924,9.527385717074234,4.4,1955,1,0
Antimicrobial resistance and One Health,1952,0,0,41.965229490077846,9.901507586371068,4.4,1955,1,0
Antimicrobial resistance and One Health,1953,0,1,43.61312226659913,10.290320492353375,4.4,1955,1,0
Antimicrobial resistance and One Health,1954,0,0,45.32572458089509,10.6944013234006,4.4,1955,1,0
Antimicrobial resistance and One Health,1955,1,1,47.10557745040246,11.114349621174552,4.4,1955,1,22.727272727272727
Antimicrobial resistance and One Health,1956,0,0,48.95532167336056,11.550788470169673,4.4,1955,1,0
Antimicrobial resistance and One Health,1957,0,0,50.877701747008906,12.004365422194162,4.4,1955,1,0
Antimicrobial resistance and One Health,1958,0,0,52.875569939645,12.475753457153743,4.4,1955,1,0
Antimicrobial resistance and One Health,1959,0,0,54.95189052258351,12.965651981563456,4.4,1955,1,0
Antimicrobial resistance and One Health,1960,0,0,57.10974416829665,13.474787866269123,4.4,1955,1,0
Antimicrobial resistance and One Health,1961,0,0,59.35233252126079,14.003916524918113,4.4,1955,1,0
Antimicrobial resistance and One Health,1962,0,0,61.68298294829108,14.55382303477946,4.4,1955,1,0
Antimicrobial resistance and One Health,1963,0,0,64.10515347541298,15.125323301576582,4.4,1955,1,0
Antimicrobial resistance and One Health,1964,0,0,66.62243791859467,15.71926527006053,4.4,1955,1,0
Antimicrobial resistance and One Health,1965,0,0,69.2385712159533,16.336530182120143,4.4,1955,1,0
Antimicrobial resistance and One Health,1966,0,0,71.9574349693471,16.97803388429585,4.4,1955,1,0
Antimicrobial resistance and One Health,1967,0,1,74.78306320357426,17.64472818663678,4.4,1955,1,0
Antimicrobial resistance and One Health,1968,0,0,77.71964835172508,18.337602274917764,4.4,1955,1,0
Antimicrobial resistance and One Health,1969,0,1,80.77154747556676,19.057684178311202,4.4,1955,1,0
Antimicrobial resistance and One Health,1970,0,2,83.94328873019046,19.806042294691522,4.4,1955,1,0
Antimicrobial resistance and One Health,1971,0,0,87.23957808251319,20.58378697583558,4.4,1955,1,0
Antimicrobial resistance and One Health,1972,0,3,90.66530629360106,21.392072174870457,4.4,1955,1,0
Antimicrobial resistance and One Health,1973,0,5,94.22555617517597,22.23209715841369,4.4,1955,1,0
Antimicrobial resistance and One Health,1974,0,5,97.92561013107029,23.10510828594564,4.4,1955,1,0
Antimicrobial resistance and One Health,1975,0,14,101.77095799481978,24.012400859054377,4.4,1955,1,0
Antimicrobial resistance and One Health,1976,0,19,105.76730517502442,24.955321043297015,4.4,1955,1,0
Antimicrobial resistance and One Health,1977,0,21,109.92058112056064,25.935267865528562,4.4,1955,1,0
Antimicrobial resistance and One Health,1978,0,19,114.23694811820614,26.953695289662004,4.4,1955,1,0
Antimicrobial resistance and One Health,1979,0,19,118.72281043573119,28.01211437393967,4.4,1955,1,0
Antimicrobial resistance and One Health,1980,0,20,123.38482382401976,29.112095512916095,4.4,1955,1,0
Antimicrobial resistance and One Health,1981,0,14,128.22990539232202,30.255270767479498,4.4,1955,1,0
Antimicrobial resistance and One Health,1982,0,20,133.2652438712878,31.443336286368506,4.4,1955,1,0
Antimicrobial resistance and One Health,1983,0,17,138.49831027900908,32.678054822777014,4.4,1955,1,0
Antimicrobial resistance and One Health,1984,0,25,143.93686900589861,33.96125834978152,4.4,1955,1,0
Antimicrobial resistance and One Health,1985,1,30,149.58898933484832,35.29485077847084,4.4,1955,1,22.727272727272727
Antimicrobial resistance and One Health,1986,0,38,155.46305741376344,36.68081078281181,4.4,1955,1,0
Antimicrobial resistance and One Health,1987,0,46,161.5677886982338,38.12119473544173,4.4,1955,1,0
Antimicrobial resistance and One Health,1988,0,56,167.9122408828045,39.61813975874366,4.4,1955,1,0
Antimicrobial resistance and One Health,1989,0,60,174.50582734003322,41.17386689573167,4.4,1955,1,0
Antimicrobial resistance and One Health,1990,2,82,181.3583310872725,42.79068440545048,4.4,1955,1,45.45454545454545
Antimicrobial resistance and One Health,1991,1,106,188.4799193018998,44.470991187778814,4.4,1955,1,22.727272727272727
Antimicrobial resistance and One Health,1992,1,96,195.88115840653418,46.21728034271864,4.4,1955,1,22.727272727272727
Antimicrobial resistance and One Health,1993,1,113,203.5730297466174,48.03214286944999,4.4,1955,1,22.727272727272727
Antimicrobial resistance and One Health,1994,3,119,211.56694588362595,49.91827151064136,4.4,1955,1,68.18181818181817
Antimicrobial resistance and One Health,1995,1,140,219.87476752808362,51.87846474771789,4.4,1955,1,22.727272727272727
Antimicrobial resistance and One Health,1996,4,129,228.50882113750066,53.915630953016276,4.4,1955,1,90.9090909090909
Antimicrobial resistance and One Health,1997,2,152,237.48191720535155,56.03279270498688,4.4,1955,1,45.45454545454545
Antimicrobial resistance and One Health,1998,1,144,246.80736926822323,58.23309127284519,4.4,1955,1,22.727272727272727
Antimicrobial resistance and One Health,1999,0,112,256.49901365933715,60.51979127732662,4.4,1955,1,0
Antimicrobial resistance and One Health,2000,2,150,266.57123003775587,62.89628553446071,4.4,1955,1,45.45454545454545
Antimicrobial resistance and One Health,2001,0,160,277.03896272372793,65.36610008955,4.4,1955,1,0
Antimicrobial resistance and One Health,2002,2,204,287.91774287183404,67.93289944882441,4.4,1955,1,45.45454545454545
Antimicrobial resistance and One Health,2003,3,213,299.2237115148268,70.60049201653179,4.4,1955,1,68.18181818181817
Antimicrobial resistance and One Health,2004,4,263,310.97364351235706,73.37283574553243,4.4,1955,1,90.9090909090909
Antimicrobial resistance and One Health,2005,0,241,323.18497244012303,76.25404400978212,4.4,1955,1,0
Antimicrobial resistance and One Health,2006,1,274,335.8758164563633,79.24839170741511,4.4,1955,1,22.727272727272727
Antimicrobial resistance and One Health,2007,5,255,349.0650051840811,82.36032160348431,4.4,1955,1,113.63636363636363
Antimicrobial resistance and One Health,2008,2,283,362.7721076488781,85.59445092176773,4.4,1955,1,45.45454545454545
Antimicrobial resistance and One Health,2009,4,333,377.0174613138527,88.95557819542258,4.4,1955,1,90.9090909090909
Antimicrobial resistance and One Health,2010,1,341,391.82220225464465,92.44869038665148,4.4,1955,1,22.727272727272727
Antimicrobial resistance and One Health,2011,5,402,407.20829651939215,96.07897028594378,4.4,1955,1,113.63636363636363
Antimicrobial resistance and One Health,2012,4,392,423.1985727201334,99.85180420187038,4.4,1955,1,90.9090909090909
Antimicrobial resistance and One Health,2013,5,432,439.8167559040124,103.77278995284276,4.4,1955,1,113.63636363636363
Antimicrobial resistance and One Health,2014,7,460,457.0875027545355,107.84774517269163,4.4,1955,1,159.09090909090907
Antimicrobial resistance and One Health,2015,5,464,475.0364381751183,112.08271594239052,4.4,1955,1,113.63636363636363
Antimicrobial resistance and One Health,2016,3,598,493.69019330919355,116.48398576072964,4.4,1955,1,68.18181818181817
Antimicrobial resistance and One Health,2017,7,509,513.0764450532943,121.05808486725061,4.4,1955,1,159.09090909090907
Antimicrobial resistance and One Health,2018,14,516,533.2239571217427,125.8117999312755,4.4,1955,1,318.18181818181813
Antimicrobial resistance and One Health,2019,20,582,554.1626227238637,130.75218412140384,4.4,1955,1,454.5454545454545
Antimicrobial resistance and One Health,2020,11,673,575.923508917055,135.88656757042048,4.4,1955,1,249.99999999999997
Antimicrobial resistance and One Health,2021,17,679,598.538902701512,141.22256825113917,4.4,1955,1,386.3636363636363
Antimicrobial resistance and One Health,2022,16,644,622.0423589250028,146.76810327931904,4.4,1955,1,363.6363636363636
Antimicrobial resistance and One Health,2023,11,655,646.4687500687738,152.53140066042593,4.4,1955,1,249.99999999999997
Antimicrobial resistance and One Health,2024,17,744,671.8543179884482,158.52101149766497,4.4,1955,1,386.3636363636363
Antimicrobial resistance and One Health,2025,31,720,698.2367276866855,164.7458226793984,4.4,1955,1,704.5454545454545
Antimicrobial resistance and One Health,2026,19,487,725.6551231973979,171.21507006477566,4.4,1955,1,431.81818181818176
Automation and precision aquaculture,1928,0,1,16.650518638445515,3.9286151563775307,1.2,1981,1,0
Automation and precision aquaculture,1929,0,0,17.304352055372615,4.082884217135492,1.2,1981,1,0
Automation and precision aquaculture,1930,0,0,17.983860236334,4.2432111232562155,1.2,1981,1,0
Automation and precision aquaculture,1931,0,0,18.69005137927603,4.40983375452103,1.2,1981,1,0
Automation and precision aquaculture,1932,0,0,19.423973272113596,4.582999331786684,1.2,1981,1,0
Automation and precision aquaculture,1933,0,0,20.186714847350938,4.762964783791154,1.2,1981,1,0
Automation and precision aquaculture,1934,0,0,20.979407797749552,4.949997128363235,1.2,1981,1,0
Automation and precision aquaculture,1935,0,0,21.803228255440114,5.144373868601471,1.2,1981,1,0
Automation and precision aquaculture,1936,0,0,22.65939853696996,5.3463834046102665,1.2,1981,1,0
Automation and precision aquaculture,1937,0,0,23.54918895687505,5.556325461404061,1.2,1981,1,0
Automation and precision aquaculture,1938,0,0,24.473919712467477,5.774511533614483,1.2,1981,1,0
Automation and precision aquaculture,1939,0,0,25.43496284263486,6.001265347660276,1.2,1981,1,0
Automation and precision aquaculture,1940,0,0,26.433744263557983,6.23692334206574,1.2,1981,1,0
Automation and precision aquaculture,1941,0,0,27.47174588436712,6.481835166640349,1.2,1981,1,0
Automation and precision aquaculture,1942,0,0,28.550507805875988,6.736364201260158,1.2,1981,1,0
Automation and precision aquaculture,1943,0,0,29.671630605655782,7.000888095020774,1.2,1981,1,0
Automation and precision aquaculture,1944,0,0,30.83677771283956,7.275799326561785,1.2,1981,1,0
Automation and precision aquaculture,1945,0,0,32.04767787618063,7.561505786394071,1.2,1981,1,0
Automation and precision aquaculture,1946,0,0,33.30612772902668,7.85843138209393,1.2,1981,1,0
Automation and precision aquaculture,1947,0,0,34.61399445501552,8.167016667262041,1.2,1981,1,0
Automation and precision aquaculture,1948,0,0,35.97321855844748,8.487719495180377,1.2,1981,1,0
Automation and precision aquaculture,1949,0,0,37.38581674344496,8.821015698137009,1.2,1981,1,0
Automation and precision aquaculture,1950,0,0,38.85388490617092,9.167399793426604,1.2,1981,1,0
Automation and precision aquaculture,1951,0,0,40.379601244545924,9.527385717074234,1.2,1981,1,0
Automation and precision aquaculture,1952,0,0,41.965229490077846,9.901507586371068,1.2,1981,1,0
Automation and precision aquaculture,1953,0,1,43.61312226659913,10.290320492353375,1.2,1981,1,0
Automation and precision aquaculture,1954,0,0,45.32572458089509,10.6944013234006,1.2,1981,1,0
Automation and precision aquaculture,1955,0,1,47.10557745040246,11.114349621174552,1.2,1981,1,0
Automation and precision aquaculture,1956,0,0,48.95532167336056,11.550788470169673,1.2,1981,1,0
Automation and precision aquaculture,1957,0,0,50.877701747008906,12.004365422194162,1.2,1981,1,0
Automation and precision aquaculture,1958,0,0,52.875569939645,12.475753457153743,1.2,1981,1,0
Automation and precision aquaculture,1959,0,0,54.95189052258351,12.965651981563456,1.2,1981,1,0
Automation and precision aquaculture,1960,0,0,57.10974416829665,13.474787866269123,1.2,1981,1,0
Automation and precision aquaculture,1961,0,0,59.35233252126079,14.003916524918113,1.2,1981,1,0
Automation and precision aquaculture,1962,0,0,61.68298294829108,14.55382303477946,1.2,1981,1,0
Automation and precision aquaculture,1963,0,0,64.10515347541298,15.125323301576582,1.2,1981,1,0
Automation and precision aquaculture,1964,0,0,66.62243791859467,15.71926527006053,1.2,1981,1,0
Automation and precision aquaculture,1965,0,0,69.2385712159533,16.336530182120143,1.2,1981,1,0
Automation and precision aquaculture,1966,0,0,71.9574349693471,16.97803388429585,1.2,1981,1,0
Automation and precision aquaculture,1967,0,1,74.78306320357426,17.64472818663678,1.2,1981,1,0
Automation and precision aquaculture,1968,0,0,77.71964835172508,18.337602274917764,1.2,1981,1,0
Automation and precision aquaculture,1969,0,1,80.77154747556676,19.057684178311202,1.2,1981,1,0
Automation and precision aquaculture,1970,0,2,83.94328873019046,19.806042294691522,1.2,1981,1,0
Automation and precision aquaculture,1971,0,0,87.23957808251319,20.58378697583558,1.2,1981,1,0
Automation and precision aquaculture,1972,0,3,90.66530629360106,21.392072174870457,1.2,1981,1,0
Automation and precision aquaculture,1973,0,5,94.22555617517597,22.23209715841369,1.2,1981,1,0
Automation and precision aquaculture,1974,0,5,97.92561013107029,23.10510828594564,1.2,1981,1,0
Automation and precision aquaculture,1975,0,14,101.77095799481978,24.012400859054377,1.2,1981,1,0
Automation and precision aquaculture,1976,0,19,105.76730517502442,24.955321043297015,1.2,1981,1,0
Automation and precision aquaculture,1977,0,21,109.92058112056064,25.935267865528562,1.2,1981,1,0
Automation and precision aquaculture,1978,0,19,114.23694811820614,26.953695289662004,1.2,1981,1,0
Automation and precision aquaculture,1979,0,19,118.72281043573119,28.01211437393967,1.2,1981,1,0
Automation and precision aquaculture,1980,0,20,123.38482382401976,29.112095512916095,1.2,1981,1,0
Automation and precision aquaculture,1981,1,14,128.22990539232202,30.255270767479498,1.2,1981,1,83.33333333333334
Automation and precision aquaculture,1982,0,20,133.2652438712878,31.443336286368506,1.2,1981,1,0
Automation and precision aquaculture,1983,0,17,138.49831027900908,32.678054822777014,1.2,1981,1,0
Automation and precision aquaculture,1984,0,25,143.93686900589861,33.96125834978152,1.2,1981,1,0
Automation and precision aquaculture,1985,0,30,149.58898933484832,35.29485077847084,1.2,1981,1,0
Automation and precision aquaculture,1986,1,38,155.46305741376344,36.68081078281181,1.2,1981,1,83.33333333333334
Automation and precision aquaculture,1987,1,46,161.5677886982338,38.12119473544173,1.2,1981,1,83.33333333333334
Automation and precision aquaculture,1988,1,56,167.9122408828045,39.61813975874366,1.2,1981,1,83.33333333333334
Automation and precision aquaculture,1989,0,60,174.50582734003322,41.17386689573167,1.2,1981,1,0
Automation and precision aquaculture,1990,1,82,181.3583310872725,42.79068440545048,1.2,1981,1,83.33333333333334
Automation and precision aquaculture,1991,1,106,188.4799193018998,44.470991187778814,1.2,1981,1,83.33333333333334
Automation and precision aquaculture,1992,0,96,195.88115840653418,46.21728034271864,1.2,1981,1,0
Automation and precision aquaculture,1993,2,113,203.5730297466174,48.03214286944999,1.2,1981,1,166.66666666666669
Automation and precision aquaculture,1994,1,119,211.56694588362595,49.91827151064136,1.2,1981,1,83.33333333333334
Automation and precision aquaculture,1995,1,140,219.87476752808362,51.87846474771789,1.2,1981,1,83.33333333333334
Automation and precision aquaculture,1996,1,129,228.50882113750066,53.915630953016276,1.2,1981,1,83.33333333333334
Automation and precision aquaculture,1997,2,152,237.48191720535155,56.03279270498688,1.2,1981,1,166.66666666666669
Automation and precision aquaculture,1998,0,144,246.80736926822323,58.23309127284519,1.2,1981,1,0
Automation and precision aquaculture,1999,0,112,256.49901365933715,60.51979127732662,1.2,1981,1,0
Automation and precision aquaculture,2000,4,150,266.57123003775587,62.89628553446071,1.2,1981,1,333.33333333333337
Automation and precision aquaculture,2001,0,160,277.03896272372793,65.36610008955,1.2,1981,1,0
Automation and precision aquaculture,2002,0,204,287.91774287183404,67.93289944882441,1.2,1981,1,0
Automation and precision aquaculture,2003,0,213,299.2237115148268,70.60049201653179,1.2,1981,1,0
Automation and precision aquaculture,2004,1,263,310.97364351235706,73.37283574553243,1.2,1981,1,83.33333333333334
Automation and precision aquaculture,2005,0,241,323.18497244012303,76.25404400978212,1.2,1981,1,0
Automation and precision aquaculture,2006,1,274,335.8758164563633,79.24839170741511,1.2,1981,1,83.33333333333334
Automation and precision aquaculture,2007,1,255,349.0650051840811,82.36032160348431,1.2,1981,1,83.33333333333334
Automation and precision aquaculture,2008,1,283,362.7721076488781,85.59445092176773,1.2,1981,1,83.33333333333334
Automation and precision aquaculture,2009,0,333,377.0174613138527,88.95557819542258,1.2,1981,1,0
Automation and precision aquaculture,2010,1,341,391.82220225464465,92.44869038665148,1.2,1981,1,83.33333333333334
Automation and precision aquaculture,2011,2,402,407.20829651939215,96.07897028594378,1.2,1981,1,166.66666666666669
Automation and precision aquaculture,2012,3,392,423.1985727201334,99.85180420187038,1.2,1981,1,250
Automation and precision aquaculture,2013,0,432,439.8167559040124,103.77278995284276,1.2,1981,1,0
Automation and precision aquaculture,2014,0,460,457.0875027545355,107.84774517269163,1.2,1981,1,0
Automation and precision aquaculture,2015,3,464,475.0364381751183,112.08271594239052,1.2,1981,1,250
Automation and precision aquaculture,2016,1,598,493.69019330919355,116.48398576072964,1.2,1981,1,83.33333333333334
Automation and precision aquaculture,2017,5,509,513.0764450532943,121.05808486725061,1.2,1981,1,416.6666666666667
Automation and precision aquaculture,2018,2,516,533.2239571217427,125.8117999312755,1.2,1981,1,166.66666666666669
Automation and precision aquaculture,2019,1,582,554.1626227238637,130.75218412140384,1.2,1981,1,83.33333333333334
Automation and precision aquaculture,2020,4,673,575.923508917055,135.88656757042048,1.2,1981,1,333.33333333333337
Automation and precision aquaculture,2021,7,679,598.538902701512,141.22256825113917,1.2,1981,1,583.3333333333334
Automation and precision aquaculture,2022,10,644,622.0423589250028,146.76810327931904,1.2,1981,1,833.3333333333334
Automation and precision aquaculture,2023,10,655,646.4687500687738,152.53140066042593,1.2,1981,1,833.3333333333334
Automation and precision aquaculture,2024,17,744,671.8543179884482,158.52101149766497,1.2,1981,1,1416.6666666666667
Automation and precision aquaculture,2025,28,720,698.2367276866855,164.7458226793984,1.2,1981,1,2333.3333333333335
Automation and precision aquaculture,2026,21,487,725.6551231973979,171.21507006477566,1.2,1981,1,1750
By-products and waste as inputs,1928,0,1,16.650518638445515,3.9286151563775307,7,1974,1,0
By-products and waste as inputs,1929,0,0,17.304352055372615,4.082884217135492,7,1974,1,0
By-products and waste as inputs,1930,0,0,17.983860236334,4.2432111232562155,7,1974,1,0
By-products and waste as inputs,1931,0,0,18.69005137927603,4.40983375452103,7,1974,1,0
By-products and waste as inputs,1932,0,0,19.423973272113596,4.582999331786684,7,1974,1,0
By-products and waste as inputs,1933,0,0,20.186714847350938,4.762964783791154,7,1974,1,0
By-products and waste as inputs,1934,0,0,20.979407797749552,4.949997128363235,7,1974,1,0
By-products and waste as inputs,1935,0,0,21.803228255440114,5.144373868601471,7,1974,1,0
By-products and waste as inputs,1936,0,0,22.65939853696996,5.3463834046102665,7,1974,1,0
By-products and waste as inputs,1937,0,0,23.54918895687505,5.556325461404061,7,1974,1,0
By-products and waste as inputs,1938,0,0,24.473919712467477,5.774511533614483,7,1974,1,0
By-products and waste as inputs,1939,0,0,25.43496284263486,6.001265347660276,7,1974,1,0
By-products and waste as inputs,1940,0,0,26.433744263557983,6.23692334206574,7,1974,1,0
By-products and waste as inputs,1941,0,0,27.47174588436712,6.481835166640349,7,1974,1,0
By-products and waste as inputs,1942,0,0,28.550507805875988,6.736364201260158,7,1974,1,0
By-products and waste as inputs,1943,0,0,29.671630605655782,7.000888095020774,7,1974,1,0
By-products and waste as inputs,1944,0,0,30.83677771283956,7.275799326561785,7,1974,1,0
By-products and waste as inputs,1945,0,0,32.04767787618063,7.561505786394071,7,1974,1,0
By-products and waste as inputs,1946,0,0,33.30612772902668,7.85843138209393,7,1974,1,0
By-products and waste as inputs,1947,0,0,34.61399445501552,8.167016667262041,7,1974,1,0
By-products and waste as inputs,1948,0,0,35.97321855844748,8.487719495180377,7,1974,1,0
By-products and waste as inputs,1949,0,0,37.38581674344496,8.821015698137009,7,1974,1,0
By-products and waste as inputs,1950,0,0,38.85388490617092,9.167399793426604,7,1974,1,0
By-products and waste as inputs,1951,0,0,40.379601244545924,9.527385717074234,7,1974,1,0
By-products and waste as inputs,1952,0,0,41.965229490077846,9.901507586371068,7,1974,1,0
By-products and waste as inputs,1953,0,1,43.61312226659913,10.290320492353375,7,1974,1,0
By-products and waste as inputs,1954,0,0,45.32572458089509,10.6944013234006,7,1974,1,0
By-products and waste as inputs,1955,0,1,47.10557745040246,11.114349621174552,7,1974,1,0
By-products and waste as inputs,1956,0,0,48.95532167336056,11.550788470169673,7,1974,1,0
By-products and waste as inputs,1957,0,0,50.877701747008906,12.004365422194162,7,1974,1,0
By-products and waste as inputs,1958,0,0,52.875569939645,12.475753457153743,7,1974,1,0
By-products and waste as inputs,1959,0,0,54.95189052258351,12.965651981563456,7,1974,1,0
By-products and waste as inputs,1960,0,0,57.10974416829665,13.474787866269123,7,1974,1,0
By-products and waste as inputs,1961,0,0,59.35233252126079,14.003916524918113,7,1974,1,0
By-products and waste as inputs,1962,0,0,61.68298294829108,14.55382303477946,7,1974,1,0
By-products and waste as inputs,1963,0,0,64.10515347541298,15.125323301576582,7,1974,1,0
By-products and waste as inputs,1964,0,0,66.62243791859467,15.71926527006053,7,1974,1,0
By-products and waste as inputs,1965,0,0,69.2385712159533,16.336530182120143,7,1974,1,0
By-products and waste as inputs,1966,0,0,71.9574349693471,16.97803388429585,7,1974,1,0
By-products and waste as inputs,1967,0,1,74.78306320357426,17.64472818663678,7,1974,1,0
By-products and waste as inputs,1968,0,0,77.71964835172508,18.337602274917764,7,1974,1,0
By-products and waste as inputs,1969,0,1,80.77154747556676,19.057684178311202,7,1974,1,0
By-products and waste as inputs,1970,0,2,83.94328873019046,19.806042294691522,7,1974,1,0
By-products and waste as inputs,1971,0,0,87.23957808251319,20.58378697583558,7,1974,1,0
By-products and waste as inputs,1972,0,3,90.66530629360106,21.392072174870457,7,1974,1,0
By-products and waste as inputs,1973,0,5,94.22555617517597,22.23209715841369,7,1974,1,0
By-products and waste as inputs,1974,1,5,97.92561013107029,23.10510828594564,7,1974,1,14.285714285714286
By-products and waste as inputs,1975,0,14,101.77095799481978,24.012400859054377,7,1974,1,0
By-products and waste as inputs,1976,1,19,105.76730517502442,24.955321043297015,7,1974,1,14.285714285714286
By-products and waste as inputs,1977,0,21,109.92058112056064,25.935267865528562,7,1974,1,0
By-products and waste as inputs,1978,0,19,114.23694811820614,26.953695289662004,7,1974,1,0
By-products and waste as inputs,1979,0,19,118.72281043573119,28.01211437393967,7,1974,1,0
By-products and waste as inputs,1980,0,20,123.38482382401976,29.112095512916095,7,1974,1,0
By-products and waste as inputs,1981,1,14,128.22990539232202,30.255270767479498,7,1974,1,14.285714285714286
By-products and waste as inputs,1982,0,20,133.2652438712878,31.443336286368506,7,1974,1,0
By-products and waste as inputs,1983,0,17,138.49831027900908,32.678054822777014,7,1974,1,0
By-products and waste as inputs,1984,0,25,143.93686900589861,33.96125834978152,7,1974,1,0
By-products and waste as inputs,1985,0,30,149.58898933484832,35.29485077847084,7,1974,1,0
By-products and waste as inputs,1986,1,38,155.46305741376344,36.68081078281181,7,1974,1,14.285714285714286
By-products and waste as inputs,1987,0,46,161.5677886982338,38.12119473544173,7,1974,1,0
By-products and waste as inputs,1988,0,56,167.9122408828045,39.61813975874366,7,1974,1,0
By-products and waste as inputs,1989,0,60,174.50582734003322,41.17386689573167,7,1974,1,0
By-products and waste as inputs,1990,1,82,181.3583310872725,42.79068440545048,7,1974,1,14.285714285714286
By-products and waste as inputs,1991,2,106,188.4799193018998,44.470991187778814,7,1974,1,28.571428571428573
By-products and waste as inputs,1992,3,96,195.88115840653418,46.21728034271864,7,1974,1,42.857142857142854
By-products and waste as inputs,1993,3,113,203.5730297466174,48.03214286944999,7,1974,1,42.857142857142854
By-products and waste as inputs,1994,4,119,211.56694588362595,49.91827151064136,7,1974,1,57.142857142857146
By-products and waste as inputs,1995,1,140,219.87476752808362,51.87846474771789,7,1974,1,14.285714285714286
By-products and waste as inputs,1996,1,129,228.50882113750066,53.915630953016276,7,1974,1,14.285714285714286
By-products and waste as inputs,1997,1,152,237.48191720535155,56.03279270498688,7,1974,1,14.285714285714286
By-products and waste as inputs,1998,4,144,246.80736926822323,58.23309127284519,7,1974,1,57.142857142857146
By-products and waste as inputs,1999,0,112,256.49901365933715,60.51979127732662,7,1974,1,0
By-products and waste as inputs,2000,4,150,266.57123003775587,62.89628553446071,7,1974,1,57.142857142857146
By-products and waste as inputs,2001,2,160,277.03896272372793,65.36610008955,7,1974,1,28.571428571428573
By-products and waste as inputs,2002,1,204,287.91774287183404,67.93289944882441,7,1974,1,14.285714285714286
By-products and waste as inputs,2003,1,213,299.2237115148268,70.60049201653179,7,1974,1,14.285714285714286
By-products and waste as inputs,2004,3,263,310.97364351235706,73.37283574553243,7,1974,1,42.857142857142854
By-products and waste as inputs,2005,1,241,323.18497244012303,76.25404400978212,7,1974,1,14.285714285714286
By-products and waste as inputs,2006,3,274,335.8758164563633,79.24839170741511,7,1974,1,42.857142857142854
By-products and waste as inputs,2007,5,255,349.0650051840811,82.36032160348431,7,1974,1,71.42857142857143
By-products and waste as inputs,2008,2,283,362.7721076488781,85.59445092176773,7,1974,1,28.571428571428573
By-products and waste as inputs,2009,1,333,377.0174613138527,88.95557819542258,7,1974,1,14.285714285714286
By-products and waste as inputs,2010,2,341,391.82220225464465,92.44869038665148,7,1974,1,28.571428571428573
By-products and waste as inputs,2011,6,402,407.20829651939215,96.07897028594378,7,1974,1,85.71428571428571
By-products and waste as inputs,2012,10,392,423.1985727201334,99.85180420187038,7,1974,1,142.85714285714286
By-products and waste as inputs,2013,9,432,439.8167559040124,103.77278995284276,7,1974,1,128.57142857142858
By-products and waste as inputs,2014,8,460,457.0875027545355,107.84774517269163,7,1974,1,114.28571428571429
By-products and waste as inputs,2015,8,464,475.0364381751183,112.08271594239052,7,1974,1,114.28571428571429
By-products and waste as inputs,2016,11,598,493.69019330919355,116.48398576072964,7,1974,1,157.14285714285714
By-products and waste as inputs,2017,10,509,513.0764450532943,121.05808486725061,7,1974,1,142.85714285714286
By-products and waste as inputs,2018,7,516,533.2239571217427,125.8117999312755,7,1974,1,100
By-products and waste as inputs,2019,14,582,554.1626227238637,130.75218412140384,7,1974,1,200
By-products and waste as inputs,2020,14,673,575.923508917055,135.88656757042048,7,1974,1,200
By-products and waste as inputs,2021,18,679,598.538902701512,141.22256825113917,7,1974,1,257.14285714285717
By-products and waste as inputs,2022,14,644,622.0423589250028,146.76810327931904,7,1974,1,200
By-products and waste as inputs,2023,29,655,646.4687500687738,152.53140066042593,7,1974,1,414.2857142857143
By-products and waste as inputs,2024,25,744,671.8543179884482,158.52101149766497,7,1974,1,357.14285714285717
By-products and waste as inputs,2025,34,720,698.2367276866855,164.7458226793984,7,1974,1,485.7142857142857
By-products and waste as inputs,2026,19,487,725.6551231973979,171.21507006477566,7,1974,1,271.42857142857144
Climate change,1928,0,1,16.650518638445515,3.9286151563775307,2.6,2002,2,0
Climate change,1929,0,0,17.304352055372615,4.082884217135492,2.6,2002,2,0
Climate change,1930,0,0,17.983860236334,4.2432111232562155,2.6,2002,2,0
Climate change,1931,0,0,18.69005137927603,4.40983375452103,2.6,2002,2,0
Climate change,1932,0,0,19.423973272113596,4.582999331786684,2.6,2002,2,0
Climate change,1933,0,0,20.186714847350938,4.762964783791154,2.6,2002,2,0
Climate change,1934,0,0,20.979407797749552,4.949997128363235,2.6,2002,2,0
Climate change,1935,0,0,21.803228255440114,5.144373868601471,2.6,2002,2,0
Climate change,1936,0,0,22.65939853696996,5.3463834046102665,2.6,2002,2,0
Climate change,1937,0,0,23.54918895687505,5.556325461404061,2.6,2002,2,0
Climate change,1938,0,0,24.473919712467477,5.774511533614483,2.6,2002,2,0
Climate change,1939,0,0,25.43496284263486,6.001265347660276,2.6,2002,2,0
Climate change,1940,0,0,26.433744263557983,6.23692334206574,2.6,2002,2,0
Climate change,1941,0,0,27.47174588436712,6.481835166640349,2.6,2002,2,0
Climate change,1942,0,0,28.550507805875988,6.736364201260158,2.6,2002,2,0
Climate change,1943,0,0,29.671630605655782,7.000888095020774,2.6,2002,2,0
Climate change,1944,0,0,30.83677771283956,7.275799326561785,2.6,2002,2,0
Climate change,1945,0,0,32.04767787618063,7.561505786394071,2.6,2002,2,0
Climate change,1946,0,0,33.30612772902668,7.85843138209393,2.6,2002,2,0
Climate change,1947,0,0,34.61399445501552,8.167016667262041,2.6,2002,2,0
Climate change,1948,0,0,35.97321855844748,8.487719495180377,2.6,2002,2,0
Climate change,1949,0,0,37.38581674344496,8.821015698137009,2.6,2002,2,0
Climate change,1950,0,0,38.85388490617092,9.167399793426604,2.6,2002,2,0
Climate change,1951,0,0,40.379601244545924,9.527385717074234,2.6,2002,2,0
Climate change,1952,0,0,41.965229490077846,9.901507586371068,2.6,2002,2,0
Climate change,1953,0,1,43.61312226659913,10.290320492353375,2.6,2002,2,0
Climate change,1954,0,0,45.32572458089509,10.6944013234006,2.6,2002,2,0
Climate change,1955,0,1,47.10557745040246,11.114349621174552,2.6,2002,2,0
Climate change,1956,0,0,48.95532167336056,11.550788470169673,2.6,2002,2,0
Climate change,1957,0,0,50.877701747008906,12.004365422194162,2.6,2002,2,0
Climate change,1958,0,0,52.875569939645,12.475753457153743,2.6,2002,2,0
Climate change,1959,0,0,54.95189052258351,12.965651981563456,2.6,2002,2,0
Climate change,1960,0,0,57.10974416829665,13.474787866269123,2.6,2002,2,0
Climate change,1961,0,0,59.35233252126079,14.003916524918113,2.6,2002,2,0
Climate change,1962,0,0,61.68298294829108,14.55382303477946,2.6,2002,2,0
Climate change,1963,0,0,64.10515347541298,15.125323301576582,2.6,2002,2,0
Climate change,1964,0,0,66.62243791859467,15.71926527006053,2.6,2002,2,0
Climate change,1965,0,0,69.2385712159533,16.336530182120143,2.6,2002,2,0
Climate change,1966,0,0,71.9574349693471,16.97803388429585,2.6,2002,2,0
Climate change,1967,0,1,74.78306320357426,17.64472818663678,2.6,2002,2,0
Climate change,1968,0,0,77.71964835172508,18.337602274917764,2.6,2002,2,0
Climate change,1969,0,1,80.77154747556676,19.057684178311202,2.6,2002,2,0
Climate change,1970,0,2,83.94328873019046,19.806042294691522,2.6,2002,2,0
Climate change,1971,0,0,87.23957808251319,20.58378697583558,2.6,2002,2,0
Climate change,1972,0,3,90.66530629360106,21.392072174870457,2.6,2002,2,0
Climate change,1973,0,5,94.22555617517597,22.23209715841369,2.6,2002,2,0
Climate change,1974,0,5,97.92561013107029,23.10510828594564,2.6,2002,2,0
Climate change,1975,0,14,101.77095799481978,24.012400859054377,2.6,2002,2,0
Climate change,1976,0,19,105.76730517502442,24.955321043297015,2.6,2002,2,0
Climate change,1977,0,21,109.92058112056064,25.935267865528562,2.6,2002,2,0
Climate change,1978,0,19,114.23694811820614,26.953695289662004,2.6,2002,2,0
Climate change,1979,0,19,118.72281043573119,28.01211437393967,2.6,2002,2,0
Climate change,1980,0,20,123.38482382401976,29.112095512916095,2.6,2002,2,0
Climate change,1981,0,14,128.22990539232202,30.255270767479498,2.6,2002,2,0
Climate change,1982,0,20,133.2652438712878,31.443336286368506,2.6,2002,2,0
Climate change,1983,0,17,138.49831027900908,32.678054822777014,2.6,2002,2,0
Climate change,1984,0,25,143.93686900589861,33.96125834978152,2.6,2002,2,0
Climate change,1985,0,30,149.58898933484832,35.29485077847084,2.6,2002,2,0
Climate change,1986,0,38,155.46305741376344,36.68081078281181,2.6,2002,2,0
Climate change,1987,0,46,161.5677886982338,38.12119473544173,2.6,2002,2,0
Climate change,1988,0,56,167.9122408828045,39.61813975874366,2.6,2002,2,0
Climate change,1989,0,60,174.50582734003322,41.17386689573167,2.6,2002,2,0
Climate change,1990,0,82,181.3583310872725,42.79068440545048,2.6,2002,2,0
Climate change,1991,0,106,188.4799193018998,44.470991187778814,2.6,2002,2,0
Climate change,1992,0,96,195.88115840653418,46.21728034271864,2.6,2002,2,0
Climate change,1993,0,113,203.5730297466174,48.03214286944999,2.6,2002,2,0
Climate change,1994,0,119,211.56694588362595,49.91827151064136,2.6,2002,2,0
Climate change,1995,0,140,219.87476752808362,51.87846474771789,2.6,2002,2,0
Climate change,1996,0,129,228.50882113750066,53.915630953016276,2.6,2002,2,0
Climate change,1997,0,152,237.48191720535155,56.03279270498688,2.6,2002,2,0
Climate change,1998,0,144,246.80736926822323,58.23309127284519,2.6,2002,2,0
Climate change,1999,0,112,256.49901365933715,60.51979127732662,2.6,2002,2,0
Climate change,2000,0,150,266.57123003775587,62.89628553446071,2.6,2002,2,0
Climate change,2001,0,160,277.03896272372793,65.36610008955,2.6,2002,2,0
Climate change,2002,2,204,287.91774287183404,67.93289944882441,2.6,2002,2,76.92307692307692
Climate change,2003,0,213,299.2237115148268,70.60049201653179,2.6,2002,2,0
Climate change,2004,1,263,310.97364351235706,73.37283574553243,2.6,2002,2,38.46153846153846
Climate change,2005,1,241,323.18497244012303,76.25404400978212,2.6,2002,2,38.46153846153846
Climate change,2006,3,274,335.8758164563633,79.24839170741511,2.6,2002,2,115.38461538461539
Climate change,2007,0,255,349.0650051840811,82.36032160348431,2.6,2002,2,0
Climate change,2008,3,283,362.7721076488781,85.59445092176773,2.6,2002,2,115.38461538461539
Climate change,2009,0,333,377.0174613138527,88.95557819542258,2.6,2002,2,0
Climate change,2010,4,341,391.82220225464465,92.44869038665148,2.6,2002,2,153.84615384615384
Climate change,2011,3,402,407.20829651939215,96.07897028594378,2.6,2002,2,115.38461538461539
Climate change,2012,2,392,423.1985727201334,99.85180420187038,2.6,2002,2,76.92307692307692
Climate change,2013,2,432,439.8167559040124,103.77278995284276,2.6,2002,2,76.92307692307692
Climate change,2014,2,460,457.0875027545355,107.84774517269163,2.6,2002,2,76.92307692307692
Climate change,2015,0,464,475.0364381751183,112.08271594239052,2.6,2002,2,0
Climate change,2016,2,598,493.69019330919355,116.48398576072964,2.6,2002,2,76.92307692307692
Climate change,2017,3,509,513.0764450532943,121.05808486725061,2.6,2002,2,115.38461538461539
Climate change,2018,5,516,533.2239571217427,125.8117999312755,2.6,2002,2,192.3076923076923
Climate change,2019,13,582,554.1626227238637,130.75218412140384,2.6,2002,2,500
Climate change,2020,11,673,575.923508917055,135.88656757042048,2.6,2002,2,423.07692307692304
Climate change,2021,11,679,598.538902701512,141.22256825113917,2.6,2002,2,423.07692307692304
Climate change,2022,20,644,622.0423589250028,146.76810327931904,2.6,2002,2,769.2307692307692
Climate change,2023,15,655,646.4687500687738,152.53140066042593,2.6,2002,2,576.9230769230769
Climate change,2024,23,744,671.8543179884482,158.52101149766497,2.6,2002,2,884.6153846153846
Climate change,2025,30,720,698.2367276866855,164.7458226793984,2.6,2002,2,1153.8461538461538
Climate change,2026,21,487,725.6551231973979,171.21507006477566,2.6,2002,2,807.6923076923076
"Energy, greenhouse gases and life-cycle footprint",1928,0,1,16.650518638445515,3.9286151563775307,3.8,1976,1,0
"Energy, greenhouse gases and life-cycle footprint",1929,0,0,17.304352055372615,4.082884217135492,3.8,1976,1,0
"Energy, greenhouse gases and life-cycle footprint",1930,0,0,17.983860236334,4.2432111232562155,3.8,1976,1,0
"Energy, greenhouse gases and life-cycle footprint",1931,0,0,18.69005137927603,4.40983375452103,3.8,1976,1,0
"Energy, greenhouse gases and life-cycle footprint",1932,0,0,19.423973272113596,4.582999331786684,3.8,1976,1,0
"Energy, greenhouse gases and life-cycle footprint",1933,0,0,20.186714847350938,4.762964783791154,3.8,1976,1,0
"Energy, greenhouse gases and life-cycle footprint",1934,0,0,20.979407797749552,4.949997128363235,3.8,1976,1,0
"Energy, greenhouse gases and life-cycle footprint",1935,0,0,21.803228255440114,5.144373868601471,3.8,1976,1,0
"Energy, greenhouse gases and life-cycle footprint",1936,0,0,22.65939853696996,5.3463834046102665,3.8,1976,1,0
"Energy, greenhouse gases and life-cycle footprint",1937,0,0,23.54918895687505,5.556325461404061,3.8,1976,1,0
"Energy, greenhouse gases and life-cycle footprint",1938,0,0,24.473919712467477,5.774511533614483,3.8,1976,1,0
"Energy, greenhouse gases and life-cycle footprint",1939,0,0,25.43496284263486,6.001265347660276,3.8,1976,1,0
"Energy, greenhouse gases and life-cycle footprint",1940,0,0,26.433744263557983,6.23692334206574,3.8,1976,1,0
"Energy, greenhouse gases and life-cycle footprint",1941,0,0,27.47174588436712,6.481835166640349,3.8,1976,1,0
"Energy, greenhouse gases and life-cycle footprint",1942,0,0,28.550507805875988,6.736364201260158,3.8,1976,1,0
"Energy, greenhouse gases and life-cycle footprint",1943,0,0,29.671630605655782,7.000888095020774,3.8,1976,1,0
"Energy, greenhouse gases and life-cycle footprint",1944,0,0,30.83677771283956,7.275799326561785,3.8,1976,1,0
"Energy, greenhouse gases and life-cycle footprint",1945,0,0,32.04767787618063,7.561505786394071,3.8,1976,1,0
"Energy, greenhouse gases and life-cycle footprint",1946,0,0,33.30612772902668,7.85843138209393,3.8,1976,1,0
"Energy, greenhouse gases and life-cycle footprint",1947,0,0,34.61399445501552,8.167016667262041,3.8,1976,1,0
"Energy, greenhouse gases and life-cycle footprint",1948,0,0,35.97321855844748,8.487719495180377,3.8,1976,1,0
"Energy, greenhouse gases and life-cycle footprint",1949,0,0,37.38581674344496,8.821015698137009,3.8,1976,1,0
"Energy, greenhouse gases and life-cycle footprint",1950,0,0,38.85388490617092,9.167399793426604,3.8,1976,1,0
"Energy, greenhouse gases and life-cycle footprint",1951,0,0,40.379601244545924,9.527385717074234,3.8,1976,1,0
"Energy, greenhouse gases and life-cycle footprint",1952,0,0,41.965229490077846,9.901507586371068,3.8,1976,1,0
"Energy, greenhouse gases and life-cycle footprint",1953,0,1,43.61312226659913,10.290320492353375,3.8,1976,1,0
"Energy, greenhouse gases and life-cycle footprint",1954,0,0,45.32572458089509,10.6944013234006,3.8,1976,1,0
"Energy, greenhouse gases and life-cycle footprint",1955,0,1,47.10557745040246,11.114349621174552,3.8,1976,1,0
"Energy, greenhouse gases and life-cycle footprint",1956,0,0,48.95532167336056,11.550788470169673,3.8,1976,1,0
"Energy, greenhouse gases and life-cycle footprint",1957,0,0,50.877701747008906,12.004365422194162,3.8,1976,1,0
"Energy, greenhouse gases and life-cycle footprint",1958,0,0,52.875569939645,12.475753457153743,3.8,1976,1,0
"Energy, greenhouse gases and life-cycle footprint",1959,0,0,54.95189052258351,12.965651981563456,3.8,1976,1,0
"Energy, greenhouse gases and life-cycle footprint",1960,0,0,57.10974416829665,13.474787866269123,3.8,1976,1,0
"Energy, greenhouse gases and life-cycle footprint",1961,0,0,59.35233252126079,14.003916524918113,3.8,1976,1,0
"Energy, greenhouse gases and life-cycle footprint",1962,0,0,61.68298294829108,14.55382303477946,3.8,1976,1,0
"Energy, greenhouse gases and life-cycle footprint",1963,0,0,64.10515347541298,15.125323301576582,3.8,1976,1,0
"Energy, greenhouse gases and life-cycle footprint",1964,0,0,66.62243791859467,15.71926527006053,3.8,1976,1,0
"Energy, greenhouse gases and life-cycle footprint",1965,0,0,69.2385712159533,16.336530182120143,3.8,1976,1,0
"Energy, greenhouse gases and life-cycle footprint",1966,0,0,71.9574349693471,16.97803388429585,3.8,1976,1,0
"Energy, greenhouse gases and life-cycle footprint",1967,0,1,74.78306320357426,17.64472818663678,3.8,1976,1,0
"Energy, greenhouse gases and life-cycle footprint",1968,0,0,77.71964835172508,18.337602274917764,3.8,1976,1,0
"Energy, greenhouse gases and life-cycle footprint",1969,0,1,80.77154747556676,19.057684178311202,3.8,1976,1,0
"Energy, greenhouse gases and life-cycle footprint",1970,0,2,83.94328873019046,19.806042294691522,3.8,1976,1,0
"Energy, greenhouse gases and life-cycle footprint",1971,0,0,87.23957808251319,20.58378697583558,3.8,1976,1,0
"Energy, greenhouse gases and life-cycle footprint",1972,0,3,90.66530629360106,21.392072174870457,3.8,1976,1,0
"Energy, greenhouse gases and life-cycle footprint",1973,0,5,94.22555617517597,22.23209715841369,3.8,1976,1,0
"Energy, greenhouse gases and life-cycle footprint",1974,0,5,97.92561013107029,23.10510828594564,3.8,1976,1,0
"Energy, greenhouse gases and life-cycle footprint",1975,0,14,101.77095799481978,24.012400859054377,3.8,1976,1,0
"Energy, greenhouse gases and life-cycle footprint",1976,1,19,105.76730517502442,24.955321043297015,3.8,1976,1,26.315789473684212
"Energy, greenhouse gases and life-cycle footprint",1977,0,21,109.92058112056064,25.935267865528562,3.8,1976,1,0
"Energy, greenhouse gases and life-cycle footprint",1978,0,19,114.23694811820614,26.953695289662004,3.8,1976,1,0
"Energy, greenhouse gases and life-cycle footprint",1979,0,19,118.72281043573119,28.01211437393967,3.8,1976,1,0
"Energy, greenhouse gases and life-cycle footprint",1980,0,20,123.38482382401976,29.112095512916095,3.8,1976,1,0
"Energy, greenhouse gases and life-cycle footprint",1981,0,14,128.22990539232202,30.255270767479498,3.8,1976,1,0
"Energy, greenhouse gases and life-cycle footprint",1982,0,20,133.2652438712878,31.443336286368506,3.8,1976,1,0
"Energy, greenhouse gases and life-cycle footprint",1983,0,17,138.49831027900908,32.678054822777014,3.8,1976,1,0
"Energy, greenhouse gases and life-cycle footprint",1984,0,25,143.93686900589861,33.96125834978152,3.8,1976,1,0
"Energy, greenhouse gases and life-cycle footprint",1985,0,30,149.58898933484832,35.29485077847084,3.8,1976,1,0
"Energy, greenhouse gases and life-cycle footprint",1986,0,38,155.46305741376344,36.68081078281181,3.8,1976,1,0
"Energy, greenhouse gases and life-cycle footprint",1987,0,46,161.5677886982338,38.12119473544173,3.8,1976,1,0
"Energy, greenhouse gases and life-cycle footprint",1988,1,56,167.9122408828045,39.61813975874366,3.8,1976,1,26.315789473684212
"Energy, greenhouse gases and life-cycle footprint",1989,1,60,174.50582734003322,41.17386689573167,3.8,1976,1,26.315789473684212
"Energy, greenhouse gases and life-cycle footprint",1990,1,82,181.3583310872725,42.79068440545048,3.8,1976,1,26.315789473684212
"Energy, greenhouse gases and life-cycle footprint",1991,0,106,188.4799193018998,44.470991187778814,3.8,1976,1,0
"Energy, greenhouse gases and life-cycle footprint",1992,1,96,195.88115840653418,46.21728034271864,3.8,1976,1,26.315789473684212
"Energy, greenhouse gases and life-cycle footprint",1993,0,113,203.5730297466174,48.03214286944999,3.8,1976,1,0
"Energy, greenhouse gases and life-cycle footprint",1994,0,119,211.56694588362595,49.91827151064136,3.8,1976,1,0
"Energy, greenhouse gases and life-cycle footprint",1995,0,140,219.87476752808362,51.87846474771789,3.8,1976,1,0
"Energy, greenhouse gases and life-cycle footprint",1996,0,129,228.50882113750066,53.915630953016276,3.8,1976,1,0
"Energy, greenhouse gases and life-cycle footprint",1997,0,152,237.48191720535155,56.03279270498688,3.8,1976,1,0
"Energy, greenhouse gases and life-cycle footprint",1998,0,144,246.80736926822323,58.23309127284519,3.8,1976,1,0
"Energy, greenhouse gases and life-cycle footprint",1999,0,112,256.49901365933715,60.51979127732662,3.8,1976,1,0
"Energy, greenhouse gases and life-cycle footprint",2000,0,150,266.57123003775587,62.89628553446071,3.8,1976,1,0
"Energy, greenhouse gases and life-cycle footprint",2001,1,160,277.03896272372793,65.36610008955,3.8,1976,1,26.315789473684212
"Energy, greenhouse gases and life-cycle footprint",2002,0,204,287.91774287183404,67.93289944882441,3.8,1976,1,0
"Energy, greenhouse gases and life-cycle footprint",2003,0,213,299.2237115148268,70.60049201653179,3.8,1976,1,0
"Energy, greenhouse gases and life-cycle footprint",2004,1,263,310.97364351235706,73.37283574553243,3.8,1976,1,26.315789473684212
"Energy, greenhouse gases and life-cycle footprint",2005,1,241,323.18497244012303,76.25404400978212,3.8,1976,1,26.315789473684212
"Energy, greenhouse gases and life-cycle footprint",2006,4,274,335.8758164563633,79.24839170741511,3.8,1976,1,105.26315789473685
"Energy, greenhouse gases and life-cycle footprint",2007,3,255,349.0650051840811,82.36032160348431,3.8,1976,1,78.94736842105263
"Energy, greenhouse gases and life-cycle footprint",2008,1,283,362.7721076488781,85.59445092176773,3.8,1976,1,26.315789473684212
"Energy, greenhouse gases and life-cycle footprint",2009,7,333,377.0174613138527,88.95557819542258,3.8,1976,1,184.21052631578948
"Energy, greenhouse gases and life-cycle footprint",2010,1,341,391.82220225464465,92.44869038665148,3.8,1976,1,26.315789473684212
"Energy, greenhouse gases and life-cycle footprint",2011,5,402,407.20829651939215,96.07897028594378,3.8,1976,1,131.57894736842107
"Energy, greenhouse gases and life-cycle footprint",2012,4,392,423.1985727201334,99.85180420187038,3.8,1976,1,105.26315789473685
"Energy, greenhouse gases and life-cycle footprint",2013,4,432,439.8167559040124,103.77278995284276,3.8,1976,1,105.26315789473685
"Energy, greenhouse gases and life-cycle footprint",2014,5,460,457.0875027545355,107.84774517269163,3.8,1976,1,131.57894736842107
"Energy, greenhouse gases and life-cycle footprint",2015,6,464,475.0364381751183,112.08271594239052,3.8,1976,1,157.89473684210526
"Energy, greenhouse gases and life-cycle footprint",2016,6,598,493.69019330919355,116.48398576072964,3.8,1976,1,157.89473684210526
"Energy, greenhouse gases and life-cycle footprint",2017,7,509,513.0764450532943,121.05808486725061,3.8,1976,1,184.21052631578948
"Energy, greenhouse gases and life-cycle footprint",2018,0,516,533.2239571217427,125.8117999312755,3.8,1976,1,0
"Energy, greenhouse gases and life-cycle footprint",2019,5,582,554.1626227238637,130.75218412140384,3.8,1976,1,131.57894736842107
"Energy, greenhouse gases and life-cycle footprint",2020,4,673,575.923508917055,135.88656757042048,3.8,1976,1,105.26315789473685
"Energy, greenhouse gases and life-cycle footprint",2021,9,679,598.538902701512,141.22256825113917,3.8,1976,1,236.84210526315792
"Energy, greenhouse gases and life-cycle footprint",2022,15,644,622.0423589250028,146.76810327931904,3.8,1976,1,394.7368421052632
"Energy, greenhouse gases and life-cycle footprint",2023,12,655,646.4687500687738,152.53140066042593,3.8,1976,1,315.7894736842105
"Energy, greenhouse gases and life-cycle footprint",2024,16,744,671.8543179884482,158.52101149766497,3.8,1976,1,421.0526315789474
"Energy, greenhouse gases and life-cycle footprint",2025,19,720,698.2367276866855,164.7458226793984,3.8,1976,1,500
"Energy, greenhouse gases and life-cycle footprint",2026,8,487,725.6551231973979,171.21507006477566,3.8,1976,1,210.5263157894737
Monitoring and sampling methods,1928,0,1,16.650518638445515,3.9286151563775307,4,1975,1,0
Monitoring and sampling methods,1929,0,0,17.304352055372615,4.082884217135492,4,1975,1,0
Monitoring and sampling methods,1930,0,0,17.983860236334,4.2432111232562155,4,1975,1,0
Monitoring and sampling methods,1931,0,0,18.69005137927603,4.40983375452103,4,1975,1,0
Monitoring and sampling methods,1932,0,0,19.423973272113596,4.582999331786684,4,1975,1,0
Monitoring and sampling methods,1933,0,0,20.186714847350938,4.762964783791154,4,1975,1,0
Monitoring and sampling methods,1934,0,0,20.979407797749552,4.949997128363235,4,1975,1,0
Monitoring and sampling methods,1935,0,0,21.803228255440114,5.144373868601471,4,1975,1,0
Monitoring and sampling methods,1936,0,0,22.65939853696996,5.3463834046102665,4,1975,1,0
Monitoring and sampling methods,1937,0,0,23.54918895687505,5.556325461404061,4,1975,1,0
Monitoring and sampling methods,1938,0,0,24.473919712467477,5.774511533614483,4,1975,1,0
Monitoring and sampling methods,1939,0,0,25.43496284263486,6.001265347660276,4,1975,1,0
Monitoring and sampling methods,1940,0,0,26.433744263557983,6.23692334206574,4,1975,1,0
Monitoring and sampling methods,1941,0,0,27.47174588436712,6.481835166640349,4,1975,1,0
Monitoring and sampling methods,1942,0,0,28.550507805875988,6.736364201260158,4,1975,1,0
Monitoring and sampling methods,1943,0,0,29.671630605655782,7.000888095020774,4,1975,1,0
Monitoring and sampling methods,1944,0,0,30.83677771283956,7.275799326561785,4,1975,1,0
Monitoring and sampling methods,1945,0,0,32.04767787618063,7.561505786394071,4,1975,1,0
Monitoring and sampling methods,1946,0,0,33.30612772902668,7.85843138209393,4,1975,1,0
Monitoring and sampling methods,1947,0,0,34.61399445501552,8.167016667262041,4,1975,1,0
Monitoring and sampling methods,1948,0,0,35.97321855844748,8.487719495180377,4,1975,1,0
Monitoring and sampling methods,1949,0,0,37.38581674344496,8.821015698137009,4,1975,1,0
Monitoring and sampling methods,1950,0,0,38.85388490617092,9.167399793426604,4,1975,1,0
Monitoring and sampling methods,1951,0,0,40.379601244545924,9.527385717074234,4,1975,1,0
Monitoring and sampling methods,1952,0,0,41.965229490077846,9.901507586371068,4,1975,1,0
Monitoring and sampling methods,1953,0,1,43.61312226659913,10.290320492353375,4,1975,1,0
Monitoring and sampling methods,1954,0,0,45.32572458089509,10.6944013234006,4,1975,1,0
Monitoring and sampling methods,1955,0,1,47.10557745040246,11.114349621174552,4,1975,1,0
Monitoring and sampling methods,1956,0,0,48.95532167336056,11.550788470169673,4,1975,1,0
Monitoring and sampling methods,1957,0,0,50.877701747008906,12.004365422194162,4,1975,1,0
Monitoring and sampling methods,1958,0,0,52.875569939645,12.475753457153743,4,1975,1,0
Monitoring and sampling methods,1959,0,0,54.95189052258351,12.965651981563456,4,1975,1,0
Monitoring and sampling methods,1960,0,0,57.10974416829665,13.474787866269123,4,1975,1,0
Monitoring and sampling methods,1961,0,0,59.35233252126079,14.003916524918113,4,1975,1,0
Monitoring and sampling methods,1962,0,0,61.68298294829108,14.55382303477946,4,1975,1,0
Monitoring and sampling methods,1963,0,0,64.10515347541298,15.125323301576582,4,1975,1,0
Monitoring and sampling methods,1964,0,0,66.62243791859467,15.71926527006053,4,1975,1,0
Monitoring and sampling methods,1965,0,0,69.2385712159533,16.336530182120143,4,1975,1,0
Monitoring and sampling methods,1966,0,0,71.9574349693471,16.97803388429585,4,1975,1,0
Monitoring and sampling methods,1967,0,1,74.78306320357426,17.64472818663678,4,1975,1,0
Monitoring and sampling methods,1968,0,0,77.71964835172508,18.337602274917764,4,1975,1,0
Monitoring and sampling methods,1969,0,1,80.77154747556676,19.057684178311202,4,1975,1,0
Monitoring and sampling methods,1970,0,2,83.94328873019046,19.806042294691522,4,1975,1,0
Monitoring and sampling methods,1971,0,0,87.23957808251319,20.58378697583558,4,1975,1,0
Monitoring and sampling methods,1972,0,3,90.66530629360106,21.392072174870457,4,1975,1,0
Monitoring and sampling methods,1973,0,5,94.22555617517597,22.23209715841369,4,1975,1,0
Monitoring and sampling methods,1974,0,5,97.92561013107029,23.10510828594564,4,1975,1,0
Monitoring and sampling methods,1975,1,14,101.77095799481978,24.012400859054377,4,1975,1,25
Monitoring and sampling methods,1976,1,19,105.76730517502442,24.955321043297015,4,1975,1,25
Monitoring and sampling methods,1977,0,21,109.92058112056064,25.935267865528562,4,1975,1,0
Monitoring and sampling methods,1978,0,19,114.23694811820614,26.953695289662004,4,1975,1,0
Monitoring and sampling methods,1979,0,19,118.72281043573119,28.01211437393967,4,1975,1,0
Monitoring and sampling methods,1980,0,20,123.38482382401976,29.112095512916095,4,1975,1,0
Monitoring and sampling methods,1981,0,14,128.22990539232202,30.255270767479498,4,1975,1,0
Monitoring and sampling methods,1982,1,20,133.2652438712878,31.443336286368506,4,1975,1,25
Monitoring and sampling methods,1983,0,17,138.49831027900908,32.678054822777014,4,1975,1,0
Monitoring and sampling methods,1984,0,25,143.93686900589861,33.96125834978152,4,1975,1,0
Monitoring and sampling methods,1985,0,30,149.58898933484832,35.29485077847084,4,1975,1,0
Monitoring and sampling methods,1986,0,38,155.46305741376344,36.68081078281181,4,1975,1,0
Monitoring and sampling methods,1987,2,46,161.5677886982338,38.12119473544173,4,1975,1,50
Monitoring and sampling methods,1988,0,56,167.9122408828045,39.61813975874366,4,1975,1,0
Monitoring and sampling methods,1989,0,60,174.50582734003322,41.17386689573167,4,1975,1,0
Monitoring and sampling methods,1990,1,82,181.3583310872725,42.79068440545048,4,1975,1,25
Monitoring and sampling methods,1991,0,106,188.4799193018998,44.470991187778814,4,1975,1,0
Monitoring and sampling methods,1992,1,96,195.88115840653418,46.21728034271864,4,1975,1,25
Monitoring and sampling methods,1993,1,113,203.5730297466174,48.03214286944999,4,1975,1,25
Monitoring and sampling methods,1994,1,119,211.56694588362595,49.91827151064136,4,1975,1,25
Monitoring and sampling methods,1995,3,140,219.87476752808362,51.87846474771789,4,1975,1,75
Monitoring and sampling methods,1996,2,129,228.50882113750066,53.915630953016276,4,1975,1,50
Monitoring and sampling methods,1997,3,152,237.48191720535155,56.03279270498688,4,1975,1,75
Monitoring and sampling methods,1998,2,144,246.80736926822323,58.23309127284519,4,1975,1,50
Monitoring and sampling methods,1999,3,112,256.49901365933715,60.51979127732662,4,1975,1,75
Monitoring and sampling methods,2000,4,150,266.57123003775587,62.89628553446071,4,1975,1,100
Monitoring and sampling methods,2001,1,160,277.03896272372793,65.36610008955,4,1975,1,25
Monitoring and sampling methods,2002,2,204,287.91774287183404,67.93289944882441,4,1975,1,50
Monitoring and sampling methods,2003,3,213,299.2237115148268,70.60049201653179,4,1975,1,75
Monitoring and sampling methods,2004,3,263,310.97364351235706,73.37283574553243,4,1975,1,75
Monitoring and sampling methods,2005,4,241,323.18497244012303,76.25404400978212,4,1975,1,100
Monitoring and sampling methods,2006,2,274,335.8758164563633,79.24839170741511,4,1975,1,50
Monitoring and sampling methods,2007,5,255,349.0650051840811,82.36032160348431,4,1975,1,125
Monitoring and sampling methods,2008,3,283,362.7721076488781,85.59445092176773,4,1975,1,75
Monitoring and sampling methods,2009,5,333,377.0174613138527,88.95557819542258,4,1975,1,125
Monitoring and sampling methods,2010,2,341,391.82220225464465,92.44869038665148,4,1975,1,50
Monitoring and sampling methods,2011,3,402,407.20829651939215,96.07897028594378,4,1975,1,75
Monitoring and sampling methods,2012,6,392,423.1985727201334,99.85180420187038,4,1975,1,150
Monitoring and sampling methods,2013,6,432,439.8167559040124,103.77278995284276,4,1975,1,150
Monitoring and sampling methods,2014,3,460,457.0875027545355,107.84774517269163,4,1975,1,75
Monitoring and sampling methods,2015,3,464,475.0364381751183,112.08271594239052,4,1975,1,75
Monitoring and sampling methods,2016,10,598,493.69019330919355,116.48398576072964,4,1975,1,250
Monitoring and sampling methods,2017,7,509,513.0764450532943,121.05808486725061,4,1975,1,175
Monitoring and sampling methods,2018,11,516,533.2239571217427,125.8117999312755,4,1975,1,275
Monitoring and sampling methods,2019,10,582,554.1626227238637,130.75218412140384,4,1975,1,250
Monitoring and sampling methods,2020,18,673,575.923508917055,135.88656757042048,4,1975,1,450
Monitoring and sampling methods,2021,18,679,598.538902701512,141.22256825113917,4,1975,1,450
Monitoring and sampling methods,2022,15,644,622.0423589250028,146.76810327931904,4,1975,1,375
Monitoring and sampling methods,2023,11,655,646.4687500687738,152.53140066042593,4,1975,1,275
Monitoring and sampling methods,2024,78,744,671.8543179884482,158.52101149766497,4,1975,1,1950
Monitoring and sampling methods,2025,160,720,698.2367276866855,164.7458226793984,4,1975,1,4000
Monitoring and sampling methods,2026,133,487,725.6551231973979,171.21507006477566,4,1975,1,3325
Novel feed resources,1928,0,1,16.650518638445515,3.9286151563775307,1,1980,1,0
Novel feed resources,1929,0,0,17.304352055372615,4.082884217135492,1,1980,1,0
Novel feed resources,1930,0,0,17.983860236334,4.2432111232562155,1,1980,1,0
Novel feed resources,1931,0,0,18.69005137927603,4.40983375452103,1,1980,1,0
Novel feed resources,1932,0,0,19.423973272113596,4.582999331786684,1,1980,1,0
Novel feed resources,1933,0,0,20.186714847350938,4.762964783791154,1,1980,1,0
Novel feed resources,1934,0,0,20.979407797749552,4.949997128363235,1,1980,1,0
Novel feed resources,1935,0,0,21.803228255440114,5.144373868601471,1,1980,1,0
Novel feed resources,1936,0,0,22.65939853696996,5.3463834046102665,1,1980,1,0
Novel feed resources,1937,0,0,23.54918895687505,5.556325461404061,1,1980,1,0
Novel feed resources,1938,0,0,24.473919712467477,5.774511533614483,1,1980,1,0
Novel feed resources,1939,0,0,25.43496284263486,6.001265347660276,1,1980,1,0
Novel feed resources,1940,0,0,26.433744263557983,6.23692334206574,1,1980,1,0
Novel feed resources,1941,0,0,27.47174588436712,6.481835166640349,1,1980,1,0
Novel feed resources,1942,0,0,28.550507805875988,6.736364201260158,1,1980,1,0
Novel feed resources,1943,0,0,29.671630605655782,7.000888095020774,1,1980,1,0
Novel feed resources,1944,0,0,30.83677771283956,7.275799326561785,1,1980,1,0
Novel feed resources,1945,0,0,32.04767787618063,7.561505786394071,1,1980,1,0
Novel feed resources,1946,0,0,33.30612772902668,7.85843138209393,1,1980,1,0
Novel feed resources,1947,0,0,34.61399445501552,8.167016667262041,1,1980,1,0
Novel feed resources,1948,0,0,35.97321855844748,8.487719495180377,1,1980,1,0
Novel feed resources,1949,0,0,37.38581674344496,8.821015698137009,1,1980,1,0
Novel feed resources,1950,0,0,38.85388490617092,9.167399793426604,1,1980,1,0
Novel feed resources,1951,0,0,40.379601244545924,9.527385717074234,1,1980,1,0
Novel feed resources,1952,0,0,41.965229490077846,9.901507586371068,1,1980,1,0
Novel feed resources,1953,0,1,43.61312226659913,10.290320492353375,1,1980,1,0
Novel feed resources,1954,0,0,45.32572458089509,10.6944013234006,1,1980,1,0
Novel feed resources,1955,0,1,47.10557745040246,11.114349621174552,1,1980,1,0
Novel feed resources,1956,0,0,48.95532167336056,11.550788470169673,1,1980,1,0
Novel feed resources,1957,0,0,50.877701747008906,12.004365422194162,1,1980,1,0
Novel feed resources,1958,0,0,52.875569939645,12.475753457153743,1,1980,1,0
Novel feed resources,1959,0,0,54.95189052258351,12.965651981563456,1,1980,1,0
Novel feed resources,1960,0,0,57.10974416829665,13.474787866269123,1,1980,1,0
Novel feed resources,1961,0,0,59.35233252126079,14.003916524918113,1,1980,1,0
Novel feed resources,1962,0,0,61.68298294829108,14.55382303477946,1,1980,1,0
Novel feed resources,1963,0,0,64.10515347541298,15.125323301576582,1,1980,1,0
Novel feed resources,1964,0,0,66.62243791859467,15.71926527006053,1,1980,1,0
Novel feed resources,1965,0,0,69.2385712159533,16.336530182120143,1,1980,1,0
Novel feed resources,1966,0,0,71.9574349693471,16.97803388429585,1,1980,1,0
Novel feed resources,1967,0,1,74.78306320357426,17.64472818663678,1,1980,1,0
Novel feed resources,1968,0,0,77.71964835172508,18.337602274917764,1,1980,1,0
Novel feed resources,1969,0,1,80.77154747556676,19.057684178311202,1,1980,1,0
Novel feed resources,1970,0,2,83.94328873019046,19.806042294691522,1,1980,1,0
Novel feed resources,1971,0,0,87.23957808251319,20.58378697583558,1,1980,1,0
Novel feed resources,1972,0,3,90.66530629360106,21.392072174870457,1,1980,1,0
Novel feed resources,1973,0,5,94.22555617517597,22.23209715841369,1,1980,1,0
Novel feed resources,1974,0,5,97.92561013107029,23.10510828594564,1,1980,1,0
Novel feed resources,1975,0,14,101.77095799481978,24.012400859054377,1,1980,1,0
Novel feed resources,1976,0,19,105.76730517502442,24.955321043297015,1,1980,1,0
Novel feed resources,1977,0,21,109.92058112056064,25.935267865528562,1,1980,1,0
Novel feed resources,1978,0,19,114.23694811820614,26.953695289662004,1,1980,1,0
Novel feed resources,1979,0,19,118.72281043573119,28.01211437393967,1,1980,1,0
Novel feed resources,1980,1,20,123.38482382401976,29.112095512916095,1,1980,1,100
Novel feed resources,1981,0,14,128.22990539232202,30.255270767479498,1,1980,1,0
Novel feed resources,1982,0,20,133.2652438712878,31.443336286368506,1,1980,1,0
Novel feed resources,1983,0,17,138.49831027900908,32.678054822777014,1,1980,1,0
Novel feed resources,1984,0,25,143.93686900589861,33.96125834978152,1,1980,1,0
Novel feed resources,1985,0,30,149.58898933484832,35.29485077847084,1,1980,1,0
Novel feed resources,1986,0,38,155.46305741376344,36.68081078281181,1,1980,1,0
Novel feed resources,1987,0,46,161.5677886982338,38.12119473544173,1,1980,1,0
Novel feed resources,1988,0,56,167.9122408828045,39.61813975874366,1,1980,1,0
Novel feed resources,1989,1,60,174.50582734003322,41.17386689573167,1,1980,1,100
Novel feed resources,1990,0,82,181.3583310872725,42.79068440545048,1,1980,1,0
Novel feed resources,1991,1,106,188.4799193018998,44.470991187778814,1,1980,1,100
Novel feed resources,1992,1,96,195.88115840653418,46.21728034271864,1,1980,1,100
Novel feed resources,1993,3,113,203.5730297466174,48.03214286944999,1,1980,1,300
Novel feed resources,1994,0,119,211.56694588362595,49.91827151064136,1,1980,1,0
Novel feed resources,1995,0,140,219.87476752808362,51.87846474771789,1,1980,1,0
Novel feed resources,1996,0,129,228.50882113750066,53.915630953016276,1,1980,1,0
Novel feed resources,1997,0,152,237.48191720535155,56.03279270498688,1,1980,1,0
Novel feed resources,1998,0,144,246.80736926822323,58.23309127284519,1,1980,1,0
Novel feed resources,1999,1,112,256.49901365933715,60.51979127732662,1,1980,1,100
Novel feed resources,2000,1,150,266.57123003775587,62.89628553446071,1,1980,1,100
Novel feed resources,2001,0,160,277.03896272372793,65.36610008955,1,1980,1,0
Novel feed resources,2002,0,204,287.91774287183404,67.93289944882441,1,1980,1,0
Novel feed resources,2003,0,213,299.2237115148268,70.60049201653179,1,1980,1,0
Novel feed resources,2004,0,263,310.97364351235706,73.37283574553243,1,1980,1,0
Novel feed resources,2005,0,241,323.18497244012303,76.25404400978212,1,1980,1,0
Novel feed resources,2006,2,274,335.8758164563633,79.24839170741511,1,1980,1,200
Novel feed resources,2007,0,255,349.0650051840811,82.36032160348431,1,1980,1,0
Novel feed resources,2008,1,283,362.7721076488781,85.59445092176773,1,1980,1,100
Novel feed resources,2009,1,333,377.0174613138527,88.95557819542258,1,1980,1,100
Novel feed resources,2010,1,341,391.82220225464465,92.44869038665148,1,1980,1,100
Novel feed resources,2011,0,402,407.20829651939215,96.07897028594378,1,1980,1,0
Novel feed resources,2012,1,392,423.1985727201334,99.85180420187038,1,1980,1,100
Novel feed resources,2013,1,432,439.8167559040124,103.77278995284276,1,1980,1,100
Novel feed resources,2014,2,460,457.0875027545355,107.84774517269163,1,1980,1,200
Novel feed resources,2015,0,464,475.0364381751183,112.08271594239052,1,1980,1,0
Novel feed resources,2016,4,598,493.69019330919355,116.48398576072964,1,1980,1,400
Novel feed resources,2017,6,509,513.0764450532943,121.05808486725061,1,1980,1,600
Novel feed resources,2018,4,516,533.2239571217427,125.8117999312755,1,1980,1,400
Novel feed resources,2019,6,582,554.1626227238637,130.75218412140384,1,1980,1,600
Novel feed resources,2020,3,673,575.923508917055,135.88656757042048,1,1980,1,300
Novel feed resources,2021,7,679,598.538902701512,141.22256825113917,1,1980,1,700
Novel feed resources,2022,7,644,622.0423589250028,146.76810327931904,1,1980,1,700
Novel feed resources,2023,6,655,646.4687500687738,152.53140066042593,1,1980,1,600
Novel feed resources,2024,11,744,671.8543179884482,158.52101149766497,1,1980,1,1100
Novel feed resources,2025,29,720,698.2367276866855,164.7458226793984,1,1980,1,2900
Novel feed resources,2026,13,487,725.6551231973979,171.21507006477566,1,1980,1,1300
Plastics and solid waste,1928,0,1,16.650518638445515,3.9286151563775307,0,1994,1,NA
Plastics and solid waste,1929,0,0,17.304352055372615,4.082884217135492,0,1994,1,NA
Plastics and solid waste,1930,0,0,17.983860236334,4.2432111232562155,0,1994,1,NA
Plastics and solid waste,1931,0,0,18.69005137927603,4.40983375452103,0,1994,1,NA
Plastics and solid waste,1932,0,0,19.423973272113596,4.582999331786684,0,1994,1,NA
Plastics and solid waste,1933,0,0,20.186714847350938,4.762964783791154,0,1994,1,NA
Plastics and solid waste,1934,0,0,20.979407797749552,4.949997128363235,0,1994,1,NA
Plastics and solid waste,1935,0,0,21.803228255440114,5.144373868601471,0,1994,1,NA
Plastics and solid waste,1936,0,0,22.65939853696996,5.3463834046102665,0,1994,1,NA
Plastics and solid waste,1937,0,0,23.54918895687505,5.556325461404061,0,1994,1,NA
Plastics and solid waste,1938,0,0,24.473919712467477,5.774511533614483,0,1994,1,NA
Plastics and solid waste,1939,0,0,25.43496284263486,6.001265347660276,0,1994,1,NA
Plastics and solid waste,1940,0,0,26.433744263557983,6.23692334206574,0,1994,1,NA
Plastics and solid waste,1941,0,0,27.47174588436712,6.481835166640349,0,1994,1,NA
Plastics and solid waste,1942,0,0,28.550507805875988,6.736364201260158,0,1994,1,NA
Plastics and solid waste,1943,0,0,29.671630605655782,7.000888095020774,0,1994,1,NA
Plastics and solid waste,1944,0,0,30.83677771283956,7.275799326561785,0,1994,1,NA
Plastics and solid waste,1945,0,0,32.04767787618063,7.561505786394071,0,1994,1,NA
Plastics and solid waste,1946,0,0,33.30612772902668,7.85843138209393,0,1994,1,NA
Plastics and solid waste,1947,0,0,34.61399445501552,8.167016667262041,0,1994,1,NA
Plastics and solid waste,1948,0,0,35.97321855844748,8.487719495180377,0,1994,1,NA
Plastics and solid waste,1949,0,0,37.38581674344496,8.821015698137009,0,1994,1,NA
Plastics and solid waste,1950,0,0,38.85388490617092,9.167399793426604,0,1994,1,NA
Plastics and solid waste,1951,0,0,40.379601244545924,9.527385717074234,0,1994,1,NA
Plastics and solid waste,1952,0,0,41.965229490077846,9.901507586371068,0,1994,1,NA
Plastics and solid waste,1953,0,1,43.61312226659913,10.290320492353375,0,1994,1,NA
Plastics and solid waste,1954,0,0,45.32572458089509,10.6944013234006,0,1994,1,NA
Plastics and solid waste,1955,0,1,47.10557745040246,11.114349621174552,0,1994,1,NA
Plastics and solid waste,1956,0,0,48.95532167336056,11.550788470169673,0,1994,1,NA
Plastics and solid waste,1957,0,0,50.877701747008906,12.004365422194162,0,1994,1,NA
Plastics and solid waste,1958,0,0,52.875569939645,12.475753457153743,0,1994,1,NA
Plastics and solid waste,1959,0,0,54.95189052258351,12.965651981563456,0,1994,1,NA
Plastics and solid waste,1960,0,0,57.10974416829665,13.474787866269123,0,1994,1,NA
Plastics and solid waste,1961,0,0,59.35233252126079,14.003916524918113,0,1994,1,NA
Plastics and solid waste,1962,0,0,61.68298294829108,14.55382303477946,0,1994,1,NA
Plastics and solid waste,1963,0,0,64.10515347541298,15.125323301576582,0,1994,1,NA
Plastics and solid waste,1964,0,0,66.62243791859467,15.71926527006053,0,1994,1,NA
Plastics and solid waste,1965,0,0,69.2385712159533,16.336530182120143,0,1994,1,NA
Plastics and solid waste,1966,0,0,71.9574349693471,16.97803388429585,0,1994,1,NA
Plastics and solid waste,1967,0,1,74.78306320357426,17.64472818663678,0,1994,1,NA
Plastics and solid waste,1968,0,0,77.71964835172508,18.337602274917764,0,1994,1,NA
Plastics and solid waste,1969,0,1,80.77154747556676,19.057684178311202,0,1994,1,NA
Plastics and solid waste,1970,0,2,83.94328873019046,19.806042294691522,0,1994,1,NA
Plastics and solid waste,1971,0,0,87.23957808251319,20.58378697583558,0,1994,1,NA
Plastics and solid waste,1972,0,3,90.66530629360106,21.392072174870457,0,1994,1,NA
Plastics and solid waste,1973,0,5,94.22555617517597,22.23209715841369,0,1994,1,NA
Plastics and solid waste,1974,0,5,97.92561013107029,23.10510828594564,0,1994,1,NA
Plastics and solid waste,1975,0,14,101.77095799481978,24.012400859054377,0,1994,1,NA
Plastics and solid waste,1976,0,19,105.76730517502442,24.955321043297015,0,1994,1,NA
Plastics and solid waste,1977,0,21,109.92058112056064,25.935267865528562,0,1994,1,NA
Plastics and solid waste,1978,0,19,114.23694811820614,26.953695289662004,0,1994,1,NA
Plastics and solid waste,1979,0,19,118.72281043573119,28.01211437393967,0,1994,1,NA
Plastics and solid waste,1980,0,20,123.38482382401976,29.112095512916095,0,1994,1,NA
Plastics and solid waste,1981,0,14,128.22990539232202,30.255270767479498,0,1994,1,NA
Plastics and solid waste,1982,0,20,133.2652438712878,31.443336286368506,0,1994,1,NA
Plastics and solid waste,1983,0,17,138.49831027900908,32.678054822777014,0,1994,1,NA
Plastics and solid waste,1984,0,25,143.93686900589861,33.96125834978152,0,1994,1,NA
Plastics and solid waste,1985,0,30,149.58898933484832,35.29485077847084,0,1994,1,NA
Plastics and solid waste,1986,0,38,155.46305741376344,36.68081078281181,0,1994,1,NA
Plastics and solid waste,1987,0,46,161.5677886982338,38.12119473544173,0,1994,1,NA
Plastics and solid waste,1988,0,56,167.9122408828045,39.61813975874366,0,1994,1,NA
Plastics and solid waste,1989,0,60,174.50582734003322,41.17386689573167,0,1994,1,NA
Plastics and solid waste,1990,0,82,181.3583310872725,42.79068440545048,0,1994,1,NA
Plastics and solid waste,1991,0,106,188.4799193018998,44.470991187778814,0,1994,1,NA
Plastics and solid waste,1992,0,96,195.88115840653418,46.21728034271864,0,1994,1,NA
Plastics and solid waste,1993,0,113,203.5730297466174,48.03214286944999,0,1994,1,NA
Plastics and solid waste,1994,1,119,211.56694588362595,49.91827151064136,0,1994,1,100
Plastics and solid waste,1995,0,140,219.87476752808362,51.87846474771789,0,1994,1,NA
Plastics and solid waste,1996,0,129,228.50882113750066,53.915630953016276,0,1994,1,NA
Plastics and solid waste,1997,0,152,237.48191720535155,56.03279270498688,0,1994,1,NA
Plastics and solid waste,1998,0,144,246.80736926822323,58.23309127284519,0,1994,1,NA
Plastics and solid waste,1999,0,112,256.49901365933715,60.51979127732662,0,1994,1,NA
Plastics and solid waste,2000,0,150,266.57123003775587,62.89628553446071,0,1994,1,NA
Plastics and solid waste,2001,1,160,277.03896272372793,65.36610008955,0,1994,1,100
Plastics and solid waste,2002,0,204,287.91774287183404,67.93289944882441,0,1994,1,NA
Plastics and solid waste,2003,0,213,299.2237115148268,70.60049201653179,0,1994,1,NA
Plastics and solid waste,2004,0,263,310.97364351235706,73.37283574553243,0,1994,1,NA
Plastics and solid waste,2005,0,241,323.18497244012303,76.25404400978212,0,1994,1,NA
Plastics and solid waste,2006,0,274,335.8758164563633,79.24839170741511,0,1994,1,NA
Plastics and solid waste,2007,0,255,349.0650051840811,82.36032160348431,0,1994,1,NA
Plastics and solid waste,2008,0,283,362.7721076488781,85.59445092176773,0,1994,1,NA
Plastics and solid waste,2009,1,333,377.0174613138527,88.95557819542258,0,1994,1,100
Plastics and solid waste,2010,0,341,391.82220225464465,92.44869038665148,0,1994,1,NA
Plastics and solid waste,2011,0,402,407.20829651939215,96.07897028594378,0,1994,1,NA
Plastics and solid waste,2012,0,392,423.1985727201334,99.85180420187038,0,1994,1,NA
Plastics and solid waste,2013,0,432,439.8167559040124,103.77278995284276,0,1994,1,NA
Plastics and solid waste,2014,0,460,457.0875027545355,107.84774517269163,0,1994,1,NA
Plastics and solid waste,2015,0,464,475.0364381751183,112.08271594239052,0,1994,1,NA
Plastics and solid waste,2016,0,598,493.69019330919355,116.48398576072964,0,1994,1,NA
Plastics and solid waste,2017,0,509,513.0764450532943,121.05808486725061,0,1994,1,NA
Plastics and solid waste,2018,0,516,533.2239571217427,125.8117999312755,0,1994,1,NA
Plastics and solid waste,2019,1,582,554.1626227238637,130.75218412140384,0,1994,1,100
Plastics and solid waste,2020,2,673,575.923508917055,135.88656757042048,0,1994,1,200
Plastics and solid waste,2021,4,679,598.538902701512,141.22256825113917,0,1994,1,400
Plastics and solid waste,2022,5,644,622.0423589250028,146.76810327931904,0,1994,1,500
Plastics and solid waste,2023,2,655,646.4687500687738,152.53140066042593,0,1994,1,200
Plastics and solid waste,2024,3,744,671.8543179884482,158.52101149766497,0,1994,1,300
Plastics and solid waste,2025,4,720,698.2367276866855,164.7458226793984,0,1994,1,400
Plastics and solid waste,2026,5,487,725.6551231973979,171.21507006477566,0,1994,1,500
"Sensors, imaging and measurement",1928,0,1,16.650518638445515,3.9286151563775307,4.4,1979,1,0
"Sensors, imaging and measurement",1929,0,0,17.304352055372615,4.082884217135492,4.4,1979,1,0
"Sensors, imaging and measurement",1930,0,0,17.983860236334,4.2432111232562155,4.4,1979,1,0
"Sensors, imaging and measurement",1931,0,0,18.69005137927603,4.40983375452103,4.4,1979,1,0
"Sensors, imaging and measurement",1932,0,0,19.423973272113596,4.582999331786684,4.4,1979,1,0
"Sensors, imaging and measurement",1933,0,0,20.186714847350938,4.762964783791154,4.4,1979,1,0
"Sensors, imaging and measurement",1934,0,0,20.979407797749552,4.949997128363235,4.4,1979,1,0
"Sensors, imaging and measurement",1935,0,0,21.803228255440114,5.144373868601471,4.4,1979,1,0
"Sensors, imaging and measurement",1936,0,0,22.65939853696996,5.3463834046102665,4.4,1979,1,0
"Sensors, imaging and measurement",1937,0,0,23.54918895687505,5.556325461404061,4.4,1979,1,0
"Sensors, imaging and measurement",1938,0,0,24.473919712467477,5.774511533614483,4.4,1979,1,0
"Sensors, imaging and measurement",1939,0,0,25.43496284263486,6.001265347660276,4.4,1979,1,0
"Sensors, imaging and measurement",1940,0,0,26.433744263557983,6.23692334206574,4.4,1979,1,0
"Sensors, imaging and measurement",1941,0,0,27.47174588436712,6.481835166640349,4.4,1979,1,0
"Sensors, imaging and measurement",1942,0,0,28.550507805875988,6.736364201260158,4.4,1979,1,0
"Sensors, imaging and measurement",1943,0,0,29.671630605655782,7.000888095020774,4.4,1979,1,0
"Sensors, imaging and measurement",1944,0,0,30.83677771283956,7.275799326561785,4.4,1979,1,0
"Sensors, imaging and measurement",1945,0,0,32.04767787618063,7.561505786394071,4.4,1979,1,0
"Sensors, imaging and measurement",1946,0,0,33.30612772902668,7.85843138209393,4.4,1979,1,0
"Sensors, imaging and measurement",1947,0,0,34.61399445501552,8.167016667262041,4.4,1979,1,0
"Sensors, imaging and measurement",1948,0,0,35.97321855844748,8.487719495180377,4.4,1979,1,0
"Sensors, imaging and measurement",1949,0,0,37.38581674344496,8.821015698137009,4.4,1979,1,0
"Sensors, imaging and measurement",1950,0,0,38.85388490617092,9.167399793426604,4.4,1979,1,0
"Sensors, imaging and measurement",1951,0,0,40.379601244545924,9.527385717074234,4.4,1979,1,0
"Sensors, imaging and measurement",1952,0,0,41.965229490077846,9.901507586371068,4.4,1979,1,0
"Sensors, imaging and measurement",1953,0,1,43.61312226659913,10.290320492353375,4.4,1979,1,0
"Sensors, imaging and measurement",1954,0,0,45.32572458089509,10.6944013234006,4.4,1979,1,0
"Sensors, imaging and measurement",1955,0,1,47.10557745040246,11.114349621174552,4.4,1979,1,0
"Sensors, imaging and measurement",1956,0,0,48.95532167336056,11.550788470169673,4.4,1979,1,0
"Sensors, imaging and measurement",1957,0,0,50.877701747008906,12.004365422194162,4.4,1979,1,0
"Sensors, imaging and measurement",1958,0,0,52.875569939645,12.475753457153743,4.4,1979,1,0
"Sensors, imaging and measurement",1959,0,0,54.95189052258351,12.965651981563456,4.4,1979,1,0
"Sensors, imaging and measurement",1960,0,0,57.10974416829665,13.474787866269123,4.4,1979,1,0
"Sensors, imaging and measurement",1961,0,0,59.35233252126079,14.003916524918113,4.4,1979,1,0
"Sensors, imaging and measurement",1962,0,0,61.68298294829108,14.55382303477946,4.4,1979,1,0
"Sensors, imaging and measurement",1963,0,0,64.10515347541298,15.125323301576582,4.4,1979,1,0
"Sensors, imaging and measurement",1964,0,0,66.62243791859467,15.71926527006053,4.4,1979,1,0
"Sensors, imaging and measurement",1965,0,0,69.2385712159533,16.336530182120143,4.4,1979,1,0
"Sensors, imaging and measurement",1966,0,0,71.9574349693471,16.97803388429585,4.4,1979,1,0
"Sensors, imaging and measurement",1967,0,1,74.78306320357426,17.64472818663678,4.4,1979,1,0
"Sensors, imaging and measurement",1968,0,0,77.71964835172508,18.337602274917764,4.4,1979,1,0
"Sensors, imaging and measurement",1969,0,1,80.77154747556676,19.057684178311202,4.4,1979,1,0
"Sensors, imaging and measurement",1970,0,2,83.94328873019046,19.806042294691522,4.4,1979,1,0
"Sensors, imaging and measurement",1971,0,0,87.23957808251319,20.58378697583558,4.4,1979,1,0
"Sensors, imaging and measurement",1972,0,3,90.66530629360106,21.392072174870457,4.4,1979,1,0
"Sensors, imaging and measurement",1973,0,5,94.22555617517597,22.23209715841369,4.4,1979,1,0
"Sensors, imaging and measurement",1974,0,5,97.92561013107029,23.10510828594564,4.4,1979,1,0
"Sensors, imaging and measurement",1975,0,14,101.77095799481978,24.012400859054377,4.4,1979,1,0
"Sensors, imaging and measurement",1976,0,19,105.76730517502442,24.955321043297015,4.4,1979,1,0
"Sensors, imaging and measurement",1977,0,21,109.92058112056064,25.935267865528562,4.4,1979,1,0
"Sensors, imaging and measurement",1978,0,19,114.23694811820614,26.953695289662004,4.4,1979,1,0
"Sensors, imaging and measurement",1979,1,19,118.72281043573119,28.01211437393967,4.4,1979,1,22.727272727272727
"Sensors, imaging and measurement",1980,0,20,123.38482382401976,29.112095512916095,4.4,1979,1,0
"Sensors, imaging and measurement",1981,0,14,128.22990539232202,30.255270767479498,4.4,1979,1,0
"Sensors, imaging and measurement",1982,0,20,133.2652438712878,31.443336286368506,4.4,1979,1,0
"Sensors, imaging and measurement",1983,0,17,138.49831027900908,32.678054822777014,4.4,1979,1,0
"Sensors, imaging and measurement",1984,0,25,143.93686900589861,33.96125834978152,4.4,1979,1,0
"Sensors, imaging and measurement",1985,0,30,149.58898933484832,35.29485077847084,4.4,1979,1,0
"Sensors, imaging and measurement",1986,0,38,155.46305741376344,36.68081078281181,4.4,1979,1,0
"Sensors, imaging and measurement",1987,1,46,161.5677886982338,38.12119473544173,4.4,1979,1,22.727272727272727
"Sensors, imaging and measurement",1988,1,56,167.9122408828045,39.61813975874366,4.4,1979,1,22.727272727272727
"Sensors, imaging and measurement",1989,0,60,174.50582734003322,41.17386689573167,4.4,1979,1,0
"Sensors, imaging and measurement",1990,1,82,181.3583310872725,42.79068440545048,4.4,1979,1,22.727272727272727
"Sensors, imaging and measurement",1991,2,106,188.4799193018998,44.470991187778814,4.4,1979,1,45.45454545454545
"Sensors, imaging and measurement",1992,1,96,195.88115840653418,46.21728034271864,4.4,1979,1,22.727272727272727
"Sensors, imaging and measurement",1993,1,113,203.5730297466174,48.03214286944999,4.4,1979,1,22.727272727272727
"Sensors, imaging and measurement",1994,1,119,211.56694588362595,49.91827151064136,4.4,1979,1,22.727272727272727
"Sensors, imaging and measurement",1995,4,140,219.87476752808362,51.87846474771789,4.4,1979,1,90.9090909090909
"Sensors, imaging and measurement",1996,4,129,228.50882113750066,53.915630953016276,4.4,1979,1,90.9090909090909
"Sensors, imaging and measurement",1997,2,152,237.48191720535155,56.03279270498688,4.4,1979,1,45.45454545454545
"Sensors, imaging and measurement",1998,1,144,246.80736926822323,58.23309127284519,4.4,1979,1,22.727272727272727
"Sensors, imaging and measurement",1999,1,112,256.49901365933715,60.51979127732662,4.4,1979,1,22.727272727272727
"Sensors, imaging and measurement",2000,4,150,266.57123003775587,62.89628553446071,4.4,1979,1,90.9090909090909
"Sensors, imaging and measurement",2001,3,160,277.03896272372793,65.36610008955,4.4,1979,1,68.18181818181817
"Sensors, imaging and measurement",2002,1,204,287.91774287183404,67.93289944882441,4.4,1979,1,22.727272727272727
"Sensors, imaging and measurement",2003,2,213,299.2237115148268,70.60049201653179,4.4,1979,1,45.45454545454545
"Sensors, imaging and measurement",2004,4,263,310.97364351235706,73.37283574553243,4.4,1979,1,90.9090909090909
"Sensors, imaging and measurement",2005,3,241,323.18497244012303,76.25404400978212,4.4,1979,1,68.18181818181817
"Sensors, imaging and measurement",2006,2,274,335.8758164563633,79.24839170741511,4.4,1979,1,45.45454545454545
"Sensors, imaging and measurement",2007,2,255,349.0650051840811,82.36032160348431,4.4,1979,1,45.45454545454545
"Sensors, imaging and measurement",2008,4,283,362.7721076488781,85.59445092176773,4.4,1979,1,90.9090909090909
"Sensors, imaging and measurement",2009,0,333,377.0174613138527,88.95557819542258,4.4,1979,1,0
"Sensors, imaging and measurement",2010,2,341,391.82220225464465,92.44869038665148,4.4,1979,1,45.45454545454545
"Sensors, imaging and measurement",2011,5,402,407.20829651939215,96.07897028594378,4.4,1979,1,113.63636363636363
"Sensors, imaging and measurement",2012,3,392,423.1985727201334,99.85180420187038,4.4,1979,1,68.18181818181817
"Sensors, imaging and measurement",2013,4,432,439.8167559040124,103.77278995284276,4.4,1979,1,90.9090909090909
"Sensors, imaging and measurement",2014,8,460,457.0875027545355,107.84774517269163,4.4,1979,1,181.8181818181818
"Sensors, imaging and measurement",2015,5,464,475.0364381751183,112.08271594239052,4.4,1979,1,113.63636363636363
"Sensors, imaging and measurement",2016,2,598,493.69019330919355,116.48398576072964,4.4,1979,1,45.45454545454545
"Sensors, imaging and measurement",2017,7,509,513.0764450532943,121.05808486725061,4.4,1979,1,159.09090909090907
"Sensors, imaging and measurement",2018,5,516,533.2239571217427,125.8117999312755,4.4,1979,1,113.63636363636363
"Sensors, imaging and measurement",2019,11,582,554.1626227238637,130.75218412140384,4.4,1979,1,249.99999999999997
"Sensors, imaging and measurement",2020,8,673,575.923508917055,135.88656757042048,4.4,1979,1,181.8181818181818
"Sensors, imaging and measurement",2021,15,679,598.538902701512,141.22256825113917,4.4,1979,1,340.9090909090909
"Sensors, imaging and measurement",2022,17,644,622.0423589250028,146.76810327931904,4.4,1979,1,386.3636363636363
"Sensors, imaging and measurement",2023,13,655,646.4687500687738,152.53140066042593,4.4,1979,1,295.45454545454544
"Sensors, imaging and measurement",2024,38,744,671.8543179884482,158.52101149766497,4.4,1979,1,863.6363636363635
"Sensors, imaging and measurement",2025,46,720,698.2367276866855,164.7458226793984,4.4,1979,1,1045.4545454545453
"Sensors, imaging and measurement",2026,46,487,725.6551231973979,171.21507006477566,4.4,1979,1,1045.4545454545453
Smoltification and smolt quality,1928,0,1,16.650518638445515,3.9286151563775307,1,1978,1,0
Smoltification and smolt quality,1929,0,0,17.304352055372615,4.082884217135492,1,1978,1,0
Smoltification and smolt quality,1930,0,0,17.983860236334,4.2432111232562155,1,1978,1,0
Smoltification and smolt quality,1931,0,0,18.69005137927603,4.40983375452103,1,1978,1,0
Smoltification and smolt quality,1932,0,0,19.423973272113596,4.582999331786684,1,1978,1,0
Smoltification and smolt quality,1933,0,0,20.186714847350938,4.762964783791154,1,1978,1,0
Smoltification and smolt quality,1934,0,0,20.979407797749552,4.949997128363235,1,1978,1,0
Smoltification and smolt quality,1935,0,0,21.803228255440114,5.144373868601471,1,1978,1,0
Smoltification and smolt quality,1936,0,0,22.65939853696996,5.3463834046102665,1,1978,1,0
Smoltification and smolt quality,1937,0,0,23.54918895687505,5.556325461404061,1,1978,1,0
Smoltification and smolt quality,1938,0,0,24.473919712467477,5.774511533614483,1,1978,1,0
Smoltification and smolt quality,1939,0,0,25.43496284263486,6.001265347660276,1,1978,1,0
Smoltification and smolt quality,1940,0,0,26.433744263557983,6.23692334206574,1,1978,1,0
Smoltification and smolt quality,1941,0,0,27.47174588436712,6.481835166640349,1,1978,1,0
Smoltification and smolt quality,1942,0,0,28.550507805875988,6.736364201260158,1,1978,1,0
Smoltification and smolt quality,1943,0,0,29.671630605655782,7.000888095020774,1,1978,1,0
Smoltification and smolt quality,1944,0,0,30.83677771283956,7.275799326561785,1,1978,1,0
Smoltification and smolt quality,1945,0,0,32.04767787618063,7.561505786394071,1,1978,1,0
Smoltification and smolt quality,1946,0,0,33.30612772902668,7.85843138209393,1,1978,1,0
Smoltification and smolt quality,1947,0,0,34.61399445501552,8.167016667262041,1,1978,1,0
Smoltification and smolt quality,1948,0,0,35.97321855844748,8.487719495180377,1,1978,1,0
Smoltification and smolt quality,1949,0,0,37.38581674344496,8.821015698137009,1,1978,1,0
Smoltification and smolt quality,1950,0,0,38.85388490617092,9.167399793426604,1,1978,1,0
Smoltification and smolt quality,1951,0,0,40.379601244545924,9.527385717074234,1,1978,1,0
Smoltification and smolt quality,1952,0,0,41.965229490077846,9.901507586371068,1,1978,1,0
Smoltification and smolt quality,1953,0,1,43.61312226659913,10.290320492353375,1,1978,1,0
Smoltification and smolt quality,1954,0,0,45.32572458089509,10.6944013234006,1,1978,1,0
Smoltification and smolt quality,1955,0,1,47.10557745040246,11.114349621174552,1,1978,1,0
Smoltification and smolt quality,1956,0,0,48.95532167336056,11.550788470169673,1,1978,1,0
Smoltification and smolt quality,1957,0,0,50.877701747008906,12.004365422194162,1,1978,1,0
Smoltification and smolt quality,1958,0,0,52.875569939645,12.475753457153743,1,1978,1,0
Smoltification and smolt quality,1959,0,0,54.95189052258351,12.965651981563456,1,1978,1,0
Smoltification and smolt quality,1960,0,0,57.10974416829665,13.474787866269123,1,1978,1,0
Smoltification and smolt quality,1961,0,0,59.35233252126079,14.003916524918113,1,1978,1,0
Smoltification and smolt quality,1962,0,0,61.68298294829108,14.55382303477946,1,1978,1,0
Smoltification and smolt quality,1963,0,0,64.10515347541298,15.125323301576582,1,1978,1,0
Smoltification and smolt quality,1964,0,0,66.62243791859467,15.71926527006053,1,1978,1,0
Smoltification and smolt quality,1965,0,0,69.2385712159533,16.336530182120143,1,1978,1,0
Smoltification and smolt quality,1966,0,0,71.9574349693471,16.97803388429585,1,1978,1,0
Smoltification and smolt quality,1967,0,1,74.78306320357426,17.64472818663678,1,1978,1,0
Smoltification and smolt quality,1968,0,0,77.71964835172508,18.337602274917764,1,1978,1,0
Smoltification and smolt quality,1969,0,1,80.77154747556676,19.057684178311202,1,1978,1,0
Smoltification and smolt quality,1970,0,2,83.94328873019046,19.806042294691522,1,1978,1,0
Smoltification and smolt quality,1971,0,0,87.23957808251319,20.58378697583558,1,1978,1,0
Smoltification and smolt quality,1972,0,3,90.66530629360106,21.392072174870457,1,1978,1,0
Smoltification and smolt quality,1973,0,5,94.22555617517597,22.23209715841369,1,1978,1,0
Smoltification and smolt quality,1974,0,5,97.92561013107029,23.10510828594564,1,1978,1,0
Smoltification and smolt quality,1975,0,14,101.77095799481978,24.012400859054377,1,1978,1,0
Smoltification and smolt quality,1976,0,19,105.76730517502442,24.955321043297015,1,1978,1,0
Smoltification and smolt quality,1977,0,21,109.92058112056064,25.935267865528562,1,1978,1,0
Smoltification and smolt quality,1978,1,19,114.23694811820614,26.953695289662004,1,1978,1,100
Smoltification and smolt quality,1979,1,19,118.72281043573119,28.01211437393967,1,1978,1,100
Smoltification and smolt quality,1980,0,20,123.38482382401976,29.112095512916095,1,1978,1,0
Smoltification and smolt quality,1981,0,14,128.22990539232202,30.255270767479498,1,1978,1,0
Smoltification and smolt quality,1982,0,20,133.2652438712878,31.443336286368506,1,1978,1,0
Smoltification and smolt quality,1983,2,17,138.49831027900908,32.678054822777014,1,1978,1,200
Smoltification and smolt quality,1984,2,25,143.93686900589861,33.96125834978152,1,1978,1,200
Smoltification and smolt quality,1985,3,30,149.58898933484832,35.29485077847084,1,1978,1,300
Smoltification and smolt quality,1986,0,38,155.46305741376344,36.68081078281181,1,1978,1,0
Smoltification and smolt quality,1987,0,46,161.5677886982338,38.12119473544173,1,1978,1,0
Smoltification and smolt quality,1988,1,56,167.9122408828045,39.61813975874366,1,1978,1,100
Smoltification and smolt quality,1989,4,60,174.50582734003322,41.17386689573167,1,1978,1,400
Smoltification and smolt quality,1990,2,82,181.3583310872725,42.79068440545048,1,1978,1,200
Smoltification and smolt quality,1991,2,106,188.4799193018998,44.470991187778814,1,1978,1,200
Smoltification and smolt quality,1992,1,96,195.88115840653418,46.21728034271864,1,1978,1,100
Smoltification and smolt quality,1993,1,113,203.5730297466174,48.03214286944999,1,1978,1,100
Smoltification and smolt quality,1994,3,119,211.56694588362595,49.91827151064136,1,1978,1,300
Smoltification and smolt quality,1995,4,140,219.87476752808362,51.87846474771789,1,1978,1,400
Smoltification and smolt quality,1996,1,129,228.50882113750066,53.915630953016276,1,1978,1,100
Smoltification and smolt quality,1997,3,152,237.48191720535155,56.03279270498688,1,1978,1,300
Smoltification and smolt quality,1998,1,144,246.80736926822323,58.23309127284519,1,1978,1,100
Smoltification and smolt quality,1999,3,112,256.49901365933715,60.51979127732662,1,1978,1,300
Smoltification and smolt quality,2000,1,150,266.57123003775587,62.89628553446071,1,1978,1,100
Smoltification and smolt quality,2001,2,160,277.03896272372793,65.36610008955,1,1978,1,200
Smoltification and smolt quality,2002,4,204,287.91774287183404,67.93289944882441,1,1978,1,400
Smoltification and smolt quality,2003,5,213,299.2237115148268,70.60049201653179,1,1978,1,500
Smoltification and smolt quality,2004,3,263,310.97364351235706,73.37283574553243,1,1978,1,300
Smoltification and smolt quality,2005,2,241,323.18497244012303,76.25404400978212,1,1978,1,200
Smoltification and smolt quality,2006,1,274,335.8758164563633,79.24839170741511,1,1978,1,100
Smoltification and smolt quality,2007,5,255,349.0650051840811,82.36032160348431,1,1978,1,500
Smoltification and smolt quality,2008,1,283,362.7721076488781,85.59445092176773,1,1978,1,100
Smoltification and smolt quality,2009,4,333,377.0174613138527,88.95557819542258,1,1978,1,400
Smoltification and smolt quality,2010,1,341,391.82220225464465,92.44869038665148,1,1978,1,100
Smoltification and smolt quality,2011,1,402,407.20829651939215,96.07897028594378,1,1978,1,100
Smoltification and smolt quality,2012,1,392,423.1985727201334,99.85180420187038,1,1978,1,100
Smoltification and smolt quality,2013,2,432,439.8167559040124,103.77278995284276,1,1978,1,200
Smoltification and smolt quality,2014,0,460,457.0875027545355,107.84774517269163,1,1978,1,0
Smoltification and smolt quality,2015,2,464,475.0364381751183,112.08271594239052,1,1978,1,200
Smoltification and smolt quality,2016,3,598,493.69019330919355,116.48398576072964,1,1978,1,300
Smoltification and smolt quality,2017,4,509,513.0764450532943,121.05808486725061,1,1978,1,400
Smoltification and smolt quality,2018,3,516,533.2239571217427,125.8117999312755,1,1978,1,300
Smoltification and smolt quality,2019,4,582,554.1626227238637,130.75218412140384,1,1978,1,400
Smoltification and smolt quality,2020,7,673,575.923508917055,135.88656757042048,1,1978,1,700
Smoltification and smolt quality,2021,13,679,598.538902701512,141.22256825113917,1,1978,1,1300
Smoltification and smolt quality,2022,5,644,622.0423589250028,146.76810327931904,1,1978,1,500
Smoltification and smolt quality,2023,12,655,646.4687500687738,152.53140066042593,1,1978,1,1200
Smoltification and smolt quality,2024,16,744,671.8543179884482,158.52101149766497,1,1978,1,1600
Smoltification and smolt quality,2025,16,720,698.2367276866855,164.7458226793984,1,1978,1,1600
Smoltification and smolt quality,2026,14,487,725.6551231973979,171.21507006477566,1,1978,1,1400
Statistical and modelling methods,1928,0,1,16.650518638445515,3.9286151563775307,9.2,1986,1,0
Statistical and modelling methods,1929,0,0,17.304352055372615,4.082884217135492,9.2,1986,1,0
Statistical and modelling methods,1930,0,0,17.983860236334,4.2432111232562155,9.2,1986,1,0
Statistical and modelling methods,1931,0,0,18.69005137927603,4.40983375452103,9.2,1986,1,0
Statistical and modelling methods,1932,0,0,19.423973272113596,4.582999331786684,9.2,1986,1,0
Statistical and modelling methods,1933,0,0,20.186714847350938,4.762964783791154,9.2,1986,1,0
Statistical and modelling methods,1934,0,0,20.979407797749552,4.949997128363235,9.2,1986,1,0
Statistical and modelling methods,1935,0,0,21.803228255440114,5.144373868601471,9.2,1986,1,0
Statistical and modelling methods,1936,0,0,22.65939853696996,5.3463834046102665,9.2,1986,1,0
Statistical and modelling methods,1937,0,0,23.54918895687505,5.556325461404061,9.2,1986,1,0
Statistical and modelling methods,1938,0,0,24.473919712467477,5.774511533614483,9.2,1986,1,0
Statistical and modelling methods,1939,0,0,25.43496284263486,6.001265347660276,9.2,1986,1,0
Statistical and modelling methods,1940,0,0,26.433744263557983,6.23692334206574,9.2,1986,1,0
Statistical and modelling methods,1941,0,0,27.47174588436712,6.481835166640349,9.2,1986,1,0
Statistical and modelling methods,1942,0,0,28.550507805875988,6.736364201260158,9.2,1986,1,0
Statistical and modelling methods,1943,0,0,29.671630605655782,7.000888095020774,9.2,1986,1,0
Statistical and modelling methods,1944,0,0,30.83677771283956,7.275799326561785,9.2,1986,1,0
Statistical and modelling methods,1945,0,0,32.04767787618063,7.561505786394071,9.2,1986,1,0
Statistical and modelling methods,1946,0,0,33.30612772902668,7.85843138209393,9.2,1986,1,0
Statistical and modelling methods,1947,0,0,34.61399445501552,8.167016667262041,9.2,1986,1,0
Statistical and modelling methods,1948,0,0,35.97321855844748,8.487719495180377,9.2,1986,1,0
Statistical and modelling methods,1949,0,0,37.38581674344496,8.821015698137009,9.2,1986,1,0
Statistical and modelling methods,1950,0,0,38.85388490617092,9.167399793426604,9.2,1986,1,0
Statistical and modelling methods,1951,0,0,40.379601244545924,9.527385717074234,9.2,1986,1,0
Statistical and modelling methods,1952,0,0,41.965229490077846,9.901507586371068,9.2,1986,1,0
Statistical and modelling methods,1953,0,1,43.61312226659913,10.290320492353375,9.2,1986,1,0
Statistical and modelling methods,1954,0,0,45.32572458089509,10.6944013234006,9.2,1986,1,0
Statistical and modelling methods,1955,0,1,47.10557745040246,11.114349621174552,9.2,1986,1,0
Statistical and modelling methods,1956,0,0,48.95532167336056,11.550788470169673,9.2,1986,1,0
Statistical and modelling methods,1957,0,0,50.877701747008906,12.004365422194162,9.2,1986,1,0
Statistical and modelling methods,1958,0,0,52.875569939645,12.475753457153743,9.2,1986,1,0
Statistical and modelling methods,1959,0,0,54.95189052258351,12.965651981563456,9.2,1986,1,0
Statistical and modelling methods,1960,0,0,57.10974416829665,13.474787866269123,9.2,1986,1,0
Statistical and modelling methods,1961,0,0,59.35233252126079,14.003916524918113,9.2,1986,1,0
Statistical and modelling methods,1962,0,0,61.68298294829108,14.55382303477946,9.2,1986,1,0
Statistical and modelling methods,1963,0,0,64.10515347541298,15.125323301576582,9.2,1986,1,0
Statistical and modelling methods,1964,0,0,66.62243791859467,15.71926527006053,9.2,1986,1,0
Statistical and modelling methods,1965,0,0,69.2385712159533,16.336530182120143,9.2,1986,1,0
Statistical and modelling methods,1966,0,0,71.9574349693471,16.97803388429585,9.2,1986,1,0
Statistical and modelling methods,1967,0,1,74.78306320357426,17.64472818663678,9.2,1986,1,0
Statistical and modelling methods,1968,0,0,77.71964835172508,18.337602274917764,9.2,1986,1,0
Statistical and modelling methods,1969,0,1,80.77154747556676,19.057684178311202,9.2,1986,1,0
Statistical and modelling methods,1970,0,2,83.94328873019046,19.806042294691522,9.2,1986,1,0
Statistical and modelling methods,1971,0,0,87.23957808251319,20.58378697583558,9.2,1986,1,0
Statistical and modelling methods,1972,0,3,90.66530629360106,21.392072174870457,9.2,1986,1,0
Statistical and modelling methods,1973,0,5,94.22555617517597,22.23209715841369,9.2,1986,1,0
Statistical and modelling methods,1974,0,5,97.92561013107029,23.10510828594564,9.2,1986,1,0
Statistical and modelling methods,1975,0,14,101.77095799481978,24.012400859054377,9.2,1986,1,0
Statistical and modelling methods,1976,0,19,105.76730517502442,24.955321043297015,9.2,1986,1,0
Statistical and modelling methods,1977,0,21,109.92058112056064,25.935267865528562,9.2,1986,1,0
Statistical and modelling methods,1978,0,19,114.23694811820614,26.953695289662004,9.2,1986,1,0
Statistical and modelling methods,1979,0,19,118.72281043573119,28.01211437393967,9.2,1986,1,0
Statistical and modelling methods,1980,0,20,123.38482382401976,29.112095512916095,9.2,1986,1,0
Statistical and modelling methods,1981,0,14,128.22990539232202,30.255270767479498,9.2,1986,1,0
Statistical and modelling methods,1982,0,20,133.2652438712878,31.443336286368506,9.2,1986,1,0
Statistical and modelling methods,1983,0,17,138.49831027900908,32.678054822777014,9.2,1986,1,0
Statistical and modelling methods,1984,0,25,143.93686900589861,33.96125834978152,9.2,1986,1,0
Statistical and modelling methods,1985,0,30,149.58898933484832,35.29485077847084,9.2,1986,1,0
Statistical and modelling methods,1986,1,38,155.46305741376344,36.68081078281181,9.2,1986,1,10.869565217391305
Statistical and modelling methods,1987,1,46,161.5677886982338,38.12119473544173,9.2,1986,1,10.869565217391305
Statistical and modelling methods,1988,0,56,167.9122408828045,39.61813975874366,9.2,1986,1,0
Statistical and modelling methods,1989,0,60,174.50582734003322,41.17386689573167,9.2,1986,1,0
Statistical and modelling methods,1990,1,82,181.3583310872725,42.79068440545048,9.2,1986,1,10.869565217391305
Statistical and modelling methods,1991,1,106,188.4799193018998,44.470991187778814,9.2,1986,1,10.869565217391305
Statistical and modelling methods,1992,2,96,195.88115840653418,46.21728034271864,9.2,1986,1,21.73913043478261
Statistical and modelling methods,1993,2,113,203.5730297466174,48.03214286944999,9.2,1986,1,21.73913043478261
Statistical and modelling methods,1994,3,119,211.56694588362595,49.91827151064136,9.2,1986,1,32.608695652173914
Statistical and modelling methods,1995,1,140,219.87476752808362,51.87846474771789,9.2,1986,1,10.869565217391305
Statistical and modelling methods,1996,1,129,228.50882113750066,53.915630953016276,9.2,1986,1,10.869565217391305
Statistical and modelling methods,1997,2,152,237.48191720535155,56.03279270498688,9.2,1986,1,21.73913043478261
Statistical and modelling methods,1998,1,144,246.80736926822323,58.23309127284519,9.2,1986,1,10.869565217391305
Statistical and modelling methods,1999,2,112,256.49901365933715,60.51979127732662,9.2,1986,1,21.73913043478261
Statistical and modelling methods,2000,2,150,266.57123003775587,62.89628553446071,9.2,1986,1,21.73913043478261
Statistical and modelling methods,2001,2,160,277.03896272372793,65.36610008955,9.2,1986,1,21.73913043478261
Statistical and modelling methods,2002,2,204,287.91774287183404,67.93289944882441,9.2,1986,1,21.73913043478261
Statistical and modelling methods,2003,3,213,299.2237115148268,70.60049201653179,9.2,1986,1,32.608695652173914
Statistical and modelling methods,2004,4,263,310.97364351235706,73.37283574553243,9.2,1986,1,43.47826086956522
Statistical and modelling methods,2005,5,241,323.18497244012303,76.25404400978212,9.2,1986,1,54.34782608695652
Statistical and modelling methods,2006,1,274,335.8758164563633,79.24839170741511,9.2,1986,1,10.869565217391305
Statistical and modelling methods,2007,4,255,349.0650051840811,82.36032160348431,9.2,1986,1,43.47826086956522
Statistical and modelling methods,2008,5,283,362.7721076488781,85.59445092176773,9.2,1986,1,54.34782608695652
Statistical and modelling methods,2009,14,333,377.0174613138527,88.95557819542258,9.2,1986,1,152.17391304347828
Statistical and modelling methods,2010,5,341,391.82220225464465,92.44869038665148,9.2,1986,1,54.34782608695652
Statistical and modelling methods,2011,10,402,407.20829651939215,96.07897028594378,9.2,1986,1,108.69565217391305
Statistical and modelling methods,2012,11,392,423.1985727201334,99.85180420187038,9.2,1986,1,119.56521739130436
Statistical and modelling methods,2013,10,432,439.8167559040124,103.77278995284276,9.2,1986,1,108.69565217391305
Statistical and modelling methods,2014,10,460,457.0875027545355,107.84774517269163,9.2,1986,1,108.69565217391305
Statistical and modelling methods,2015,5,464,475.0364381751183,112.08271594239052,9.2,1986,1,54.34782608695652
Statistical and modelling methods,2016,12,598,493.69019330919355,116.48398576072964,9.2,1986,1,130.43478260869566
Statistical and modelling methods,2017,14,509,513.0764450532943,121.05808486725061,9.2,1986,1,152.17391304347828
Statistical and modelling methods,2018,15,516,533.2239571217427,125.8117999312755,9.2,1986,1,163.0434782608696
Statistical and modelling methods,2019,5,582,554.1626227238637,130.75218412140384,9.2,1986,1,54.34782608695652
Statistical and modelling methods,2020,19,673,575.923508917055,135.88656757042048,9.2,1986,1,206.5217391304348
Statistical and modelling methods,2021,16,679,598.538902701512,141.22256825113917,9.2,1986,1,173.91304347826087
Statistical and modelling methods,2022,20,644,622.0423589250028,146.76810327931904,9.2,1986,1,217.3913043478261
Statistical and modelling methods,2023,25,655,646.4687500687738,152.53140066042593,9.2,1986,1,271.7391304347826
Statistical and modelling methods,2024,50,744,671.8543179884482,158.52101149766497,9.2,1986,1,543.4782608695652
Statistical and modelling methods,2025,124,720,698.2367276866855,164.7458226793984,9.2,1986,1,1347.8260869565217
Statistical and modelling methods,2026,121,487,725.6551231973979,171.21507006477566,9.2,1986,1,1315.217391304348
Welfare assessment and risks,1928,0,1,16.650518638445515,3.9286151563775307,7.4,1977,1,0
Welfare assessment and risks,1929,0,0,17.304352055372615,4.082884217135492,7.4,1977,1,0
Welfare assessment and risks,1930,0,0,17.983860236334,4.2432111232562155,7.4,1977,1,0
Welfare assessment and risks,1931,0,0,18.69005137927603,4.40983375452103,7.4,1977,1,0
Welfare assessment and risks,1932,0,0,19.423973272113596,4.582999331786684,7.4,1977,1,0
Welfare assessment and risks,1933,0,0,20.186714847350938,4.762964783791154,7.4,1977,1,0
Welfare assessment and risks,1934,0,0,20.979407797749552,4.949997128363235,7.4,1977,1,0
Welfare assessment and risks,1935,0,0,21.803228255440114,5.144373868601471,7.4,1977,1,0
Welfare assessment and risks,1936,0,0,22.65939853696996,5.3463834046102665,7.4,1977,1,0
Welfare assessment and risks,1937,0,0,23.54918895687505,5.556325461404061,7.4,1977,1,0
Welfare assessment and risks,1938,0,0,24.473919712467477,5.774511533614483,7.4,1977,1,0
Welfare assessment and risks,1939,0,0,25.43496284263486,6.001265347660276,7.4,1977,1,0
Welfare assessment and risks,1940,0,0,26.433744263557983,6.23692334206574,7.4,1977,1,0
Welfare assessment and risks,1941,0,0,27.47174588436712,6.481835166640349,7.4,1977,1,0
Welfare assessment and risks,1942,0,0,28.550507805875988,6.736364201260158,7.4,1977,1,0
Welfare assessment and risks,1943,0,0,29.671630605655782,7.000888095020774,7.4,1977,1,0
Welfare assessment and risks,1944,0,0,30.83677771283956,7.275799326561785,7.4,1977,1,0
Welfare assessment and risks,1945,0,0,32.04767787618063,7.561505786394071,7.4,1977,1,0
Welfare assessment and risks,1946,0,0,33.30612772902668,7.85843138209393,7.4,1977,1,0
Welfare assessment and risks,1947,0,0,34.61399445501552,8.167016667262041,7.4,1977,1,0
Welfare assessment and risks,1948,0,0,35.97321855844748,8.487719495180377,7.4,1977,1,0
Welfare assessment and risks,1949,0,0,37.38581674344496,8.821015698137009,7.4,1977,1,0
Welfare assessment and risks,1950,0,0,38.85388490617092,9.167399793426604,7.4,1977,1,0
Welfare assessment and risks,1951,0,0,40.379601244545924,9.527385717074234,7.4,1977,1,0
Welfare assessment and risks,1952,0,0,41.965229490077846,9.901507586371068,7.4,1977,1,0
Welfare assessment and risks,1953,0,1,43.61312226659913,10.290320492353375,7.4,1977,1,0
Welfare assessment and risks,1954,0,0,45.32572458089509,10.6944013234006,7.4,1977,1,0
Welfare assessment and risks,1955,0,1,47.10557745040246,11.114349621174552,7.4,1977,1,0
Welfare assessment and risks,1956,0,0,48.95532167336056,11.550788470169673,7.4,1977,1,0
Welfare assessment and risks,1957,0,0,50.877701747008906,12.004365422194162,7.4,1977,1,0
Welfare assessment and risks,1958,0,0,52.875569939645,12.475753457153743,7.4,1977,1,0
Welfare assessment and risks,1959,0,0,54.95189052258351,12.965651981563456,7.4,1977,1,0
Welfare assessment and risks,1960,0,0,57.10974416829665,13.474787866269123,7.4,1977,1,0
Welfare assessment and risks,1961,0,0,59.35233252126079,14.003916524918113,7.4,1977,1,0
Welfare assessment and risks,1962,0,0,61.68298294829108,14.55382303477946,7.4,1977,1,0
Welfare assessment and risks,1963,0,0,64.10515347541298,15.125323301576582,7.4,1977,1,0
Welfare assessment and risks,1964,0,0,66.62243791859467,15.71926527006053,7.4,1977,1,0
Welfare assessment and risks,1965,0,0,69.2385712159533,16.336530182120143,7.4,1977,1,0
Welfare assessment and risks,1966,0,0,71.9574349693471,16.97803388429585,7.4,1977,1,0
Welfare assessment and risks,1967,0,1,74.78306320357426,17.64472818663678,7.4,1977,1,0
Welfare assessment and risks,1968,0,0,77.71964835172508,18.337602274917764,7.4,1977,1,0
Welfare assessment and risks,1969,0,1,80.77154747556676,19.057684178311202,7.4,1977,1,0
Welfare assessment and risks,1970,0,2,83.94328873019046,19.806042294691522,7.4,1977,1,0
Welfare assessment and risks,1971,0,0,87.23957808251319,20.58378697583558,7.4,1977,1,0
Welfare assessment and risks,1972,0,3,90.66530629360106,21.392072174870457,7.4,1977,1,0
Welfare assessment and risks,1973,0,5,94.22555617517597,22.23209715841369,7.4,1977,1,0
Welfare assessment and risks,1974,0,5,97.92561013107029,23.10510828594564,7.4,1977,1,0
Welfare assessment and risks,1975,0,14,101.77095799481978,24.012400859054377,7.4,1977,1,0
Welfare assessment and risks,1976,0,19,105.76730517502442,24.955321043297015,7.4,1977,1,0
Welfare assessment and risks,1977,1,21,109.92058112056064,25.935267865528562,7.4,1977,1,13.513513513513512
Welfare assessment and risks,1978,0,19,114.23694811820614,26.953695289662004,7.4,1977,1,0
Welfare assessment and risks,1979,0,19,118.72281043573119,28.01211437393967,7.4,1977,1,0
Welfare assessment and risks,1980,0,20,123.38482382401976,29.112095512916095,7.4,1977,1,0
Welfare assessment and risks,1981,0,14,128.22990539232202,30.255270767479498,7.4,1977,1,0
Welfare assessment and risks,1982,1,20,133.2652438712878,31.443336286368506,7.4,1977,1,13.513513513513512
Welfare assessment and risks,1983,0,17,138.49831027900908,32.678054822777014,7.4,1977,1,0
Welfare assessment and risks,1984,0,25,143.93686900589861,33.96125834978152,7.4,1977,1,0
Welfare assessment and risks,1985,0,30,149.58898933484832,35.29485077847084,7.4,1977,1,0
Welfare assessment and risks,1986,0,38,155.46305741376344,36.68081078281181,7.4,1977,1,0
Welfare assessment and risks,1987,0,46,161.5677886982338,38.12119473544173,7.4,1977,1,0
Welfare assessment and risks,1988,0,56,167.9122408828045,39.61813975874366,7.4,1977,1,0
Welfare assessment and risks,1989,0,60,174.50582734003322,41.17386689573167,7.4,1977,1,0
Welfare assessment and risks,1990,0,82,181.3583310872725,42.79068440545048,7.4,1977,1,0
Welfare assessment and risks,1991,1,106,188.4799193018998,44.470991187778814,7.4,1977,1,13.513513513513512
Welfare assessment and risks,1992,0,96,195.88115840653418,46.21728034271864,7.4,1977,1,0
Welfare assessment and risks,1993,3,113,203.5730297466174,48.03214286944999,7.4,1977,1,40.54054054054054
Welfare assessment and risks,1994,1,119,211.56694588362595,49.91827151064136,7.4,1977,1,13.513513513513512
Welfare assessment and risks,1995,2,140,219.87476752808362,51.87846474771789,7.4,1977,1,27.027027027027025
Welfare assessment and risks,1996,0,129,228.50882113750066,53.915630953016276,7.4,1977,1,0
Welfare assessment and risks,1997,2,152,237.48191720535155,56.03279270498688,7.4,1977,1,27.027027027027025
Welfare assessment and risks,1998,1,144,246.80736926822323,58.23309127284519,7.4,1977,1,13.513513513513512
Welfare assessment and risks,1999,1,112,256.49901365933715,60.51979127732662,7.4,1977,1,13.513513513513512
Welfare assessment and risks,2000,1,150,266.57123003775587,62.89628553446071,7.4,1977,1,13.513513513513512
Welfare assessment and risks,2001,0,160,277.03896272372793,65.36610008955,7.4,1977,1,0
Welfare assessment and risks,2002,1,204,287.91774287183404,67.93289944882441,7.4,1977,1,13.513513513513512
Welfare assessment and risks,2003,2,213,299.2237115148268,70.60049201653179,7.4,1977,1,27.027027027027025
Welfare assessment and risks,2004,4,263,310.97364351235706,73.37283574553243,7.4,1977,1,54.05405405405405
Welfare assessment and risks,2005,3,241,323.18497244012303,76.25404400978212,7.4,1977,1,40.54054054054054
Welfare assessment and risks,2006,4,274,335.8758164563633,79.24839170741511,7.4,1977,1,54.05405405405405
Welfare assessment and risks,2007,6,255,349.0650051840811,82.36032160348431,7.4,1977,1,81.08108108108108
Welfare assessment and risks,2008,9,283,362.7721076488781,85.59445092176773,7.4,1977,1,121.62162162162161
Welfare assessment and risks,2009,11,333,377.0174613138527,88.95557819542258,7.4,1977,1,148.64864864864865
Welfare assessment and risks,2010,3,341,391.82220225464465,92.44869038665148,7.4,1977,1,40.54054054054054
Welfare assessment and risks,2011,10,402,407.20829651939215,96.07897028594378,7.4,1977,1,135.13513513513513
Welfare assessment and risks,2012,8,392,423.1985727201334,99.85180420187038,7.4,1977,1,108.1081081081081
Welfare assessment and risks,2013,9,432,439.8167559040124,103.77278995284276,7.4,1977,1,121.62162162162161
Welfare assessment and risks,2014,7,460,457.0875027545355,107.84774517269163,7.4,1977,1,94.5945945945946
Welfare assessment and risks,2015,10,464,475.0364381751183,112.08271594239052,7.4,1977,1,135.13513513513513
Welfare assessment and risks,2016,20,598,493.69019330919355,116.48398576072964,7.4,1977,1,270.27027027027026
Welfare assessment and risks,2017,18,509,513.0764450532943,121.05808486725061,7.4,1977,1,243.24324324324323
Welfare assessment and risks,2018,17,516,533.2239571217427,125.8117999312755,7.4,1977,1,229.7297297297297
Welfare assessment and risks,2019,21,582,554.1626227238637,130.75218412140384,7.4,1977,1,283.78378378378375
Welfare assessment and risks,2020,32,673,575.923508917055,135.88656757042048,7.4,1977,1,432.4324324324324
Welfare assessment and risks,2021,31,679,598.538902701512,141.22256825113917,7.4,1977,1,418.9189189189189
Welfare assessment and risks,2022,38,644,622.0423589250028,146.76810327931904,7.4,1977,1,513.5135135135135
Welfare assessment and risks,2023,33,655,646.4687500687738,152.53140066042593,7.4,1977,1,445.94594594594594
Welfare assessment and risks,2024,60,744,671.8543179884482,158.52101149766497,7.4,1977,1,810.8108108108107
Welfare assessment and risks,2025,97,720,698.2367276866855,164.7458226793984,7.4,1977,1,1310.8108108108108
Welfare assessment and risks,2026,57,487,725.6551231973979,171.21507006477566,7.4,1977,1,770.2702702702702
