lens_id,historical_decision,model_decision,category,model_reason
"000-044-855-401-139","retain","exclude","conflict","The study concerns brown trout, which is not an eligible species, and mentions Atlantic salmon only for comparative genomics; aquaculture is merely a future application rather than the study context."
"001-229-764-611-875","exclude","retain","conflict","The study explicitly examines farm-relevant dietary oils and commercial feeds for Atlantic salmon smolts, establishing both eligible species and aquaculture production context."
"001-926-284-309-021","exclude","retain","conflict","The record explicitly concerns genetically engineered Chinook-derived salmon intended for growers to raise to market size in contained aquaculture systems, directly establishing eligible species and commercial aquaculture relevance."
"002-301-979-291-784","exclude","retain","conflict","The study explicitly concerns rainbow trout (Oncorhynchus mykiss) and medicated feed formulations administered to fish, establishing production-related aquaculture relevance."
"003-074-085-751-736","exclude","retain","conflict","The study examines eligible pink salmon and explicitly evaluates sea-lice interactions adjacent to commercial salmon farms, establishing relevance to salmon aquaculture."
"004-305-648-745-500","retain","exclude","conflict","Although Atlantic salmon and other eligible species are identified, this is a disease survey of wild fish and does not evaluate or meaningfully connect findings to commercial salmon aquaculture."
"005-650-698-664-980","exclude","retain","conflict","The title explicitly identifies rainbow trout and fish feeds, while the Aquaculture journal and Institute of Aquaculture Research affiliation establish an aquaculture production context."
"005-720-262-096-194","exclude","retain","conflict","The study explicitly concerns sockeye salmon (Oncorhynchus nerka) liver meal and its potential use in aquaculture feed formulations."
"006-027-690-315-032","exclude","retain","conflict","The study explicitly concerns cage aquaculture and aquaculture-derived waste, and uses rainbow trout (Oncorhynchus mykiss) to produce labelled fishmeal for aquaculture feed."
"006-327-425-760-447","retain","exclude","conflict","The study concerns Caligus rogercresseyi and generic fish farming, but does not explicitly identify an eligible salmon species or salmon aquaculture context."
"006-781-596-354-275","exclude","retain","conflict","The record explicitly concerns pink salmon and sea lice, with aquaculture identified as a keyword in the context of salmon population dynamics and infestation impacts."
"007-054-954-174-879","retain","exclude","conflict","Although Atlantic salmon (Salmo salar) are identified, the study does not establish that the examined fish were farmed or that the research concerns commercial aquaculture; sea cages are mentioned only as a comparison."
"007-479-060-649-920","exclude","retain","conflict","The study explicitly concerns rainbow trout and uses the National Center for Cool and Cold Water Aquaculture broodstock population, establishing aquaculture relevance."
"007-704-838-639-925","exclude","retain","conflict","The study explicitly examines Atlantic salmon domesticated strains and selective breeding, with aquaculture identified in the keywords and affiliations, establishing commercial aquaculture relevance."
"007-886-690-512-433","exclude","retain","conflict","The study explicitly involves reared Atlantic salmon (Salmo salar) yearlings and compares live zooplankton with commercial fry-food pellets in an Aquaculture journal, establishing production-related aquaculture relevance."
"008-273-650-537-921","exclude","retain","conflict","The study explicitly examines rainbow trout (Oncorhynchus mykiss) fed diets including commercial feed, establishing eligible species and aquaculture-related production context."
"009-196-768-252-964","exclude","retain","conflict","The study explicitly concerns rainbow trout (Oncorhynchus mykiss) and a controlled feeding trial developing formulated trout feed, establishing aquaculture production relevance."
"009-439-832-035-678","exclude","retain","conflict","Rainbow trout is identified in the keywords, and the study explicitly addresses viral disease and fish-health management in aquaculture."
"009-736-558-069-517","exclude","retain","conflict","The abstract explicitly concerns aquaculture vaccines and uses infectious salmon anemia virus, establishing both aquaculture relevance and an eligible salmon context."
"010-082-628-313-681","retain","exclude","conflict","The record establishes aquaculture relevance but provides no evidence of an eligible salmon or rainbow trout species."
"010-392-450-278-578","retain","exclude","conflict","The record provides no evidence of an eligible salmon or rainbow trout species or a specific commercial aquaculture subject beyond the generic journal title."
"010-674-810-726-713","exclude","retain","conflict","The study explicitly examines juvenile Chinook salmon and salmon diets, with aquaculture relevance supported by the Aquaculture Research journal, aquaculture research affiliation, and commercial feed-company affiliation."
"011-197-338-163-247","retain","exclude","conflict","Although the study explicitly concerns rainbow trout, it is an experimental cardiac study and only mentions farmed salmonids as background, without establishing a commercial aquaculture or production context."
"011-996-628-286-270","retain","exclude","conflict","Although Atlantic salmon is explicit, the study examines wild-population genomic structure and conservation, with aquaculture mentioned only as general significance/future application rather than as a production context or impact."
"012-027-195-913-948","exclude","retain","conflict","The study explicitly includes rainbow trout (Oncorhynchus mykiss), and an author affiliation with the Aquaculture Centre establishes the aquaculture context."
"012-096-514-030-405","exclude","retain","conflict","The record explicitly discusses salmon production within Australia’s fisheries industry and identifies aquaculture as the main driver of increased seafood production, establishing relevant commercial aquaculture context."
"013-013-624-389-881","exclude","retain","conflict","The study explicitly examines Atlantic salmon fry and commercial starter diets in a fish-culture production context, establishing relevance to aquaculture."
"013-535-409-154-228","retain","exclude","conflict","Although rainbow trout (Oncorhynchus mykiss) is explicit, the study only uses a commercial pellet meal and provides no clear commercial aquaculture or production context."
"013-941-371-383-757","exclude","retain","conflict","The study explicitly concerns Atlantic salmon (Salmo salar) and includes affiliations with the Institute of Animal and Aquacultural Sciences and Aqua Gen AS, establishing aquaculture relevance."
"014-110-338-756-477","exclude","retain","conflict","The study explicitly concerns coho salmon and evaluates triploidy/transgenics relevant to commercial culture conditions and the commercial sector."
"014-484-297-384-596","exclude","retain","conflict","The book explicitly discusses salmon and Norwegian salmon mega-farms producing 500,000 tons annually, establishing both eligible species and commercial aquaculture context."
"015-297-061-873-564","exclude","retain","conflict","The study explicitly examines Atlantic salmon (Salmo salar) and compares responses under commercial conditions, with involvement of Salmon Enterprises of Tasmania and a School of Aquaculture affiliation."
"015-414-346-641-310","exclude","retain","conflict","The record explicitly concerns Atlantic salmon (Salmo salar) and discusses aquaculture experiments, published in Aquaculture Research."
"015-458-231-753-173","exclude","retain","conflict","The review explicitly discusses genetically modified salmon for farmed fish and food production, which qualifies under the special rule for genetically engineered salmon intended for food production."
"015-669-331-465-152","exclude","retain","conflict","The study explicitly examines Chinook salmon reared in marine net-pens, establishing both an eligible species and aquaculture context."
"016-312-040-562-467","exclude","retain","conflict","The study evaluates Arctic char impacts from salmon lice linked explicitly to intensive salmonid sea-cage aquaculture and aquaculture-driven infestations."
"016-614-203-294-502","exclude","retain","conflict","This book review explicitly concerns salmon aquaculture and its economics, establishing both eligible salmon relevance and commercial aquaculture context."
"018-350-283-244-447","retain","exclude","conflict","Although the species is chum salmon, the study concerns hatchery-reared juveniles released for downstream migration, indicating stock enhancement rather than commercial aquaculture."
"019-439-715-879-575","exclude","retain","conflict","The study explicitly examines farmed juvenile rainbow trout (Oncorhynchus mykiss) in a 10-week feeding trial using commercial soybean meals, establishing both eligible species and aquaculture production relevance."
"020-280-808-819-911","exclude","retain","conflict","The record explicitly concerns Atlantic salmon (Salmo salar) and identifies them as farmed, while assessing integration of the CLYNAV vaccine used in aquaculture production."
"020-531-654-868-510","exclude","retain","conflict","The abstract explicitly identifies farmed Atlantic salmon and examines infectious-disease impacts in aquaculture economics."
"022-599-923-648-318","exclude","retain","conflict","The study explicitly evaluates salmon lice effects on sea trout in relation to exposure from salmon aquaculture, which establishes relevant salmon-farming impact context despite sea trout being the measured species."
"023-030-353-219-174","exclude","retain","conflict","The record explicitly identifies cultured Atlantic salmon (Salmo salar) and freshwater rainbow trout (historical synonym Salmo gairdneri), establishing eligible species and aquaculture context."
"023-068-149-083-218","exclude","retain","conflict","The study explicitly concerns Atlantic salmon (Salmo salar) and evaluates medicated feed and treatments for amoebic gill disease in a production-relevant aquaculture context."
"023-972-327-841-516","exclude","retain","conflict","The abstract explicitly mentions salmon aquaculture products and aquaculture feeds, establishing both eligible species and commercial aquaculture relevance."
"024-283-644-924-916","exclude","retain","conflict","The study examines sockeye salmon (Oncorhynchus nerka) and explicitly discusses implications for aquaculturists considering feed supplementation."
"024-674-088-172-183","retain","exclude","conflict","Although Atlantic salmon are explicitly studied, the record describes an experimental rearing and sea-cage transfer without evidence of commercial aquaculture or production."
"026-189-748-285-196","retain","exclude","conflict","The title establishes aquaculture relevance but provides no evidence of an eligible salmon or rainbow trout species."
"027-225-156-868-787","retain","exclude","conflict","Although the study concerns cultured Atlantic salmon (Salmo salar), it examines hatchery-reared yearlings after release into a river, clearly representing release/restocking rather than commercial aquaculture."
"027-584-394-697-172","exclude","retain","conflict","The abstract explicitly discusses growth-hormone transgenic salmon nearing commercialization, within an aquaculture genetics context."
"028-104-547-532-784","exclude","retain","conflict","The study explicitly examines rainbow trout (Oncorhynchus mykiss) identified as a typical farmed freshwater fish, with effects of frozen storage on edible fillets."
"028-557-445-927-058","exclude","retain","conflict","The study explicitly examines Atlantic salmon and trout using commercial diets and commercial vaccination products for disease prevention, establishing direct aquaculture-production relevance."
"028-958-532-750-593","exclude","retain","conflict","The study explicitly examines Atlantic salmon (Salmo salar) receiving medicated commercial diets in an Aquaculture journal, establishing eligible species and aquaculture-production relevance."
"029-135-410-670-842","exclude","retain","conflict","The abstract explicitly identifies salmon as usually an aquaculture fish and assesses fish samples commercialized in the Minas Gerais market."
"029-599-368-976-500","exclude","retain","conflict","The record explicitly includes salmon in a genome database developed for farmed species, establishing both eligible salmon and aquaculture relevance."
"031-938-983-838-527","exclude","retain","conflict","The study explicitly examines Atlantic salmon (Salmo salar), and its aquaculture relevance is supported by the Aquaculture keyword, Nofima affiliation, and funding from the fisheries and aquaculture research fund."
"032-185-201-230-123","exclude","retain","conflict","The abstract explicitly concerns Atlantic salmon feed and commercial Atlantic salmon feed samples, establishing both an eligible species and aquaculture-production relevance."
"035-432-352-413-183","exclude","retain","conflict","The study explicitly concerns Lepeophtheirus salmonis (salmon louse) and secretions associated with disease in farmed salmonids, establishing direct relevance to salmon aquaculture."
"036-403-936-016-134","exclude","retain","conflict","The abstract explicitly concerns Atlantic salmon in net pen culture and salmonid jumping used in aquaculture to control sea lice, establishing eligible species and commercial aquaculture relevance."
"036-455-237-531-617","exclude","retain","conflict","The abstract explicitly discusses wild–farm salmon hybridization, establishing both eligible salmon and a farmed-aquaculture context despite the record being an issue overview."
"036-960-343-432-126","exclude","retain","conflict","The record explicitly concerns Atlantic salmon and rainbow trout and reports rainbow-trout eDNA released from upstream land-based rainbow-trout farms, establishing a direct aquaculture connection."
"038-195-124-607-747","retain","exclude","conflict","Although rainbow trout (Oncorhynchus mykiss) is explicit, the study concerns simulated catch-and-release and sampling, with aquaculture mentioned only as a possible future application rather than as the production context."
"038-648-424-487-328","exclude","retain","conflict","The study explicitly concerns coho and Chinook salmon and states that feminization enhances female proportions for the commercial culture of Pacific salmon."
"038-951-058-430-71X","exclude","retain","conflict","The abstract explicitly identifies a fisheries segment involved in hatching, growing, and processing fresh farmed salmon in North America and Chile."
"039-092-182-886-259","exclude","retain","conflict","The record explicitly studies farmed rainbow trout (Oncorhynchus mykiss) during the fattening phase at the Truchas Cocora Piscine Unit, including commercial feed treatments."
"039-556-126-021-130","exclude","retain","conflict","The abstract explicitly identifies AquAdvantage salmon as a genetically engineered food animal commercialized for food production, establishing eligible salmon and commercial aquaculture relevance."
"039-717-494-527-025","exclude","retain","conflict","The abstract explicitly includes Atlantic salmon (Salmo salar) and discusses aquaculture feed/fishmeal, establishing eligible species and aquaculture relevance."
"039-877-386-796-642","exclude","retain","conflict","The study explicitly examines eligible rainbow trout, Chinook salmon, and sockeye salmon and assesses SVCV risk to cultured fish populations, including outbreaks at a koi farm."
"041-104-913-713-595","exclude","retain","conflict","The record explicitly studies farmed Norwegian Atlantic salmon (Salmo salar) and smoking/processing of farmed fish, establishing both eligible species and commercial aquaculture relevance."
"042-088-013-094-863","retain","exclude","conflict","The record concerns a memoir of commercial wild salmon fishing, with farmed salmon mentioned only as background rather than as an aquaculture subject or impact."
"043-743-057-923-381","retain","exclude","conflict","Although Atlantic salmon is explicit, the fish were hatchery-reared and sea-ranched for release and recapture, representing stock enhancement rather than commercial aquaculture."
"044-942-680-828-392","retain","exclude","conflict","The record reviews mollusk farming; salmon farming is mentioned only as comparative background, with no eligible salmon species or salmon-aquaculture subject studied."
"045-087-585-820-378","exclude","retain","conflict","The abstract explicitly discusses aquaculture disease control and vaccination in the salmon industry, establishing both eligible salmon relevance and commercial aquaculture context."
"045-358-486-352-144","exclude","retain","conflict","The record explicitly concerns aquaculture breeding and identifies rainbow trout and Atlantic salmon as farmed aquaculture species."
"046-543-312-193-957","exclude","retain","conflict","The record explicitly studies farmed Atlantic salmon post-smolts and commercial diets in an aquaculture-focused journal, establishing eligible species and aquaculture relevance."
"047-306-854-012-994","retain","exclude","conflict","Although aquaculture and farmed patches are mentioned, no eligible salmon or rainbow trout species, or explicit salmon-farming context, is identified; the pathogen name alone cannot establish species eligibility."
"048-367-507-519-788","exclude","retain","conflict","The abstract explicitly identifies AquaAdvantage salmon in the context of genetic engineering to improve animal production traits, establishing eligible salmon and food-production relevance."
"048-552-128-671-397","exclude","retain","conflict","The study examines salmon processing facilities and is funded by the Fishery and Aquaculture Industrial Research Fund, establishing relevant salmon aquaculture/processing context."
"048-684-438-210-021","exclude","retain","conflict","The study explicitly examines rainbow trout (Oncorhynchus mykiss) fed a commercially extruded aquaculture diet in a recirculating freshwater system, establishing commercial aquaculture relevance."
"048-973-865-968-735","exclude","retain","conflict","The record explicitly identifies Atlantic salmon and discusses viral diseases and immune defenses in salmonid aquaculture, including farmed fish and major impacts on salmonid aquaculture."
"051-264-548-205-693","exclude","retain","conflict","The record explicitly concerns Atlantic salmon and identifies aquaculture economics and seafood-market demand, establishing relevance to commercial salmon aquaculture."
"052-773-768-921-861","exclude","retain","conflict","The record explicitly concerns aquaculture and consumer preferences for sustainably produced salmon, including IMTA production and salmon products."
"054-933-345-354-503","exclude","retain","conflict","The study explicitly examines farm-relevant feeding of rainbow trout (Oncorhynchus mykiss) with probiotic-supplemented commercial feed in experimental tanks."
"056-984-063-728-063","retain","exclude","conflict","The study concerns Mediterranean sea bream, sea bass, and tuna aquaculture; farmed salmon is mentioned only as background, so the eligible-species/relevant salmon-farming gate is not met."
"057-905-144-154-485","exclude","retain","conflict","The record explicitly studies farmed Atlantic salmon pre-smolts fed experimental diets, establishing both an eligible species and aquaculture production context."
"058-004-709-560-033","retain","exclude","conflict","Rainbow trout is explicit, but the record describes only a laboratory dietary exposure experiment and does not establish commercial aquaculture or farmed-fish context."
"062-932-647-602-504","retain","exclude","conflict","Although juvenile Chinook salmon are studied, the record concerns harmful algal blooms affecting wild salmon and mentions salmon farms only as background comparison, without evaluating commercial aquaculture."
"064-687-969-464-243","exclude","retain","conflict","The study explicitly concerns rainbow trout (Oncorhynchus mykiss) maintained under commercial conditions and examines feeding regimes relevant to aquaculture production."
"065-150-011-813-990","exclude","retain","conflict","The record explicitly studies farmed Atlantic salmon in sea-cages, using commercial feed, and directly concerns aquaculture product quality and production."
"065-284-538-444-259","exclude","retain","conflict","The study examines smoked salmon and explicitly compares organic and conventional aquaculture production methods, establishing both eligible salmon and commercial aquaculture relevance."
"065-346-685-398-345","exclude","retain","conflict","The study explicitly examines farm-relevant diets containing fishmeal and soy protein for juvenile Atlantic salmon (Salmo salar), with commercial feed and EWOS Innovation involvement establishing aquaculture relevance."
"065-754-211-228-128","exclude","retain","conflict","The title identifies Atlantic salmon, and the keywords explicitly establish aquaculture/salmon-farm context and sea-lice impacts."
"065-962-938-330-242","exclude","retain","conflict","The record explicitly discusses salmon and salmonid production alongside aquaculture production systems and aquaculture science, establishing relevant aquaculture context."
"067-305-262-121-979","exclude","retain","conflict","The abstract explicitly identifies salmon as commercially farmed marine finfish and analyzes aquaculture production and commercialization prospects in an aquaculture-focused journal."
"068-505-318-470-733","exclude","retain","conflict","The record explicitly concerns farmed fish and identifies Atlantic salmon, Chinook salmon, coho salmon, and rainbow trout in a disease context."
"069-221-896-937-296","exclude","retain","conflict","The record explicitly concerns Atlantic salmon (Salmo salar) and identifies salmon farmers as participants in the policy and ecological debate, establishing a connection to salmon aquaculture."
"074-680-412-399-465","exclude","retain","conflict","The record explicitly concerns salmon meal (an eligible salmon-derived fishmeal) in a commercial-scale captive aquaculture feeding trial, satisfying the fishmeal inclusion rule."
"077-772-072-370-566","exclude","retain","conflict","The abstract explicitly discusses antimicrobial use in salmon farms and fish farming, establishing both relevant salmon context and aquaculture relevance."
"078-101-002-663-530","exclude","retain","conflict","The study explicitly examines farm-relevant production of rainbow trout (Oncorhynchus mykiss) larvae using commercial feed in tanks, establishing both eligible species and aquaculture context."
"078-152-640-988-559","exclude","retain","conflict","The record explicitly concerns female rainbow trout (Oncorhynchus mykiss) and is linked to aquaculture through the Aquaculture Europe venue and an affiliation in Nutrition, Métabolisme, Aquaculture."
"079-495-879-827-256","retain","exclude","conflict","The record concerns fisheries around the Tasman Peninsula but provides no evidence of an eligible salmon or rainbow trout species or commercial aquaculture context."
"080-793-600-167-491","retain","exclude","conflict","Rainbow trout is explicit, but the record describes an experimental infection and nanoparticle treatment study without establishing commercial aquaculture or farm-production context."
"080-837-886-489-024","exclude","retain","conflict","The record explicitly concerns salmon and evaluates a feed additive, including its proposed use in land-based aquaculture."
"081-531-021-531-021","exclude","retain","conflict","Rainbow trout (Oncorhynchus mykiss) is explicitly studied, and the Aquaculture Nutrition journal plus stated applicability to formulated diets establish aquaculture relevance."
"082-321-254-271-41X","exclude","retain","conflict","The record explicitly concerns Atlantic salmon (Salmo salar) and includes aquaculture as a keyword, establishing the eligible species and aquaculture relevance despite its population-genetic focus."
"085-506-031-258-947","exclude","retain","conflict","The abstract explicitly discusses gene-modified salmon intended for food production in fish farms, establishing both an eligible salmon species and aquaculture relevance."
"085-966-615-655-118","exclude","retain","conflict","The record explicitly mentions introduced farmed salmon and evaluates streamflow changes with projected impacts on salmon production, establishing a clear aquaculture connection."
"086-258-637-122-936","exclude","retain","conflict","The record explicitly mentions salmon and discusses aquaculture, fish farming, and nutritional manipulation of farmed fish."
"090-426-639-893-288","exclude","retain","conflict","The study explicitly concerns rainbow trout (Oncorhynchus mykiss) held at commercially relevant densities in growout and harvest tanks, establishing commercial aquaculture relevance."
"091-752-000-131-880","exclude","retain","conflict","The study explicitly examines whitefish farmed alongside a rainbow trout net pen in real aquaculture settings, establishing relevant rainbow trout aquaculture context despite whitefish being the primary measured species."
"092-972-352-261-022","exclude","retain","conflict","The study explicitly examines farmed rainbow trout (Oncorhynchus mykiss) fed commercial diets and evaluates growth under raising conditions, establishing aquaculture relevance."
"093-266-162-276-328","exclude","retain","conflict","The abstract explicitly concerns aquacultured salmon seafood reference materials and compares them with wild-caught salmon, establishing both eligible salmon and aquaculture context."
"093-300-468-622-509","exclude","retain","conflict","The record explicitly studies farmed Atlantic salmon (Salmo salar) fed commercial freshwater feeds, with aquaculture research affiliations and funding, establishing both species and commercial aquaculture relevance."
"094-336-294-310-871","exclude","retain","conflict","The study concerns eligible Chinook salmon and explicitly discusses implications for commercial rearing practices, establishing aquaculture relevance despite its conservation focus."
"096-080-584-818-477","exclude","retain","conflict","The study examines salmon sold in commercial supermarkets and fish markets and explicitly assesses labels identifying salmon as farmed or wild, establishing relevance to farmed salmon products."
"096-839-233-163-30X","exclude","retain","conflict","The record explicitly concerns Atlantic salmon and an oral vaccine in aquaculture, establishing both eligible species and production-related aquaculture relevance."
"099-647-899-363-052","exclude","retain","conflict","The study explicitly examines farmed post-smolt Atlantic salmon (Salmo salar) fed experimental diets, establishing both eligible species and aquaculture production relevance."
"100-783-434-753-018","retain","exclude","conflict","The record concerns in-pack processed fish products but identifies no eligible salmon or rainbow trout species and provides no aquaculture or farmed-product context."
"101-692-051-749-831","retain","exclude","conflict","No eligible salmon or rainbow trout species is identified, and the title provides only generic fish husbandry context."
"103-942-393-267-551","exclude","retain","conflict","The abstract explicitly discusses farmed salmon (oppdrettslaks) within industrial food systems, including related regulation, quality, and safety."
"104-135-827-457-543","exclude","retain","conflict","The study explicitly examines farmed rainbow trout (Oncorhynchus mykiss) fed experimental diets and states cultivation under commercial conditions, establishing both eligible species and aquaculture relevance."
"105-533-527-198-826","exclude","retain","conflict","The abstract explicitly identifies the expanding Atlantic salmon (Salmo salar) industry and discusses aquaculture production and farm impacts, establishing both eligible species and commercial aquaculture relevance."
"107-017-971-533-08X","exclude","retain","conflict","The record explicitly concerns Atlantic salmon and rainbow trout aquaculture and examines salmon-lice control and cleaner-fish use, including farmed cleaner fish and sea-cage production."
"107-129-028-716-842","retain","exclude","conflict","Although Chinook salmon, coho salmon, and rainbow trout are identified, the study concerns state hatcheries, broodstock, and pre-stocking fingerlings for fisheries enhancement rather than commercial aquaculture."
"107-527-803-934-562","exclude","retain","conflict","The abstract explicitly concerns feeds for trout and salmon, and their production-related feed categories in the aquaculture journal Aquaculture establish commercial aquaculture relevance."
"107-960-188-304-813","exclude","retain","conflict","The abstract explicitly concerns salmon farming, including sea-lice treatments and environmental impacts of salmon production, establishing both eligible salmon context and commercial aquaculture relevance."
"108-876-067-739-065","exclude","retain","conflict","The abstract explicitly mentions salmon seafood products and contamination in fish-farm-purchased fish, establishing an aquaculture-related seafood-processing context."
"121-168-160-472-119","retain","exclude","conflict","The study concerns farmed gilthead sea bream and European sea bass, neither eligible species; “farmed salmon oil” is only a diet ingredient and does not establish salmon aquaculture relevance."
"121-831-341-838-819","exclude","retain","conflict","The aquaculture-focused book explicitly includes egg production in rainbow trout and farming-related aquaculture chapters, establishing both eligible species and aquaculture relevance."
"121-921-349-218-20X","exclude","retain","conflict","The record explicitly concerns chum salmon (Oncorhynchus keta) and includes “aquaculture” as a keyword, establishing eligible species and aquaculture relevance."
"123-038-194-554-195","retain","exclude","conflict","Although rainbow trout (Oncorhynchus mykiss) and European fish farms are mentioned, the study concerns naturalized populations introduced into rivers and lakes, not commercial aquaculture."
"124-729-005-238-45X","retain","exclude","conflict","Although the record concerns pisciculture, the only salmon reference is to salmon GnRH as a peptide sequence, while the breeding subject is unspecified fish and murrel (Channa punctatus), not an eligible salmon or rainbow trout species."
"124-895-780-930-010","exclude","retain","conflict","The title explicitly identifies Atlantic salmon smolt and commercially available feed products, establishing an eligible species and production-related aquaculture context."
"125-337-114-424-482","retain","exclude","conflict","The study concerns wild sea trout (Salmo trutta) artificially infested with salmon lice in a farming-free area, with no explicit connection to commercial salmon aquaculture."
"127-279-183-983-472","exclude","retain","conflict","The abstract explicitly concerns farmed Atlantic salmon (Salmo salar), escapes from Norwegian salmon farms, and their potential impacts on wild populations."
"127-473-193-003-561","exclude","retain","conflict","The study explicitly concerns rainbow trout and a strain evolved in a commercial hatchery, establishing an eligible species and aquaculture-production context."
"128-416-605-861-526","exclude","retain","conflict","The study concerns coho salmon (Oncorhynchus kisutch) reared in a commercial hatchery, establishing eligible species and commercial aquaculture context."
"128-672-235-856-49X","exclude","retain","conflict","The title identifies rainbow trout pathogens and the abstract explicitly frames the antimicrobial application as being for aquaculture."
"131-128-657-264-91X","exclude","retain","conflict","The abstract explicitly addresses commercial aquaculture feed and identifies salmon farming as a production context."
"132-129-834-973-559","retain","exclude","conflict","Although Salmo salar is studied, the record concerns oil-spill contamination and does not establish that the salmon were farmed or that the study meaningfully evaluates commercial aquaculture."
"132-419-070-663-854","exclude","retain","conflict","The proceedings explicitly include a study of Atlantic salmon feeding management in fish farming, establishing both eligible species and aquaculture relevance."
"135-777-526-779-900","exclude","retain","conflict","The record explicitly concerns Chilean salmon-dumping and aquaculture exports and their socioeconomic impacts on artisanal fishers, establishing relevant salmon aquaculture context."
"136-095-963-630-045","exclude","retain","conflict","The study explicitly concerns Atlantic salmon (Salmo salar) and uses a commercial LHRHa treatment to manipulate spawning, establishing production-related aquaculture relevance."
"136-452-631-072-457","exclude","retain","conflict","The record explicitly includes rainbow trout (Oncorhynchus mykiss) and concerns commercial fish products in the explicitly aquaculture-focused Israeli Journal of Aquaculture."
"140-221-912-543-477","exclude","retain","conflict","The record explicitly identifies rainbow trout syndrome and aquaculture, and develops a model for a pathogen affecting rainbow trout production, despite using zebrafish experimentally."
"141-404-875-128-423","exclude","retain","conflict","The abstract explicitly discusses salmon, predominantly farmed, in a review of chemical contaminants and seafood safety, establishing both eligible species and aquaculture relevance."
"142-709-164-496-530","exclude","retain","conflict","The record explicitly studies rainbow trout (Salmo gairdnerii, a historical synonym of Oncorhynchus mykiss) fed experimental and commercial diets in the aquaculture journal Aquaculture, establishing eligible aquaculture relevance."
"143-116-032-673-569","exclude","retain","conflict","The study explicitly examines fish density during harvesting at the Salmar salmon plant, establishing commercial salmon aquaculture context."
"143-159-337-417-750","exclude","retain","conflict","The study explicitly examines Atlantic salmon fed a commercial diet and a CpG functional feed, establishing both an eligible species and aquaculture production context."
"143-590-445-689-719","exclude","retain","conflict","The study explicitly examines Atlantic salmon and digestibility of commercial salmon feeds, establishing both eligible species and commercial aquaculture relevance."
"145-211-765-389-635","exclude","retain","conflict","The study identifies Atlantic salmon and coho salmon and explicitly connects putative Atlantic salmon in Pacific waters to controversy over farmed salmon and potential effects on native species."
"146-629-177-534-255","exclude","retain","conflict","The record explicitly concerns industrial aquaculture and salmon farming, including compound feed and fishmeal markets for cultivating salmon."
"147-120-394-816-675","retain","exclude","conflict","Rainbow trout is identified, but the record describes experimental injection and caged field observations with no commercial aquaculture or farming context."
"151-414-579-956-058","exclude","retain","conflict","The abstract explicitly discusses cultured fish and freshwater aquaculture, including salmon and trout, establishing both eligible species context and aquaculture relevance."
"152-359-946-831-386","exclude","retain","conflict","The abstract explicitly discusses AGD affecting cultured Atlantic salmon (Salmo salar) and diagnostic methods in aquaculture, establishing both eligible species and commercial aquaculture relevance."
"155-825-034-915-864","exclude","retain","conflict","The book explicitly addresses salmon farm pollutants and juvenile growth, establishing salmon aquaculture relevance, and also identifies Atlantic salmon in its ecological modeling content."
"158-232-013-092-956","exclude","retain","conflict","The abstract explicitly includes a segment on “farmed salmon” and its health effects, establishing both eligible salmon and aquaculture relevance."
"167-272-593-334-52X","exclude","retain","conflict","The study directly examines rainbow trout, and publication in the explicitly aquaculture-focused journal Aquaculture establishes the relevant aquaculture context."
"168-837-111-142-528","exclude","retain","conflict","The study concerns rainbow trout fillets and includes an affiliation with an Inland Water Aquaculture Research Center, establishing relevant aquaculture context for this processing study."
"170-288-100-256-151","retain","exclude","conflict","Although pink, chum, coho, and sockeye salmon are identified, the study concerns hatchery-based artificial reproduction solely for juvenile release and replenishment of wild fish stocks, which is excluded from commercial aquaculture."
"170-697-030-136-257","exclude","retain","conflict","The study explicitly concerns pink salmon (Oncorhynchus gorbuscha) byproducts developed as feed ingredients for larval starter diets and dietary formulations, establishing aquaculture relevance."
"172-682-844-397-385","exclude","retain","conflict","The book explicitly covers fish farming and farmed salmon, establishing both an eligible species and aquaculture context."
"180-773-105-827-197","exclude","retain","conflict","The abstract explicitly identifies Atlantic salmon and rainbow trout and discusses diseases and pathogens in aquaculture species, including outbreaks that can wipe out farms."
"181-084-337-722-792","exclude","retain","conflict","The study explicitly examines farmed Atlantic salmon (Salmo salar) pre-smolts receiving experimental feeds during production, establishing both eligible species and aquaculture relevance."
"184-100-667-122-833","exclude","retain","conflict","The title explicitly concerns salmon pancreas disease research at the Institute of Aquaculture, establishing both eligible salmon context and an aquaculture setting."
"187-006-059-366-330","exclude","retain","conflict","The record explicitly concerns Atlantic salmon (Salmo salar) and commercial fish processing lines, grading, filleting, and industrial production, establishing relevance to commercial aquaculture products and processing."
"190-239-196-334-381","exclude","retain","conflict","The abstract explicitly studies rainbow trout (Oncorhynchus mykiss) and stress in farmed fish, including transport and stocking-density conditions."
"191-110-764-638-199","retain","exclude","conflict","Although Atlantic salmon (Salmo salar) are studied, the record describes experimental exposure and fish confined in sea pens after an oil spill without establishing commercial aquaculture or farm context."
"194-807-857-248-535","exclude","retain","conflict","The record explicitly concerns salmon population reproduction using farm biotechnology, sea cages, and recirculating aquaculture system hatcheries and farms."
"000-177-213-507-256","exclude","retain","conflict","The study explicitly examines farmed Atlantic salmon (Salmo salar), establishing both eligible species and aquaculture context, in relation to frying and nutritional quality."
"000-818-284-655-448","exclude","retain","conflict","The study uses salmon bones from the explicitly stated salmon fisheries and farming industry, establishing both eligible salmon relevance and aquaculture/processing context."
"001-608-253-757-194","exclude","retain","conflict","The study explicitly examines farmed rainbow trout fed experimental diets, with aquaculture context established by the Journal of the World Aquaculture Society and aquaculture-focused fish culture affiliations."
"001-722-357-560-854","retain","exclude","conflict","The record identifies only generic hatchery-raised fish, with no eligible salmon or rainbow trout species and no clear commercial aquaculture context."
"001-763-478-906-250","exclude","retain","conflict","The abstract explicitly concerns PRV infecting farmed salmon and trout, establishing both eligible salmon context and aquaculture relevance."
"001-986-658-318-235","retain","exclude","conflict","The study concerns salmonid vaccination in Chilean salmon farming but identifies the directly studied fish only as generic salmonids, with no eligible salmon or rainbow trout species specified."
"002-958-681-663-924","exclude","retain","conflict","The study explicitly examines farmed rainbow trout (Oncorhynchus mykiss), establishing both eligible species and aquaculture context."
"004-367-661-861-374","retain","exclude","conflict","Atlantic salmon is mentioned only as an illustrative example of infectious salmon anemia, while the chapter broadly concerns bacterial pathogens of marine fish rather than salmon aquaculture."
"004-699-327-737-90X","exclude","retain","conflict","The record explicitly concerns rainbow trout (Oncorhynchus mykiss) and discusses aquaculture management, production, health, and productivity."
"005-784-504-282-719","retain","exclude","conflict","Although coho salmon and rainbow trout are identified, the experiments lack an established commercial aquaculture context and only suggest possible commercial use."
"006-537-527-938-432","retain","exclude","conflict","The study examines wild juvenile Chinook salmon during their first ocean year; the mention of farmed Chinook is only comparative and does not establish a substantive commercial aquaculture connection."
"006-755-578-665-37X","exclude","retain","conflict","The abstract explicitly situates the benthic survey as occurring prior to salmon aquaculture in Cobscook Bay, establishing a direct connection to salmon-farming impacts, although no salmon species is directly measured."
"008-133-443-883-317","exclude","retain","conflict","The study explicitly examines farmed rainbow trout (Oncorhynchus mykiss) and uses a commercial trout starter feed, establishing both eligible species and aquaculture-production context."
"009-035-260-689-762","exclude","retain","conflict","The study explicitly examines rainbow trout (Oncorhynchus mykiss) receiving commercial vaccination and oral antibiotics, establishing production-related aquaculture relevance."
"009-267-037-166-048","exclude","retain","conflict","The study explicitly examines farmed rainbow trout (Oncorhynchus mykiss) receiving experimental diets in an aquaculture-focused journal, establishing eligible species and production-related aquaculture relevance."
"009-322-204-388-22X","exclude","retain","conflict","The study explicitly examines farm-relevant feeding and growth of rainbow trout (Oncorhynchus mykiss) in the aquaculture journal Aquaculture, using commercial diet and production traits."
"011-049-171-805-097","exclude","retain","conflict","The study explicitly examines rainbow trout (Oncorhynchus mykiss) and uses commercial trout feed in a production-related dietary experiment, establishing eligible species and aquaculture relevance."
"011-481-829-815-914","exclude","retain","conflict","The abstract explicitly concerns salmon aquaculture, and the Scottish Sea Farms affiliation confirms a commercial aquaculture context."
"012-296-388-996-319","exclude","retain","conflict","The abstract explicitly discusses feeding farmed fish such as salmon with Eisenia fetida, establishing both eligible salmon relevance and aquaculture context."
"013-581-782-546-50X","exclude","retain","conflict","The study explicitly examines Atlantic salmon (Salmo salar) and includes a challenge strain isolated from farmed Atlantic salmon, establishing direct relevance to farmed salmon disease control."
"014-467-024-024-38X","exclude","retain","conflict","The record explicitly identifies farmed Atlantic salmon (Salmo salar) and uses pathogens highly pathogenic in farmed salmon within an aquaculture disease study."
"014-698-145-546-019","exclude","retain","conflict","The title and abstract explicitly identify rainbow trout (Salmo gairdneri, a historical synonym) and a 177-day dietary growth trial in Aquaculture, establishing relevance to farmed aquaculture nutrition."
"014-883-957-187-538","exclude","retain","conflict","The title and abstract explicitly identify rainbow trout (Oncorhynchus mykiss) and evaluate commercial feed substitution in a controlled aquaculture diet study, supported by the aquaculture journal and fish culture station affiliations."
"015-740-892-219-866","exclude","retain","conflict","The study explicitly examines farmed/commercial rainbow trout (Oncorhynchus mykiss) and experimental compound-feed energy levels, establishing eligible aquaculture production context."
"017-411-799-999-63X","retain","exclude","conflict","Although the study involves eligible coho salmon in net pens, the fish are fed only until release and evaluated by adult returns, indicating hatchery/release stock enhancement rather than commercial aquaculture."
"017-784-418-162-214","exclude","retain","conflict","The study concerns smoked salmon and explicitly links the product and salmine waste stream to salmon aquaculture, establishing eligible salmon and commercial aquaculture relevance."
"017-999-643-766-303","exclude","retain","conflict","The study explicitly examines rainbow trout (Salmo gairdneri) fed commercial-feed-like diets in the aquaculture journal Aquaculture, establishing eligible species and production-related context."
"018-263-712-099-546","exclude","retain","conflict","The record explicitly concerns rainbow trout and cultured salmonids, including hatchery fish, in relation to proliferative kidney disease transmission."
"018-877-018-882-991","exclude","retain","conflict","The record explicitly studies farmed/industrial processing and shelf-life of Atlantic salmon (Salmo salar) fillets under commercial conditions, establishing both eligible species and aquaculture relevance."
"019-046-718-079-402","exclude","retain","conflict","The study explicitly uses smoked salmon carcass meal and concerns fish-processing residues in the aquaculture sector, establishing eligible salmon and aquaculture relevance."
"019-235-626-988-003","exclude","retain","conflict","The abstract explicitly studies salmon fry fed a commercial salmon diet in an Aquaculture journal, establishing an eligible salmon species and aquaculture production context."
"019-748-346-330-702","exclude","retain","conflict","The abstract explicitly studies farmed salmon in a controlled seafood dietary study, establishing both eligible salmon context and aquaculture origin."
"020-172-202-457-997","retain","exclude","conflict","Although Pacific salmon and private salmon farms are identified, the study concerns ocean ranching and release of juvenile salmon for growth and survival at sea, an explicitly excluded non-commercial stock-enhancement context."
"020-904-956-616-713","exclude","retain","conflict","The study explicitly examines rainbow trout (Oncorhynchus mykiss) and evaluates a dietary nutrient requirement, a production-related aquaculture feeding topic."
"022-027-190-792-780","exclude","retain","conflict","The study explicitly concerns Atlantic salmon and has an aquaculture-focused affiliation (Institute of Aquaculture), with clonal lines developed as resources for commercially important traits."
"022-085-265-628-578","retain","exclude","conflict","Salmon aquaculture is mentioned only incidentally as an illustrative comparison in an oil-industry article, not as the subject of aquaculture research or operations."
"022-890-325-503-040","exclude","retain","conflict","The record explicitly studies commercial processing of salmon muscle and includes an affiliation with the Norwegian Institute of Fisheries and Aquaculture Ltd., establishing relevant aquaculture context."
"023-508-869-030-444","exclude","retain","conflict","The study examines rainbow trout (Salmo gairdneri, a historical synonym of Oncorhynchus mykiss) fed commercial diets in the aquaculture-focused journal Aquaculture International, establishing aquaculture relevance."
"025-945-940-504-031","exclude","retain","conflict","The study explicitly concerns rainbow trout (Oncorhynchus mykiss) breeding programs and genetic evaluation at the NCCCWA facility, establishing aquaculture production relevance."
"026-193-776-916-217","exclude","retain","conflict","The study explicitly examines Atlantic salmon (Salmo salar) fed a commercial diet in a field experiment, and its Journal of Applied Aquaculture context and aquaculture-related affiliations establish commercial aquaculture relevance."
"026-364-817-832-401","exclude","retain","conflict","The record explicitly mentions salmon and aquaculture breeding, establishing both eligible species context and aquaculture relevance."
"027-107-809-014-58X","exclude","retain","conflict","The study explicitly concerns rainbow trout (Oncorhynchus mykiss) broodstocks, families, reproduction, and commercial experimental diets, establishing a farmed production and aquaculture context."
"027-349-877-578-08X","exclude","retain","conflict","The abstract explicitly concerns marine farmed Atlantic salmon and farmed halibut aquaculture, establishing eligible salmon and aquaculture relevance despite the case study focusing on halibut."
"027-802-702-277-464","exclude","retain","conflict","The record explicitly concerns Atlantic salmon (Salmo salar) and aquafeed production, including commercially produced feed ingredients for aquafeed manufacturers."
"028-694-080-432-140","exclude","retain","conflict","The abstract explicitly mentions salmon and trout in aquaculture production and examines fishmeal, meeting the fishmeal inclusion rule."
"029-041-532-798-724","exclude","retain","conflict","The review explicitly addresses commercial aquaculture and includes farmed salmon among the species covered in Latin America."
"029-557-969-178-701","retain","exclude","conflict","The review uses only generic salmonid/salmon-and-trout terminology and primarily concerns wild and hatchery straying, without clearly establishing an eligible species or a commercial aquaculture focus."
"029-867-142-745-53X","exclude","retain","conflict","The study explicitly concerns Atlantic salmon (Salmo salar), and the author affiliation is the Faculty of Biosciences and Aquaculture, establishing an aquaculture-focused context."
"030-709-414-459-791","exclude","retain","conflict","The study explicitly tests eligible Atlantic salmon, rainbow trout, and Chinook salmon, and is published in the aquaculture-focused journal Aquaculture."
"031-157-792-639-187","exclude","retain","conflict","The title and abstract explicitly identify rainbow trout (Oncorhynchus mykiss) and evaluate feed-ingredient phosphorus digestibility, establishing aquaculture production relevance."
"032-421-123-773-30X","retain","exclude","conflict","Although rainbow trout are tested, the aquaculture context is an eel farm and the trout are used only in an experimental challenge, with no evidence that they are farmed or connected to commercial salmonid aquaculture."
"032-745-175-408-604","exclude","retain","conflict","The study explicitly concerns rainbow trout (Oncorhynchus mykiss) and infectious-disease vaccination, with virus isolates obtained from a commercial hatchery, establishing aquaculture relevance."
"032-907-633-879-737","retain","exclude","conflict","The study directly examines only unspecified salmonid fish, which does not satisfy the eligible-species criterion despite its Chilean aquaculture context."
"033-095-936-120-352","retain","exclude","conflict","Although the record concerns aquafeeds and mentions salmon, salmon is only an illustrative example and no eligible species is established as the study subject."
"033-648-922-734-107","exclude","retain","conflict","The record identifies rainbow trout (Parasalmo mykiss, a historical synonym of Oncorhynchus mykiss) and explicitly examines artificial rearing in brackish-water cages, escaped cage fish, and their interaction with wild populations."
"034-254-057-350-428","exclude","retain","conflict","The study explicitly examines farm-relevant disease resistance in rainbow trout (Oncorhynchus mykiss) using supplemented diets, with production problems and marine fish aquaculture stated in the abstract."
"035-647-212-976-230","exclude","retain","conflict","The study explicitly concerns rainbow trout and evaluates a vaccine with commercial potential for controlling disease in aquaculture, supported by the Aquaculture Research Institute affiliation."
"035-958-474-166-80X","exclude","retain","conflict","The study evaluates commercial salmon feeds, explicitly connecting it to salmon aquaculture production inputs, despite measuring responses in cod."
"036-192-874-521-591","retain","exclude","conflict","Rainbow trout (Oncorhynchus mykiss) is explicit, but the study does not establish a commercial aquaculture or farmed-production context; it only notes potential implications for aquaculture."
"036-226-494-747-743","exclude","retain","conflict","The study explicitly examines rainbow trout cell lines and addresses Saprolegnia losses and disease control in the aquaculture industry."
"039-992-187-206-703","exclude","retain","conflict","The record explicitly references farmed rainbow trout and salmon in Lake Onega and diagnostic relevance to fish farms, establishing eligible species and aquaculture context despite the primary host being brown trout."
"041-394-676-590-672","exclude","retain","conflict","The record explicitly concerns sea lice affecting farmed salmonids and includes aquaculture and salmon keywords, establishing relevant salmon aquaculture context."
"042-201-536-684-610","exclude","retain","conflict","The study explicitly examines rainbow trout (Oncorhynchus mykiss) in feeding trials with formulated feeds and addresses phosphorus discharge from fish farms, establishing aquaculture relevance."
"042-912-369-826-140","retain","exclude","conflict","Chinook salmon is explicitly identified, but the study concerns serum-free cultivation of an embryo cell line without evidence of commercial aquaculture or production context."
"044-349-137-940-318","exclude","retain","conflict","The study explicitly examines farm-relevant dietary probiotic administration in juvenile rainbow trout (Oncorhynchus mykiss), an eligible species, including growth, health, and disease resistance."
"044-469-730-917-094","exclude","retain","conflict","The abstract explicitly addresses aquaculture antibiotic use and environmental impacts, including high-value salmon production systems."
"045-050-552-452-450","exclude","retain","conflict","The record explicitly identifies rainbow trout (Oncorhynchus mykiss) and evaluates its introduction, use in aquaculture, and ecological impacts after escape from aquaculture facilities."
"045-695-268-399-46X","exclude","retain","conflict","The title explicitly concerns Norway and Scotland salmon farms, establishing relevant commercial salmon aquaculture context."
"046-587-307-319-089","retain","exclude","conflict","Although Atlantic salmon is mentioned, the aquaculture context concerns farmed Atlantic halibut rather than salmon or rainbow trout aquaculture."
"047-532-251-825-625","retain","exclude","conflict","Although steelhead trout (Oncorhynchus mykiss) is identified, the study concerns effluent from hatchery salmonid culture for conservation lamprey rearing and provides no evidence of commercial aquaculture."
"047-850-336-573-90X","exclude","retain","conflict","The study explicitly examines farm-relevant feeding and growth of rainbow trout (Oncorhynchus mykiss) in a Laboratory of Aquaculture experiment."
"048-096-984-543-922","exclude","retain","conflict","The study explicitly examines farm-reared Atlantic salmon (Salmo salar) smolts, including rearing, vaccination, and seawater transfer, establishing commercial aquaculture relevance."
"048-562-521-927-271","exclude","retain","conflict","The record explicitly identifies rainbow trout (Oncorhynchus mykiss) in the context of inland finfish aquaculture and production."
"049-708-495-463-092","exclude","retain","conflict","The record explicitly studies oral treatment of amoebic gill disease in farmed Atlantic salmon (Salmo salar) using commercial feed in seawater recirculation systems, establishing direct aquaculture relevance."
"049-735-173-913-007","exclude","retain","conflict","The study explicitly concerns rainbow trout and uses a commercial trout production diet in an Aquaculture journal, establishing farmed production relevance."
"049-769-197-438-71X","exclude","retain","conflict","The abstract explicitly studies farm-production-relevant dry diets for Chinook salmon fry, including commercial pellets and growth/feed conversion, in the mariculture proceedings."
"050-583-971-856-380","exclude","retain","conflict","The study explicitly concerns rainbow trout and commercial vaccines, with an Institute of Aquaculture affiliation establishing aquaculture relevance."
"050-704-770-714-19X","retain","exclude","conflict","This is a composite book-contents record, and the Atlantic salmon reference occurs only in a listed chapter rather than establishing that the record itself concerns salmon aquaculture."
"052-355-085-234-841","exclude","retain","conflict","The study concerns Atlantic salmon (Salmo salar) and explicitly links intercontinental fish movements and hybridisation risk to the global aquaculture industry."
"052-663-751-743-141","exclude","retain","conflict","The study concerns salmon processing and includes the explicitly aquaculture-focused SINTEF Fisheries and Aquaculture affiliation, establishing relevant commercial aquaculture context."
"053-449-482-596-567","retain","exclude","conflict","The study concerns gilthead sea bream outbreaks; rainbow trout is mentioned only as a general disease example, so no eligible species is the study subject despite the explicit Mediterranean aquaculture context."
"053-764-652-652-366","exclude","retain","conflict","The study explicitly concerns rainbow trout (Salmo gairdneri, historical synonym of Oncorhynchus mykiss) strains being bred at the National Research Institute of Aquaculture, establishing aquaculture relevance."
"053-851-231-215-008","exclude","retain","conflict","The study explicitly concerns Atlantic salmon and commercial furunculosis vaccines, establishing direct relevance to farmed salmon aquaculture."
"054-538-679-030-453","exclude","retain","conflict","The abstract explicitly identifies farmed salmon and examines ocean-acidification impacts on the salmon aquaculture industry."
"054-935-319-620-467","exclude","retain","conflict","The study explicitly examines farmed rainbow trout (Oncorhynchus mykiss) broodfish fed commercial and experimental diets, establishing both eligible species and aquaculture production relevance."
"057-660-559-052-365","exclude","retain","conflict","The record explicitly concerns BETAMAX VET, a treatment developed for salmon-louse infestations of farmed Atlantic salmon, although applied here to signal crayfish."
"058-402-817-576-300","exclude","retain","conflict","The study concerns pond-cultured amago (Oncorhynchus rhodurus var. macrostomus, a masu salmon) and disease in cultured fish, establishing eligible species and aquaculture context."
"060-573-941-318-358","retain","exclude","conflict","The study concerns farmed salmonids and salmonid viruses but identifies no eligible salmon or rainbow trout species, so the direct-study species criterion is not met."
"060-846-668-182-322","exclude","retain","conflict","The record explicitly discusses aquaculture and salmon vaccination in Norway, linking salmon production to reduced antimicrobial use."
"061-161-883-922-279","exclude","retain","conflict","The review explicitly identifies Atlantic salmon and rainbow trout and concerns genetic improvement technologies applied by the aquaculture industry."
"061-648-952-060-76X","exclude","retain","conflict","The study explicitly examines Atlantic salmon and rainbow trout fed diets compared with a diet used in commercial cod production, and evaluates growth and feed utilization relevant to aquaculture production."
"061-938-692-442-168","retain","exclude","conflict","The study concerns farmed Australasian snapper rather than an eligible salmon or rainbow trout species; salmon is mentioned only as a contextual example."
"062-171-548-884-100","exclude","retain","conflict","The record explicitly concerns open-sea fish farms and industrial mariculture, with salmon identified as a cultured species, and analyzes loads on aquaculture cages."
"062-598-394-367-794","exclude","retain","conflict","The abstract explicitly studies aquacultured salmon fillets, establishing both an eligible species and commercial aquaculture context."
"062-643-365-855-334","exclude","retain","conflict","The study examines eligible rainbow trout (Oncorhynchus mykiss) obtained from a local fish farm, establishing both species and aquaculture relevance."
"065-816-008-514-250","exclude","retain","conflict","The study explicitly examines young coho salmon (Oncorhynchus kisutch) fed commercial fish diets, with the aquaculture journal context and production-related feeding experiment establishing relevance to commercial aquaculture."
"066-030-550-201-678","exclude","retain","conflict","The study explicitly involves rainbow trout (Oncorhynchus mykiss) and evaluates a treatment for Aeromonas infections in aquaculture."
"066-565-159-565-568","exclude","retain","conflict","The study explicitly uses salmon cages and salmon diet in a captive commercial-production context, establishing relevant salmon aquaculture infrastructure despite measuring Atlantic mackerel."
"067-422-990-294-045","exclude","retain","conflict","The abstract explicitly identifies salmon as a major aquaculture species and discusses herpesvirus management and production losses at fish farms."
"068-385-648-537-044","retain","exclude","conflict","Although the study concerns feeding in cages on salmon farms, the fish are identified only as generic “salmonids,” which does not establish an eligible species for this direct aquaculture study."
"068-634-386-323-410","retain","exclude","conflict","Although the study concerns aquaculture farms, it examines brown trout (Salmo trutta), which is not an eligible Atlantic/Pacific salmon or rainbow trout species."
"069-171-720-627-232","exclude","retain","conflict","The record explicitly mentions Atlantic salmon and fishmeal, triggering the inclusion rule regardless of additional aquaculture terminology."
"070-848-804-880-574","retain","exclude","conflict","The record concerns generic salmon/salmonid cell lines but provides no eligible species-specific or commercial aquaculture context."
"071-530-067-315-511","exclude","retain","conflict","The abstract explicitly discusses genetically engineered salmon intended as a food product, which qualifies under the special inclusion rule for genetically engineered salmon for food production."
"071-808-780-637-739","exclude","retain","conflict","The study explicitly examines hatchery-reared coho salmon (Oncorhynchus kisutch) in freshwater and seawater feeding/rearing trials using commercial diets, establishing eligible species and aquaculture-production relevance."
"074-365-982-850-406","exclude","retain","conflict","The study analyzes pharmaceuticals in salmon flesh from fish hatchery animals, providing explicit salmon and aquaculture-related hatchery context."
"076-350-848-466-375","exclude","retain","conflict","The record explicitly studies Oncorhynchus mykiss (rainbow trout) reared on commercial and farm-prepared feeds, with simulated offshore-farm conditions and publication in an aquaculture journal."
"078-288-516-682-547","exclude","retain","conflict","The title and abstract explicitly identify rainbow trout (Oncorhynchus mykiss) in a feeding trial, and the aquaculture-focused journal plus experimental diets establish aquaculture production relevance."
"080-371-426-907-609","retain","exclude","conflict","Although Atlantic salmon and farming are explicit, the stock was developed for restoration purposes, indicating hatchery/restocking rather than commercial aquaculture."
"083-231-522-166-315","exclude","retain","conflict","The study explicitly concerns Amago reared in a rainbow trout farm, establishing an eligible rainbow-trout aquaculture context and a farm-associated viral disease outbreak."
"084-992-456-768-248","exclude","retain","conflict","The study explicitly examines juvenile Chinook salmon (Oncorhynchus tshawytscha) reared in a tank at a fish hatchery and concerns aquaculture blood-sampling and anaesthesia protocols."
"085-402-467-717-757","exclude","retain","conflict","The abstract explicitly mentions Pacific salmons and discusses aquaculture's developing role and effects on estuarine fisheries, establishing eligible species and aquaculture relevance."
"085-562-134-963-020","exclude","retain","conflict","The study explicitly concerns Atlantic salmon and dietary disease control at a fish culture station using commercial feed, establishing aquaculture-production relevance."
"086-208-890-817-242","exclude","retain","conflict","The study explicitly examines commercially produced rainbow trout (Oncorhynchus mykiss) reared in recirculated freshwater and fed commercial fish feed, establishing both eligible species and aquaculture context."
"087-030-250-653-906","exclude","retain","conflict","The study explicitly examines farmed rainbow trout (Oncorhynchus mykiss) fed a commercial diet, establishing both eligible species and aquaculture-production context."
"087-799-797-559-73X","exclude","retain","conflict","The record explicitly concerns rainbow trout in artificial cultivation on farms and parasitic disease risks associated with developing cage aquaculture."
"089-688-106-017-730","exclude","retain","conflict","The title explicitly concerns salmon and the abstract directly discusses fish farming/aquaculture and regulations for organically produced fish."
"090-183-520-008-380","exclude","retain","conflict","The abstract explicitly identifies rainbow trout (Oncorhynchus mykiss) and discusses disease in cultured fish, food-fish production losses, and prevention and treatment, establishing aquaculture relevance."
"090-830-771-761-068","exclude","retain","conflict","The study explicitly examines farmed rainbow trout (Oncorhynchus mykiss) and feeding frequency using commercial dry pellets, establishing eligible species and aquaculture production relevance."
"091-050-762-425-336","exclude","retain","conflict","The chapter explicitly addresses commercial aquaculture facilities and production systems for trout and salmon, including raceways, tanks, and net-pen culture."
"091-163-533-176-816","exclude","retain","conflict","The study explicitly concerns rainbow trout (Salmo gairdneri, a historical synonym of Oncorhynchus mykiss) and production-related dietary efficiency/genetic selection in tanks, published in Aquaculture using a commercial salmonid diet."
"092-650-782-349-751","exclude","retain","conflict","The study explicitly concerns rainbow trout (Oncorhynchus mykiss) protein hydrolysate supplied by Russian Aquaculture LLC, with aquaculture-company affiliation and funding establishing commercial aquaculture relevance."
"093-921-267-441-818","exclude","retain","conflict","The abstract explicitly concerns diseased rainbow trout fry and states that the disease affects farmed salmonids, establishing both eligible species and aquaculture relevance."
"094-197-200-641-016","exclude","retain","conflict","The abstract explicitly identifies salmon from aquaculture as a major Norwegian seafood export, establishing both eligible salmon and aquaculture relevance."
"094-269-099-416-550","exclude","retain","conflict","The record explicitly concerns hatchery-reared steelhead (Oncorhynchus mykiss, an eligible species), Oregon hatcheries, and aquaculture/fish-health production practices."
"094-435-251-727-400","exclude","retain","conflict","The abstract explicitly discusses salmon aquaculture within aquaculture farms and integrated multi-trophic mariculture, establishing both eligible salmon relevance and aquaculture context."
"095-616-794-585-540","exclude","retain","conflict","The study explicitly examines rainbow trout (Oncorhynchus mykiss) in lake cages, and the listed Central Fisheries Research Institute affiliation includes a Department of Aquaculture, supporting an aquaculture context."
"095-934-401-547-329","retain","exclude","conflict","Although Atlantic Salmon and aquaculture are mentioned, the study concerns hatchery production solely for restocking wild populations and release into the wild, which is excluded."
"099-168-680-768-153","exclude","retain","conflict","The abstract explicitly discusses salmon as an aquaculture-enhanced fishery within a broader review of aquaculture and ocean food systems."
"099-496-745-004-131","exclude","retain","conflict","The study explicitly examines farm-relevant feeding performance and fillet quality in rainbow trout (Oncorhynchus mykiss) using commercial feed, establishing both eligible species and aquaculture context."
"099-648-073-063-568","exclude","retain","conflict","The book explicitly covers practical feeding, culture, and production of salmon and trout, establishing eligible species and aquaculture relevance."
"101-251-205-125-375","retain","exclude","conflict","Although the record concerns aquaculture, the only relevant fish are identified generically as “salmonids,” with no eligible salmon or rainbow trout species explicitly named."
"101-384-586-908-347","retain","exclude","conflict","Although commercial aquaculture and Saprolegnia are discussed, salmon and trout are mentioned only as illustrative examples (“such as”), without establishing that the study concerns an eligible species or salmon aquaculture specifically."
"101-702-814-471-222","exclude","retain","conflict","The study explicitly examines rainbow trout (Oncorhynchus mykiss), and the author affiliation includes a Department of Aquaculture, establishing aquaculture context despite the experimental toxicology focus."
"102-339-116-421-597","exclude","retain","conflict","The record explicitly examines aquaculture products and salmon consumption in a commercial food-market context, establishing both eligible species and aquaculture relevance."
"102-441-479-575-57X","retain","exclude","conflict","Although chum salmon and private salmon farming are identified, the study concerns hatchery artificial reproduction solely for stock preservation and increasing river catches, i.e. stock enhancement rather than commercial aquaculture."
"102-621-765-982-713","exclude","retain","conflict","The study explicitly concerns rainbow trout (Oncorhynchus mykiss) and evaluates rearing under rigorous commercial conditions in the aquaculture journal Aquaculture."
"103-487-623-000-712","exclude","retain","conflict","The study explicitly concerns rainbow trout fry (Oncorhynchus mykiss) and aquaculture-related disease diagnosis and treatment, establishing relevance to farmed trout production."
"104-388-126-771-914","exclude","retain","conflict","The study explicitly concerns aquaculture diets and disease/sea-lice challenges in salmonids, with salmon-specific pathogens and Lepeophtheirus salmonis, but does not identify an eligible salmon species; explicit salmonid species evidence is therefore limited."
"105-657-224-105-447","exclude","retain","conflict","The record explicitly studies Atlantic salmon (Salmo salar) production and a soybean meal diet in the aquaculture-focused journal Aquaculture Nutrition, establishing commercial aquaculture relevance."
"105-981-409-652-150","exclude","retain","conflict","The review explicitly identifies salmon and trout among transgenic fish developed for aquaculture and discusses their importance to aquaculture production and fish farmers."
"106-208-816-441-850","exclude","retain","conflict","The abstract explicitly identifies Atlantic salmon and discusses photoperiod regimes used in aquaculture to optimize artificial rearing, establishing both eligible species and aquaculture context."
"106-532-883-945-981","exclude","retain","conflict","The abstract explicitly identifies Atlantic salmon among farmed species and addresses aquaculture production, consumption, and data management."
"106-836-945-157-642","exclude","retain","conflict","The abstract explicitly identifies Salmo gairdneri (rainbow trout) and its farming in an aquaculture-focused journal."
"107-923-147-178-950","exclude","retain","conflict","The study explicitly examines rainbow trout (Oncorhynchus mykiss) larvae fed artificial diets, establishing an aquaculture production-related context."
"109-510-930-265-033","exclude","retain","conflict","The study explicitly examines rainbow trout (Oncorhynchus mykiss) fed diets in a production-focused aquaculture study, supported by its publication in Aquaculture International."
"110-400-910-703-890","exclude","retain","conflict","The study explicitly uses coho salmon (Oncorhynchus kisutch) and an aquaculture antibiotic, establishing an eligible species and a direct aquaculture-related input."
"110-588-529-097-438","exclude","retain","conflict","The study concerns aquaculture breeding programs and explicitly compares cultured Arctic charr with Atlantic salmon and rainbow trout, establishing both eligible species and aquaculture relevance."
"112-816-721-206-256","exclude","retain","conflict","The study explicitly examines farmed Atlantic salmon fed commercial diets and challenged with aquaculture-relevant diseases, establishing both eligible species and production context."
"115-395-502-576-296","exclude","retain","conflict","The study explicitly examines Salmosan, a treatment used for sea lice on farmed salmon, and its toxicity to non-target crayfish, establishing a direct salmon-aquaculture impact context."
"115-982-610-313-350","exclude","retain","conflict","The abstract explicitly concerns organic aquaculture standards and includes production systems for salmon, establishing both eligible salmon context and aquaculture relevance."
"117-049-952-253-882","exclude","retain","conflict","The study explicitly examines rainbow trout (Oncorhynchus mykiss) juveniles and commercial diets in a feeding experiment, establishing eligible species and aquaculture production relevance."
"117-679-308-325-730","exclude","retain","conflict","The study explicitly uses Atlantic salmon (Salmo salar) fed a commercial diet and evaluates production and antiviral outcomes, establishing commercial aquaculture relevance."
"118-589-749-606-295","exclude","retain","conflict","The study explicitly evaluates Salmosan treatment used on salmonids for sea lice and its effects on lobsters near salmon farms, establishing a direct salmon-aquaculture impact context."
"119-708-828-966-104","exclude","retain","conflict","The abstract explicitly concerns Pacific (Oncorhynchus) and Atlantic (Salmo) salmon and discusses aquaculture selection, artificial reproduction, hatchery populations, and fish-industry applications."
"121-924-625-213-872","exclude","retain","conflict","The record studies salmon fillets, and publication in the explicitly aquaculture-focused journal Aquaculture supports the aquaculture context."
"122-204-752-505-406","retain","exclude","conflict","The review concerns aquaculture bioinformatics broadly, with salmon aquaculture mentioned only as one example/resource rather than as an eligible species or salmon-aquaculture subject."
"123-038-362-818-525","exclude","retain","conflict","The abstract explicitly identifies rainbow trout and salmon and examines BKD prevention and diagnostics in aquaculture populations."
"123-740-748-694-772","exclude","retain","conflict","The study explicitly includes rainbow trout (Oncorhynchus mykiss) and Atlantic salmon (Salmo salar) and examines digestion during rearing and feed manufacturing in an aquaculture context."
"127-985-557-446-558","exclude","retain","conflict","The record explicitly discusses genetically modified salmon as a biotechnology product case study and addresses its regulation and commercialization, establishing relevance to commercial salmon production."
"133-130-580-555-30X","exclude","retain","conflict","The abstract explicitly identifies Atlantic salmon as infected by Vibrio splendidus, and the phage was isolated and tested in an aquaculture context."
"138-002-553-232-412","retain","exclude","conflict","Although the abstract concerns salmonid farming and pancreas disease, it identifies the affected fish only generically as salmonids and does not establish an eligible salmon or rainbow trout species."
"141-097-942-893-276","retain","exclude","conflict","Although the study concerns eligible Chinook salmon, it examines feral Great Lakes fish and provides no connection to commercial aquaculture."
"141-313-128-353-893","retain","exclude","conflict","Although salmon is analyzed, it is identified as Baltic fish rather than farmed, while the farmed fish are only described generically as trout, which does not establish an eligible species."
"141-410-687-676-722","exclude","retain","conflict","The study explicitly examines rainbow trout (Oncorhynchus mykiss) given a commercial diet in a controlled tank feeding experiment, establishing aquaculture production relevance."
"146-148-150-449-336","exclude","retain","conflict","The abstract explicitly discusses transgenic salmon and aquaculture broodstocks, establishing an eligible species and aquaculture context."
"153-541-305-616-712","exclude","retain","conflict","The study explicitly examines Atlantic salmon (Salmo salar) smolts, vaccination, and seawater transfer in the aquaculture journal Aquaculture, establishing production-related aquaculture relevance."
"153-908-714-039-328","retain","exclude","conflict","Although rainbow trout is identified, the record concerns introduced/wild fish populations and does not establish commercial aquaculture of rainbow trout or salmon."
"155-453-569-031-737","exclude","retain","conflict","The title explicitly concerns salmon aquaculture and domestication, establishing both eligible salmon relevance and an aquaculture context."
"156-873-110-817-565","exclude","retain","conflict","The abstract explicitly references salmon farmers, establishing relevant salmon aquaculture context, and the book examines food-business and farming impacts."
"157-440-403-098-229","retain","exclude","conflict","Although the study concerns eligible pink salmon, it examines wild invasive fish captured in rivers, with aquaculture mentioned only as background risk context and no commercial farming connection."
"159-787-937-637-384","exclude","retain","conflict","The study concerns salmon products and explicitly involves industry-processed cold-smoked salmon, with affiliation and funding tied to fisheries and aquaculture research/industry, establishing aquaculture-processing relevance."
"166-243-402-555-006","exclude","retain","conflict","The record explicitly concerns farmed fish and includes quality issues in the salmon industry, establishing relevant farmed salmon aquaculture context."
"167-131-080-243-279","retain","exclude","conflict","The study directly concerns unspecified salmonids, and generic salmonid terminology does not establish an eligible species even though testing included farm samples and salmonid aquaculture."
"167-892-869-046-041","exclude","retain","conflict","The study explicitly examines farmed rainbow trout (Oncorhynchus mykiss) eggs under aquaculture conditions and addresses rainbow trout farming sustainability."
"176-725-509-060-139","retain","exclude","conflict","Although the study concerns rainbow trout, it analyzes only wild-caught Alaskan fish and mentions aquaculture only as background, without evaluating farmed production or an aquaculture-related impact."
"184-312-818-428-106","exclude","retain","conflict","The study explicitly examines rainbow trout (Oncorhynchus mykiss) fed commercial and formulated diets, with the Aquaculture Nutrition journal and aquaculture-focused affiliation supporting commercial aquaculture relevance."
"186-300-313-564-887","exclude","retain","conflict","The study explicitly examines farmed rainbow trout (Oncorhynchus mykiss) fed commercial astaxanthin in tanks, establishing eligible species and aquaculture-production context."
"188-088-771-027-402","exclude","retain","conflict","The record explicitly studies Atlantic salmon (Salmo salar) and oxygen conditions in aquaculture incubation systems and sea-cage rearing."
"189-705-966-165-909","exclude","retain","conflict","The title explicitly concerns Scotland and Norway salmon farms, establishing both relevant salmon context and commercial aquaculture relevance."
"190-069-018-690-501","exclude","retain","conflict","The record explicitly concerns Atlantic salmon and triploidy validation in a commercial setting, with funding from AquaGen Scotland Ltd and an Institute of Aquaculture affiliation, establishing commercial aquaculture relevance."
"192-329-728-951-164","exclude","retain","conflict","The study explicitly examines fed rainbow trout (Oncorhynchus mykiss) fingerlings and productive performance using commercial feed, establishing eligible species and aquaculture production context."
"198-014-932-270-704","exclude","retain","conflict","The study examines salmon-lice effects on wild Arctic char, and the explicit keyword “aquaculture environment interactions” establishes a connection to salmon aquaculture impacts."
"000-178-771-837-238","retain","exclude","conflict","Although the record clearly concerns farmed salmonids in Norway, no eligible species is identified beyond the generic term “salmonids.”"
"000-605-628-762-759","exclude","retain","conflict","The record explicitly concerns Atlantic salmon fillets processed at a commercial smokehouse, establishing both eligible species and aquaculture-related commercial seafood processing relevance."
"000-821-383-560-687","exclude","retain","conflict","The abstract explicitly discusses transgenic salmon and application of gene transfer to commercial aquaculture broodstocks and food-fish production."
"001-384-601-243-262","exclude","retain","conflict","The study explicitly tests residues in salmon fish and fish feeds, and the title/abstract explicitly concerns aquaculture products, establishing eligible species and aquaculture relevance."
"002-780-914-252-515","exclude","retain","conflict","Rainbow trout is explicitly identified, and the pathogen is linked to serious disease outbreaks in fish farms, establishing aquaculture relevance."
"003-284-935-262-302","exclude","retain","conflict","The study explicitly examines Atlantic salmon (Salmo salar) fed experimental and commercial diets, establishing relevance to farmed salmon aquaculture nutrition and feed production."
"003-948-875-172-733","exclude","retain","conflict","The study explicitly examines farmed rainbow trout (Oncorhynchus mykiss) from a commercial strain under fishmeal- and plant-based production diets, with affiliations including the National Center for Cool and Cold Water Aquaculture and Troutlodge."
"004-258-863-991-254","exclude","retain","conflict","The study explicitly concerns Atlantic salmon and has aquaculture relevance stated in the abstract, supported by an affiliation in Animal and Aquacultural Sciences."
"004-393-922-221-877","exclude","retain","conflict","The review explicitly concerns aquaculture and identifies salmon among Canadian aquaculture/seafood species, with relevance to zoonotic bacteria and antimicrobial resistance."
"005-627-028-580-563","exclude","retain","conflict","The review explicitly concerns aquaculture and identifies salmon as an aquaculture quality-attribute application, establishing eligible salmon relevance and aquaculture context."
"005-725-407-778-288","exclude","retain","conflict","The title and abstract explicitly identify farm-relevant rainbow trout (Oncorhynchus mykiss) and examine dietary phytase and nutrient utilization in trout feeds, with Aquaculture Research and a fish culture station supporting aquaculture context."
"005-790-109-615-115","retain","exclude","conflict","Although Atlantic salmon (Salmo salar) tissue is studied, the record provides no evidence that the samples or study concern commercial aquaculture or farmed salmon."
"006-201-080-969-830","exclude","retain","conflict","The study explicitly concerns rainbow trout (Oncorhynchus mykiss) and identifies aquaculture as the relevant production context, examining genetic maturity traits important for aquaculture."
"006-211-384-062-903","exclude","retain","conflict","The abstract explicitly studies rainbow trout (Oncorhynchus mykiss) egg quality and discusses aquaculture conditions, supported by an aquaculture-focused affiliation."
"006-537-740-263-446","retain","exclude","conflict","The record concerns diagnosis of CMS in wild Atlantic salmon, with farmed salmon mentioned only as background and no evaluation of a commercial aquaculture connection."
"008-029-075-049-504","exclude","retain","conflict","The study explicitly examines rainbow trout (Oncorhynchus mykiss) and feed efficiency in the context of commercial breeding programs, with research conducted at an experimental pisciculture facility."
"008-550-210-618-288","exclude","retain","conflict","The study examines Atlantic salmon (Salmo salar), and its abstract explicitly identifies the species as important in aquaculture; an author is affiliated with Tassal Operations, supporting aquaculture relevance."
"008-881-918-960-042","exclude","retain","conflict","The study explicitly examines Atlantic salmon (Salmo salar) and states that the fasting practice is used prior to handling in commercial culture of the species, establishing aquaculture relevance."
"009-679-933-177-707","exclude","retain","conflict","The record concerns commercially produced protein approved for use in salmon feed, establishing a direct connection to salmon aquaculture inputs."
"010-653-087-645-929","exclude","retain","conflict","The study explicitly concerns rainbow trout (Oncorhynchus mykiss) and production-related vaccination and growth performance, with an affiliation at the DFO/UBC Centre for Aquaculture and Environmental Research and Clear Springs Foods Inc."
"010-806-670-871-848","exclude","retain","conflict","The abstract explicitly discusses salmon and amino acid/protein requirements in fish reared for market and commercial diet formulation, establishing eligible salmon aquaculture relevance."
"011-050-469-560-545","retain","exclude","conflict","The record concerns disease surveillance in returning wild Atlantic salmon, and the keyword “Aquaculture” provides no explicit connection to salmon farming or aquaculture impacts."
"012-420-045-691-607","exclude","retain","conflict","The symposium contents explicitly cover Atlantic and Pacific salmon culture, rearing, and spawning in marine net-pens, establishing eligible species and aquaculture relevance."
"012-568-822-440-126","retain","exclude","conflict","Although the study concerns antimicrobial treatment in farmed salmonids and salmon farms, no eligible salmon or rainbow trout species is identified; the direct study uses only generic “salmonid” terminology."
"012-829-510-022-358","exclude","retain","conflict","The study explicitly examines Chinook salmon and states its relevance to this farmed species, with funding and affiliations from New Zealand King Salmon and Skretting Australia establishing commercial aquaculture context."
"012-930-584-265-973","exclude","retain","conflict","The proceedings explicitly include a study of slaughter procedures in aquacultured salmon, establishing both eligible salmon and aquaculture relevance."
"014-150-904-694-298","exclude","retain","conflict","The study explicitly examines juvenile rainbow trout (Oncorhynchus mykiss) under feeding regimes using a commercial trout diet, establishing relevance to farmed-trout production."
"014-622-137-507-14X","retain","exclude","conflict","Although pink salmon is explicitly identified, the record concerns wild/traditional fishing and only mentions aquaculture as a proposed solution, not as the study context."
"015-190-142-127-045","exclude","retain","conflict","The study explicitly examines Atlantic salmon fed commercial and experimental diets in Aquaculture, establishing both eligible species and aquaculture production relevance."
"015-915-429-123-792","exclude","retain","conflict","The title and abstract explicitly identify rainbow trout (Oncorhynchus mykiss) and feeding with commercial-like diets in an Aquaculture Nutrition study, establishing farmed aquaculture relevance."
"017-474-612-703-025","exclude","retain","conflict","The study explicitly examines rainbow trout (Oncorhynchus mykiss) fed manufactured fish feed, including commercial herring meal, in the aquaculture journal Aquaculture, establishing eligible species and production-related feed context."
"017-687-183-206-088","retain","exclude","conflict","Although Atlantic salmon (Salmo salar) is identified, the record concerns a salmon caught in a river's commercial fishery and provides no evidence of commercial aquaculture or a salmon-farming connection."
"018-795-804-696-863","exclude","retain","conflict","The title explicitly identifies Atlantic salmon and commercial processing/retail display, establishing an eligible species and production-related context."
"020-244-833-841-370","exclude","retain","conflict","The abstract explicitly evaluates life-cycle impacts in the aquaculture salmon sector, establishing both eligible salmon and aquaculture context."
"020-906-798-269-208","retain","exclude","conflict","The study directly examines Atlantic cod, not an eligible salmon or rainbow trout species, while farmed Atlantic salmon is mentioned only as background regarding prior pathogen reports."
"021-407-781-108-491","exclude","retain","conflict","The record explicitly concerns salmon lice and delousing salmonids on commercial marine farms, establishing a direct salmon-aquaculture context under the salmon-louse rule."
"022-031-916-112-302","exclude","retain","conflict","The study explicitly examines Atlantic salmon in a tank-based system and develops a biosensor for monitoring, with commercial-purpose and aquaculture-related institutional context supporting relevance to farmed salmon production."
"022-133-814-349-20X","exclude","retain","conflict","The abstract explicitly links salmonid alphavirus to the farmed salmon and trout industry, establishing relevant salmon aquaculture context."
"022-972-958-404-72X","exclude","retain","conflict","The abstract explicitly addresses expanding aquaculture industries and salmon cage rearing, including disease and introduction risks."
"023-098-208-736-643","exclude","retain","conflict","The title and abstract explicitly identify rainbow trout (Oncorhynchus mykiss) and evaluate digestibility of processed feed ingredients, with the aquaculture-focused journal and diet-production context establishing relevance to commercial aquaculture."
"023-729-335-828-602","retain","exclude","conflict","Aquaculture context is explicit, but salmon appears only as an illustrative example of flesh coloration and is not the study species or a specific salmon aquaculture subject."
"024-094-430-660-422","exclude","retain","conflict","The record explicitly concerns Atlantic salmon (Salmo salar) and production-related traits, with affiliation to salmon aquaculture company Tassal Ltd., establishing commercial aquaculture relevance."
"024-225-794-006-445","exclude","retain","conflict","The abstract explicitly discusses protecting Atlantic salmon from vibriosis and phage therapy applications in aquaculture, establishing both eligible species and aquaculture relevance."
"024-308-409-684-578","exclude","retain","conflict","The title explicitly concerns sediment from Norwegian and Scottish salmon farms, establishing relevant salmon aquaculture context."
"024-754-562-665-154","exclude","retain","conflict","The study explicitly examines farm-relevant rainbow trout (Oncorhynchus mykiss) and tests supplemental methionine diets in Aquaculture Research, establishing production-related aquaculture relevance."
"025-001-287-660-489","exclude","retain","conflict","The abstract explicitly studies farmed rainbow trout (Oncorhynchus mykiss) receiving experimental diets, establishing both eligible species and aquaculture context."
"025-444-819-473-450","exclude","retain","conflict","The abstract explicitly concerns Gyrodactylus salaris threatening farmed Atlantic salmon stocks in Norway and addresses disease-management implications for salmon aquaculture."
"026-989-937-874-593","retain","exclude","conflict","Although rainbow trout and coho salmon are mentioned, the study analyzes pathogen isolates from ayu and other fish in Japan, with salmonid farming only as generic background and no substantive connection to commercial aquaculture."
"027-137-102-967-333","exclude","retain","conflict","The study explicitly concerns farmed Atlantic salmon (Salmo salar), satisfying both the eligible-species and commercial aquaculture-context criteria."
"027-195-617-355-307","retain","exclude","conflict","The chapter concerns generic fish feeding and disease resistance, with no eligible salmon or rainbow trout species and no explicit commercial aquaculture context."
"027-657-020-298-462","exclude","retain","conflict","The abstract explicitly discusses aquaculture for ocean salmon and defines aquaculture as breeding, rearing, and harvesting, establishing eligible salmon and aquaculture relevance."
"028-035-095-603-281","exclude","retain","conflict","The title explicitly identifies farmed Atlantic salmon and examines dietary effects on fillet flavor, establishing both eligible species and aquaculture production relevance."
"028-223-496-507-934","exclude","retain","conflict","The erratum concerns rainbow trout (Oncorhynchus mykiss) and is published in Aquaculture, with the underlying study addressing physiological responses to hypoxia in production-relevant fish; corrections to an otherwise eligible study are retained."
"028-632-129-302-889","exclude","retain","conflict","The obituary explicitly discusses farmed Atlantic salmon and interactions between farmed and wild salmon, including hybridization research, establishing eligible species and aquaculture relevance."
"029-022-337-051-058","exclude","retain","conflict","The abstract explicitly identifies salmon as a farmed species and examines genetically modified fish and their potential market import, establishing relevant aquaculture context."
"029-183-929-619-601","exclude","retain","conflict","The study explicitly concerns rainbow trout (Oncorhynchus mykiss) and large-scale egg fertilization using cryopreserved semen, a production-related aquaculture process, in the aquaculture journal Aquaculture."
"030-548-449-613-758","retain","exclude","conflict","The study concerns a reovirus in wild largemouth bass; farmed salmon are mentioned only as context for a related virus, with no eligible salmon species or salmon-aquaculture study."
"032-235-912-160-187","exclude","retain","conflict","The study explicitly examines farm-relevant dietary feeding of rainbow trout (Oncorhynchus mykiss) using commercial fish feed in a 60-day growth and immunity trial."
"032-796-473-337-058","retain","exclude","conflict","Although the abstract establishes marine farming context, the directly studied fish are identified only as generic “salmonid” fish, with no eligible salmon or rainbow trout species explicitly identified."
"033-100-106-976-016","exclude","retain","conflict","The study explicitly includes Atlantic salmon (Salmo salar) and examines transmission risks involving farmed halibut and farmed fish, establishing eligible salmon aquaculture relevance."
"034-902-012-328-457","exclude","retain","conflict","The abstract explicitly identifies astaxanthin as a feed additive in the salmon and trout aquaculture industry, establishing eligible salmon/trout aquaculture relevance."
"035-257-916-925-737","exclude","retain","conflict","The abstract explicitly identifies Atlantic salmon and states that the intervention used farmed salmon, establishing both eligible species and aquaculture context."
"036-131-848-767-740","exclude","retain","conflict","The title explicitly identifies rainbow trout, and the abstract concerns feeding systems, farmer-directed diets, growth, and nutrient requirements in the aquaculture journal Aquaculture, establishing farmed-production relevance."
"036-230-033-733-615","exclude","retain","conflict","The study explicitly concerns Atlantic salmon and a commercial breeding program with broodstock and commercial sib-test populations, establishing aquaculture production relevance."
"036-964-324-426-175","exclude","retain","conflict","The abstract explicitly mentions salmon fry at a fish farm exposed to contaminated water, establishing eligible salmon and aquaculture context despite the article’s primary focus on swimming pools."
"037-921-148-050-637","retain","exclude","conflict","Although rainbow trout is explicit, the study concerns stocked fisheries, hatchery conditions, and conservation/restocking in Munnar rather than commercial aquaculture production."
"038-659-458-767-196","exclude","retain","conflict","The review explicitly discusses aquaculture-driven fish introductions and includes Atlantic salmon (Salmo salar) among the introduced species in Turkish inland waters."
"039-068-655-862-047","exclude","retain","conflict","The book explicitly discusses chemicals in farmed salmon and their environmental/ethical impacts, establishing eligible salmon aquaculture relevance."
"039-565-809-448-453","exclude","retain","conflict","The book explicitly includes a chapter on cultured Chinook salmon and aquaculture drug residues, establishing both an eligible species and aquaculture-production relevance."
"039-776-206-777-223","exclude","retain","conflict","Rainbow trout (Oncorhynchus mykiss) are explicitly studied, and the research is connected to pathogens isolated from cultured burbot at a commercial production facility and commercial aquaculture."
"040-801-432-876-016","exclude","retain","conflict","The record explicitly includes farmed salmon and trout among the analyzed aquatic animals, establishing eligible species and aquaculture relevance."
"041-119-046-531-612","exclude","retain","conflict","The study explicitly concerns Atlantic salmon and is affiliated with the Norwegian Institute of Fisheries and Aquaculture Ltd, providing aquaculture-context evidence."
"041-285-239-646-225","exclude","retain","conflict","The record explicitly concerns salmon feed production and compares poultry PAP with fish meal, satisfying the eligible salmon and aquaculture-feed criteria."
"042-748-831-546-201","exclude","retain","conflict","The abstract explicitly identifies Atlantic salmon and discusses its disease-resistant breeding within mariculture/aquaculture genetic improvement programs."
"043-106-115-582-289","exclude","retain","conflict","The study explicitly concerns sockeye salmon (Oncorhynchus nerka) and fishmeal from commercial processing by-products, satisfying the fishmeal inclusion rule."
"043-320-291-170-934","exclude","retain","conflict","The study explicitly concerns rainbow trout (Oncorhynchus mykiss) and identifies aquacultural research as its context, with publication in Aquaculture."
"044-228-899-727-061","retain","exclude","conflict","Although the study concerns farmed salmonids and salmon-lice treatments, no eligible species is identified beyond the generic term “salmonids.”"
"044-793-528-209-97X","exclude","retain","conflict","The record explicitly concerns Atlantic salmon (Salmo salar) and aquafeed/diets, establishing eligible species and commercial aquaculture production relevance."
"046-347-509-425-071","exclude","retain","conflict","The abstract explicitly identifies salmon as a target group for aquaculture and reviews polyploid utilization in aquaculture, establishing both eligible salmon and aquaculture relevance."
"046-372-702-275-516","retain","exclude","conflict","Although it concerns farmed Atlantic salmon, the stated purpose is artificial reproduction and restoration of depleted wild populations, which is hatchery-based stock enhancement rather than commercial aquaculture."
"046-704-883-031-067","retain","exclude","conflict","The study concerns wild Arctic charr, an ineligible species, and mentions salmon farming only as general background rather than evaluating an aquaculture impact."
"047-257-512-513-192","retain","exclude","conflict","Although the study concerns Atlantic salmon, it evaluates hatchery-released and wild fish straying, with fish farms mentioned only in a peripheral management recommendation rather than as an aquaculture exposure or production context."
"048-633-998-519-801","exclude","retain","conflict","The study concerns Atlantic salmon (Salmo salar) eggs obtained from a commercial hatchery, establishing an eligible species and commercial aquaculture context."
"052-338-831-571-299","retain","exclude","conflict","The study directly examines non-eligible Eleginops maclovinus, while Salmo salar is only an illustrative example of a farmed species and no substantive salmon-aquaculture connection is established."
"052-607-038-568-855","exclude","retain","conflict","The study explicitly examines rainbow trout (Oncorhynchus mykiss) and is affiliated with the USDA-ARS Hagerman Fish Culture Experiment Station, establishing a fish-culture/aquaculture context."
"053-619-857-923-448","exclude","retain","conflict","The study explicitly examines farmed Atlantic salmon (Salmo salar) fed commercial diets in the aquaculture-focused journal Aquaculture, establishing both eligible species and aquaculture context."
"054-249-513-358-220","exclude","retain","conflict","The abstract explicitly concerns salmons grown in pond farms and recirculating aquaculture systems, establishing both eligible salmon context and aquaculture relevance."
"054-371-815-874-836","exclude","retain","conflict","The study analyzes salmon and trout oils, and the explicitly aquaculture-focused SINTEF Fisheries and Aquaculture affiliation supports commercial aquaculture relevance."
"056-433-951-825-338","exclude","retain","conflict","The abstract explicitly identifies chinook and sockeye salmon genes and states the objective is producing transgenic tilapia strains for aquaculture, establishing eligible salmon relevance and aquaculture context."
"058-679-122-041-088","exclude","retain","conflict","The study explicitly concerns rainbow trout (Oncorhynchus mykiss) brood fish fed commercial and formulated diets, establishing production-related aquaculture relevance."
"059-032-610-764-348","exclude","retain","conflict","The study explicitly examines rainbow trout (Salmo gairdneri, a historical synonym) reared to commercializable size with feeding in a semi-scale production setting."
"060-026-514-836-297","exclude","retain","conflict","The abstract explicitly discusses aquaculture in Latin America and identifies salmon production in Chile, establishing eligible salmon and aquaculture relevance."
"061-460-838-347-99X","exclude","retain","conflict","The record explicitly concerns cultured salmonids and commercial aquaculture impacts, and includes eligible sockeye, Chinook, and rainbow trout."
"062-045-072-462-705","retain","exclude","conflict","Although Atlantic salmon is identified, the study concerns wild smolt migration and stocking impacts at river weirs, with fish-farm inlets mentioned only incidentally and no commercial aquaculture focus."
"062-646-120-438-683","exclude","retain","conflict","The record explicitly concerns rainbow trout and sleeping disease affecting salmonid fish farmers, establishing both eligible species and aquaculture relevance."
"062-757-242-701-584","exclude","retain","conflict","The record explicitly concerns aquaculture certification and identifies salmon among species covered by BAP standards, establishing an eligible salmon aquaculture connection despite using shrimp and tilapia as examples."
"062-796-192-291-565","exclude","retain","conflict","The study explicitly examines rainbow trout (Oncorhynchus mykiss) and surrogate broodstock/gamete-production biotechnology for reproduction of commercial species, establishing production-related aquaculture relevance."
"068-456-156-734-872","retain","exclude","conflict","Atlantic salmon is identified, but the record provides no evidence of aquaculture, farming, or other commercial production context."
"070-042-712-345-029","retain","exclude","conflict","Although the title and aquaculture-focused source indicate aquaculture relevance, no eligible salmon or rainbow trout species, or explicit salmon-farming context, is identified."
"070-523-591-747-255","retain","exclude","conflict","The record concerns the wild Alaska salmon fishery, with farmed fish mentioned only as generic market competition and no clear eligible salmon aquaculture context."
"071-115-182-760-006","exclude","retain","conflict","The study explicitly examines rainbow trout (Oncorhynchus mykiss) juveniles fed experimental and commercial trout diets, establishing production-related aquaculture relevance."
"072-297-657-222-989","exclude","retain","conflict","The study explicitly examines smoked, farmed Atlantic salmon (Salmo salar), establishing both eligible species and aquaculture-product context."
"072-508-092-636-857","retain","exclude","conflict","The study concerns farmed European seabass and gilthead seabream, while Atlantic salmon is mentioned only as a background comparison rather than the study subject."
"072-764-053-466-309","exclude","retain","conflict","The abstract explicitly identifies rainbow trout (Oncorhynchus mykiss) production and commercial all-female/triploid production, with semen cryopreservation intended to improve hatchery operations."
"073-384-284-278-817","retain","exclude","conflict","The paper addresses aquaculture generically, with salmon aquaculture mentioned only as an illustrative example, so eligible-species relevance is not established."
"074-255-912-265-036","exclude","retain","conflict","The title explicitly identifies Tasmanian salmon and traces it from farm to court, establishing an eligible salmon aquaculture context."
"075-134-552-694-958","exclude","retain","conflict","The study explicitly evaluates IHNV transmission relevant to farmed Atlantic salmon (Salmo salar), establishing both eligible species context and a direct aquaculture disease connection despite testing Pacific herring."
"076-031-649-337-281","exclude","retain","conflict","The review explicitly mentions fish farms for Atlantic salmon and their effects on the Southeast Alaskan fishery, establishing both eligible species and aquaculture relevance."
"077-161-034-664-675","exclude","retain","conflict","The study explicitly concerns a privately run trout farm whose effluent may affect native Chinook salmon (Oncorhynchus tshawytscha) spawning habitat, establishing both eligible species and aquaculture relevance."
"077-790-905-367-230","retain","exclude","conflict","Although Atlantic salmon is specified, the study concerns an ocean ranching farm, which falls under excluded sea/ocean ranching rather than commercial aquaculture."
"077-996-985-594-268","exclude","retain","conflict","The abstract explicitly identifies an Atlantic salmon sea-cage study and sea-lice infestation management, establishing both an eligible species and aquaculture context."
"079-455-289-124-394","retain","exclude","conflict","Although Atlantic salmon and rainbow trout are explicitly studied, the record provides no evidence of commercial aquaculture or farming context."
"083-307-208-353-700","retain","exclude","conflict","Eligible salmon species are identified, but the study concerns commercially available market products without explicit evidence that they originated from aquaculture or farming."
"083-949-485-769-725","exclude","retain","conflict","The record explicitly identifies rainbow trout (Salmo gairdneri) and discusses genetic selection for production traits in captivity and under production systems, establishing aquaculture relevance."
"085-013-479-241-590","exclude","retain","conflict","The study explicitly examines farmed rainbow trout (Oncorhynchus mykiss) broodstock, fingerlings, juveniles, commercial feed, and production outcomes including growth, fecundity, survival, FCR, and egg quality."
"085-214-550-074-010","retain","exclude","conflict","Although Atlantic salmon are studied and some gametes came from fish farms, the record concerns a salmon restitution/stocking programme and river-ascending fish, not commercial aquaculture."
"085-634-886-792-324","exclude","retain","conflict","The record concerns salmon and explicitly evaluates economic effects of competition from aquaculture on Alaska salmon harvesters."
"085-670-301-717-176","exclude","retain","conflict","The record concerns cold-smoked salmon produced in an industrial smokery, with explicit fisheries and aquaculture industry research funding establishing commercial aquaculture-processing relevance."
"085-992-589-228-583","retain","exclude","conflict","The record concerns shellfish aquaculture, while salmon farming is mentioned only as a comparison and is not the subject of study."
"086-274-053-684-126","exclude","retain","conflict","The study explicitly examines farmed coho salmon (Oncorhynchus kisutch) post-smolts in a dietary growth experiment, with affiliations identifying coho salmon culturing and aquaculture facilities."
"087-947-486-846-178","exclude","retain","conflict","The abstract explicitly identifies astaxanthin as commercially used in salmon feed, establishing an eligible salmon-aquaculture input despite the toxicity study being conducted in rats."
"088-403-176-490-680","exclude","retain","conflict","The study explicitly concerns rainbow trout (Oncorhynchus mykiss) that are hatchery-reared on an experimental farm, establishing the eligible species and aquaculture context."
"090-193-100-244-343","exclude","retain","conflict","The abstract explicitly studies farmed rainbow trout (Oncorhynchus mykiss) fed experimental diets in the context of reducing fish-based feeds in aquaculture."
"090-433-469-318-285","exclude","retain","conflict","The study explicitly concerns Atlantic salmon (Salmo salar) farming, including medicated salmon feed and finfish receiving it, and evaluates oxytetracycline impacts on a co-cultured aquaculture species."
"090-558-100-900-426","exclude","retain","conflict","The review explicitly concerns global aquaculture and discusses Atlantic salmon and rainbow trout as aquacultured food fishes."
"092-175-037-790-053","exclude","retain","conflict","The study explicitly concerns rainbow trout (Salmo gairdneri, a historical synonym of Oncorhynchus mykiss) and evaluates larval feeding and production using cultured Daphnia in an Aquaculture context."
"092-514-956-809-53X","exclude","retain","conflict","The study explicitly examines Atlantic salmon (Salmo salar) fed commercial feed through seawater transfer, with publication in Aquaculture establishing aquaculture relevance."
"092-788-374-278-511","exclude","retain","conflict","The title explicitly identifies an Otanerau salmon farm, establishing relevant salmon aquaculture context, even though no species is specified."
"094-560-078-809-017","exclude","retain","conflict","The record explicitly studies rainbow trout (Oncorhynchus mykiss) protein and amino acid requirements in the aquaculture journal Aquaculture, establishing relevance to farmed production diets."
"094-897-500-730-544","exclude","retain","conflict","The record explicitly concerns aquaculture, includes rainbow trout (Oncorhynchus mykiss), and is published in an aquaculture-focused journal."
"095-202-169-067-967","retain","exclude","conflict","Although Atlantic salmon is explicit, the study concerns wild river salmon and surveillance fishing, with farmed salmon mentioned only as background rather than evaluating commercial aquaculture."
"095-618-509-430-291","exclude","retain","conflict","The abstract explicitly concerns commercial aquaculture and feed for salmon fish species, establishing both eligible salmon context and aquaculture relevance."
"095-885-833-591-261","exclude","retain","conflict","The record explicitly concerns Pacific Oncorhynchus/salmon and discusses transmission, disease control, and food-fish treatment in aquaculture facilities."
"096-483-547-298-528","exclude","retain","conflict","The title explicitly identifies rainbow trout (Salmo gairdneri, a historical synonym of Oncorhynchus mykiss) and the Aquatic Vaccine Unit, Institute of Aquaculture affiliation establishes an aquaculture context."
"100-853-420-487-506","exclude","retain","conflict","The study explicitly examines rainbow trout (Oncorhynchus mykiss) fry fed experimental and commercial diets, establishing eligible species and aquaculture production relevance."
"102-240-491-082-152","exclude","retain","conflict","The study explicitly examines farmed Atlantic salmon (Salmo salar) in a commercial fresh-fish processing plant and evaluates its cold-chain quality and safety."
"102-917-958-859-212","exclude","retain","conflict","The abstract explicitly identifies increasing human impact from salmon farming as a potential threat to the studied coral communities."
"105-501-306-361-902","retain","exclude","conflict","Rainbow trout is explicit, but the record concerns in vitro cell lines and commercial availability of a cell line, not commercial aquaculture or farmed-fish production."
"106-296-293-429-993","exclude","retain","conflict","The abstract explicitly identifies farmed salmon among the major seafood products and examines consumer behaviour and demand driving fish-farming expansion, establishing both eligible species and aquaculture relevance."
"107-136-444-165-07X","retain","exclude","conflict","The record mentions salmon only as part of general fishery catches, while aquaculture is discussed generically without connecting it to salmon production."
"107-315-087-863-411","exclude","retain","conflict","The abstract explicitly links fishmeal to the culture of Atlantic salmon, satisfying both eligible-species and aquaculture-context criteria."
"108-636-102-454-215","exclude","retain","conflict","The review explicitly discusses contaminants and consumption advice for farm-raised salmon, establishing both salmon and aquaculture relevance."
"109-338-670-968-856","exclude","retain","conflict","The record explicitly discusses farmed salmon and salmon aquafeed within broader aquaculture production systems, establishing both eligible species and commercial aquaculture relevance."
"110-689-478-323-716","exclude","retain","conflict","The study explicitly uses rainbow trout (Oncorhynchus mykiss) in a controlled feeding and disease-resistance experiment with commercial diet and cultured tank production conditions, establishing aquaculture relevance."
"112-350-332-266-368","exclude","retain","conflict","The abstract explicitly concerns salmon smolt production in a small-scale recirculating aquaponic system, establishing eligible salmon aquaculture relevance."
"113-270-558-226-701","exclude","retain","conflict","The title explicitly identifies Atlantic Salmon and Ducktrap River Fish Farm, establishing both eligible species and a commercial aquaculture context."
"114-205-320-893-702","exclude","retain","conflict","The record explicitly mentions salmon louse treatments approved in salmon aquaculture and evaluates antiparasitic compounds relevant to aquaculture, despite testing them on fathead minnows."
"116-986-610-521-963","exclude","retain","conflict","The abstract explicitly concerns Atlantic salmon faecal particles, medicated feed, and flubenzuron persistence in sediments beneath fish farms, establishing eligible species and aquaculture relevance."
"118-352-859-788-426","exclude","retain","conflict","The study explicitly examines Atlantic salmon (Salmo salar) post-smolts in long-term growth and dietary trials, with commercial nutritional relevance and publication in Aquaculture."
"124-267-255-913-514","exclude","retain","conflict","The study explicitly examines Atlantic salmon and rainbow trout in a feeding/diet experiment, with commercial aquaculture relevance supported by the Aquaculture journal and Skretting Aquaculture Research Centre affiliation."
"125-784-153-320-074","retain","exclude","conflict","Although pink and chum salmon are eligible species, the study concerns only wild salmon and evaluates wild adult salmon as a lice source; farm salmon are mentioned only as background, without assessing aquaculture impacts or production."
"126-523-626-660-441","retain","exclude","conflict","Although Atlantic salmon (Salmo salar) are studied, the record describes an experimental net-pen maturation study with no commercial aquaculture or farming context."
"127-500-692-954-514","exclude","retain","conflict","The abstract explicitly discusses aquaculture of salmon and trout, including transgenic fish culture, manufactured feeds, net-pen production, and environmental impacts."
"129-476-622-432-45X","exclude","retain","conflict","The abstract explicitly studies farmed-size rainbow trout and Chinook salmon receiving experimental diets, establishing eligible species and aquaculture-related feed research."
"131-216-094-679-547","exclude","retain","conflict","The study explicitly concerns rainbow trout (Oncorhynchus mykiss), and the supplied keywords include “Aquaculture,” establishing aquaculture relevance."
"133-617-932-145-406","exclude","retain","conflict","The study explicitly examines rainbow trout (Oncorhynchus mykiss) during a 12-week rearing period fed commercial pellets, establishing relevant aquaculture production context."
"134-194-914-140-884","exclude","retain","conflict","The record explicitly studies rainbow trout (Oncorhynchus mykiss) in a ten-week growth trial using practical diets, including commercial diets, establishing production aquaculture relevance."
"137-762-538-779-482","exclude","retain","conflict","The record explicitly studies pink salmon (Oncorhynchus gorbuscha) and discusses aquaculture, including diploid females reared in farming cages."
"143-509-172-842-798","exclude","retain","conflict","The study explicitly examines farm-relevant dietary curcumin, growth, immunity, and disease resistance in rainbow trout (Oncorhynchus mykiss), with aquaculture context stated in the abstract and affiliations."
"145-016-072-559-706","exclude","retain","conflict","The study explicitly examines Atlantic salmon (Salmo salar) fed a commercial diet in the aquaculture-focused journal Aquaculture Research, establishing eligible species and production context."
"149-382-391-165-101","exclude","retain","conflict","The study explicitly examines juvenile rainbow trout (Oncorhynchus mykiss) using commercial diets in Aquaculture Research, establishing an eligible species and production-related aquaculture context."
"149-501-704-739-313","exclude","retain","conflict","The abstract explicitly discusses growth hormone-enhanced/GM salmon and consumer rejection, indicating genetically engineered salmon intended for food production."
"149-762-127-425-407","exclude","retain","conflict","The study explicitly examines rainbow trout (Oncorhynchus mykiss) fed a commercial diet in a 60-day feeding trial, establishing eligible species and production-related aquaculture relevance."
"151-808-228-734-746","retain","exclude","conflict","The study concerns wild sea trout and lice in an area explicitly without salmon farms, with no eligible salmon species or aquaculture context established."
"151-937-875-442-185","exclude","retain","conflict","The study explicitly examines Atlantic salmon (Salmo salar), and its aquaculture-focused affiliations and stated potential commercial application establish aquaculture relevance."
"152-097-906-084-200","retain","exclude","conflict","The study concerns farmed turbot, while Atlantic salmon and rainbow trout are mentioned only as other pathogen hosts/background rather than as the study subject or a salmon-aquaculture impact."
"156-303-158-334-058","exclude","retain","conflict","The study explicitly concerns rainbow trout (Oncorhynchus mykiss) from two commercial strains, with genetic selection and growth traits, and is published in Aquaculture, establishing production-related aquaculture relevance."
"156-410-339-544-285","retain","exclude","conflict","Although the species is rainbow trout, the study examines feral fish and only notes that their lakes are involved with aquaculture activities without evaluating a connection to farming."
"160-543-674-585-272","exclude","retain","conflict","The title explicitly identifies Atlantic salmon (Salmo salar), and the supplied abstract names Cooke Aquaculture Inc. as a funder, establishing a connection to commercial aquaculture."
"160-670-810-279-483","retain","exclude","conflict","The record establishes aquaculture relevance but identifies the directly studied fish only generically as salmonids, without an eligible salmon or rainbow trout species."
"160-951-118-159-275","exclude","retain","conflict","The study explicitly examines intensive cage aquaculture of rainbow trout (Oncorhynchus mykiss) and its effects on the reservoir's trophic state and phytoplankton."
"161-301-475-908-862","exclude","retain","conflict","The abstract explicitly concerns aquaculture and refers to antibiotic treatment and vaccination at trout and salmon farms in Brittany."
"161-451-397-752-332","exclude","retain","conflict","The abstract explicitly discusses high-value salmon farms and aquaculture impacts from Saprolegnia, establishing relevant salmon-farming context despite the pathogen being studied in pike."
"168-373-247-706-174","exclude","retain","conflict","The abstract explicitly discusses aquaculture of eligible species including trout and Atlantic salmon, with nutrition, feed quality, carcass quality, and marketing in the Australian/Tasmanian industry."
"170-008-206-332-483","exclude","retain","conflict","The study explicitly examines vaccine development for Atlantic salmon (Salmo salar) and rainbow trout (Oncorhynchus mykiss), with a commercial vaccine objective in the aquaculture journal Aquaculture International."
"170-704-687-726-633","exclude","retain","conflict","The record explicitly discusses farmed salmon production and compound aquafeed use, establishing both eligible salmon context and commercial aquaculture relevance."
"177-441-017-301-399","retain","exclude","conflict","The study focuses on aquaculture of small-eye and Chilean flounder, while salmonids appear only as generic industry background and no eligible salmon or rainbow trout species is studied."
"178-836-241-119-05X","exclude","retain","conflict","The record explicitly identifies Pacific salmon and places it within an encyclopedia of farm-animal nutrition, establishing a farmed-animal production context."
"185-789-525-065-692","exclude","retain","conflict","The abstract explicitly discusses aquaculture species and molecular screening for infectious pancreatic necrosis virus in salmon, establishing eligible salmon and aquaculture relevance."
"186-102-907-329-166","exclude","retain","conflict","The book explicitly concerns marine aquaculture and includes a section on Pacific salmon diseases, establishing both eligible species and aquaculture relevance."
"192-216-268-736-39X","retain","exclude","conflict","Although the study concerns Atlantic salmon, it examines wild populations, phylogeography, conservation, and restoration, with farming mentioned only as background and no substantive aquaculture connection."
"000-155-933-597-897","exclude","retain","conflict","The abstract explicitly studies farm-relevant diets and post-transfer performance in Atlantic salmon, including commercial feed conditions, establishing eligible species and aquaculture relevance."
"000-184-096-662-745","retain","exclude","conflict","Although eligible Pacific salmon species are identified, the study concerns wild-caught salmon in a natural feeding/catch region and smolts released into the ocean, not commercial aquaculture."
"000-430-324-239-051","exclude","retain","conflict","The study explicitly examines rainbow trout (Oncorhynchus mykiss) and discusses implications for fish farms, fish production, and the fish-farming industry."
"004-163-916-724-765","exclude","retain","conflict","The record explicitly studies Atlantic salmon (Salmo salar) and farmed salmon fillet quality using experimental diets, establishing direct commercial aquaculture relevance."
"004-258-943-860-377","exclude","retain","conflict","The abstract explicitly identifies marine aquaculture in Atlantic Canada as mainly salmon and shellfish production and examines occupational injuries among its workers."
"004-330-705-180-580","exclude","retain","conflict","The study explicitly includes Atlantic salmon and analyzes aquaculture research as a defined topic, establishing relevance to salmon aquaculture research despite its bibliometric design."
"005-041-890-165-635","exclude","retain","conflict","The study explicitly concerns Atlantic salmon (Salmo salar) postsmolts and commercial vaccination, handling, and welfare in salmon production."
"005-794-151-519-66X","exclude","retain","conflict","The record explicitly concerns rainbow trout (Oncorhynchus mykiss) production in Denmark and smoked trout fillets, with clear aquaculture and recirculating production-system context."
"006-563-216-176-433","retain","exclude","conflict","Rainbow trout is an eligible species, but the study concerns wild or experimentally caged fish and provides no commercial aquaculture context."
"006-769-068-269-980","exclude","retain","conflict","The abstract explicitly identifies rainbow trout (Oncorhynchus mykiss) and testing under commercial production conditions, establishing eligible species and aquaculture context."
"006-853-000-164-201","retain","exclude","conflict","Although Atlantic salmon is specified, the study models wild salmon and only mentions farmed salmon as a parameter-data source, without investigating commercial aquaculture."
"007-491-623-695-683","exclude","retain","conflict","The study explicitly examines Atlantic salmon (Salmo salar), includes aquaculture as a keyword, and investigates production-relevant early-life stress and disease management."
"009-110-531-273-521","exclude","retain","conflict","The study concerns Atlantic salmon (Salmo salar) and explicitly examines juvenile escapees from hatcheries producing smolts for the aquaculture industry."
"009-162-981-382-092","exclude","retain","conflict","The record explicitly concerns Chinook salmon (Oncorhynchus tshawytscha), identifies aquaculture in the keywords, and examines growth, health, and selective-breeding traits relevant to aquaculture."
"009-743-343-783-700","exclude","retain","conflict","The study explicitly concerns rainbow trout (Oncorhynchus mykiss) at a trout farm, kept in tanks and fed for market, establishing commercial aquaculture relevance."
"009-885-348-765-45X","exclude","retain","conflict","The study explicitly examines farm-relevant Salmo salar using a commercial phytogenic feed additive and dietary/infection trials, establishing eligible species and aquaculture production relevance."
"010-096-069-280-509","exclude","retain","conflict","The review explicitly addresses aquaculture and registered antiparasitics used against salmon sea lice, establishing eligible salmon and aquaculture relevance despite its Mediterranean-finfish emphasis."
"010-111-845-335-166","exclude","retain","conflict","The study explicitly examines Atlantic salmon (Salmo salar) smolt production and spawning treatments to support commercial grow-out, in the aquaculture journal Aquaculture and with a School of Aquaculture affiliation."
"010-448-229-130-531","exclude","retain","conflict","The study explicitly investigates salmon-lice impacts associated with a high concentration of salmon farms, making it relevant to salmon aquaculture despite measuring anadromous brown trout."
"011-403-933-974-233","exclude","retain","conflict","The record explicitly concerns a VHS outbreak associated with rainbow trout and farmed fish, establishing both an eligible species and aquaculture context."
"012-039-440-948-393","exclude","retain","conflict","The study explicitly concerns commercial production of Atlantic halibut and directly references farmed Atlantic salmon in its aquaculture production context."
"012-868-208-853-224","retain","exclude","conflict","The study concerns cultured striped trumpeter, an ineligible species; Atlantic salmon farming is mentioned only as the intended industry context for an alternative species."
"013-058-574-812-280","exclude","retain","conflict","The study explicitly examines rainbow trout fry (Oncorhynchus mykiss) from a commercial freshwater hatchery, establishing both eligible species and aquaculture context."
"013-221-988-496-692","exclude","retain","conflict","The study explicitly examines rainbow trout (Oncorhynchus mykiss) and uses a commercial vaccine, establishing a production-related aquaculture context."
"016-144-568-909-748","exclude","retain","conflict","The title explicitly concerns Norway and Scotland salmon farms, establishing both relevant salmon aquaculture and the farming context."
"017-636-933-766-587","exclude","retain","conflict","The review explicitly discusses salmon and trout in the aquaculture industry and astaxanthin supplementation for farmed fish, establishing eligible salmon context and commercial aquaculture relevance."
"018-886-438-883-485","retain","exclude","conflict","Although pink and chum salmon are eligible species, the study concerns products derived from Alaska wild-caught salmon and does not examine salmon aquaculture; farmed salmon is only market-background context."
"019-950-849-609-659","exclude","retain","conflict","The abstract explicitly studies rainbow trout and an IPN vaccine addressing losses in the aquaculture industry, establishing both eligible species and aquaculture relevance."
"020-063-432-557-35X","exclude","retain","conflict","The study explicitly tests an IPNV vaccine in rainbow trout and Atlantic salmon fry/pre-smolts, with vaccine development for commercial immunization establishing aquaculture relevance."
"021-338-892-598-730","exclude","retain","conflict","The study explicitly examines Atlantic salmon (Salmo salar) embryos and discusses aquaculture incubation systems, establishing eligible species and aquaculture relevance."
"022-921-011-133-162","exclude","retain","conflict","The abstract explicitly identifies farmed rainbow trout (Oncorhynchus mykiss) produced in raceways and evaluates aquaculture production sustainability."
"023-078-015-687-023","exclude","retain","conflict","The abstract explicitly concerns farmed rainbow trout (Oncorhynchus mykiss) and histopathological disease assessment, establishing both eligible species and aquaculture context."
"023-935-313-740-826","exclude","retain","conflict","The abstract explicitly reports aquaponic production shifting toward trout/salmon production and includes commercial producers, establishing eligible salmon aquaculture relevance."
"024-587-300-254-392","exclude","retain","conflict","The study explicitly examines feeding trials and diets for Chinook and coho salmon, with fishmeal substitution, establishing eligible species and aquaculture-related production research."
"024-653-401-363-777","retain","exclude","conflict","The study directly examines Arctic charr (Salvelinus alpinus), an ineligible species; Atlantic salmon is mentioned only as background, despite explicit aquaculture context."
"024-732-165-258-531","retain","exclude","conflict","The title explicitly concerns rainbow trout but the supplied metadata identify only a pathogen/vaccine study and do not establish a commercial aquaculture or farming context."
"024-757-905-047-408","exclude","retain","conflict","The study explicitly examines rainbow trout growth and food-conversion efficiency using experimental and commercial diets, establishing production-related aquaculture relevance."
"025-800-066-199-255","exclude","retain","conflict","The abstract explicitly references rainbow trout requirements and salmonid diets, with aquafeed and fishmeal replacement establishing aquaculture relevance."
"025-906-722-689-312","exclude","retain","conflict","The study explicitly examines Atlantic salmon (Salmo salar) and identifies it as an important global aquaculture species, with aquaculture-focused Nofima affiliations."
"027-690-276-284-069","exclude","retain","conflict","The study explicitly examines Atlantic salmon (Salmo salar), and its aquaculture context is established by the aquaculture-focused keywords, affiliations, and recirculating aquaculture system reference."
"028-923-499-965-030","retain","exclude","conflict","Although rainbow trout is an eligible species, the study concerns introduced stream populations and their genetic origins, with no evidence of commercial aquaculture and a clear stock-introduction context."
"029-107-629-183-784","exclude","retain","conflict","The abstract explicitly studies farmed Atlantic salmon fed commercial and experimental feeds in feeding trials, establishing both eligible species and aquaculture production context."
"029-568-214-525-289","exclude","retain","conflict","The abstract explicitly identifies fish farming, especially salmon, as part of Rogaland’s food industry, establishing eligible salmon aquaculture context despite the broader food-development focus."
"030-249-042-479-710","retain","exclude","conflict","Although Atlantic salmon and fish-rearing farms are explicit, the study concerns juveniles reared for release into rivers, a non-commercial stock-enhancement context."
"030-327-470-379-450","exclude","retain","conflict","The study explicitly examines rainbow trout (Oncorhynchus mykiss) and clonal lines with domestication histories, with the abstract stating relevance to enhancing aquaculture stocks and involving populations reared in captivity."
"030-381-368-022-057","exclude","retain","conflict","The study explicitly examines Atlantic salmon (Salmo salar) naturally infected in saltwater farmings in southern Chile, establishing both eligible species and aquaculture context."
"030-956-777-773-593","exclude","retain","conflict","The abstract explicitly identifies farmed rainbow trout (Oncorhynchus mykiss) infected with EHNV and addresses disease control in aquaculture species."
"031-827-139-954-184","retain","exclude","conflict","Although fish farming is explicit, the direct study identifies the fish only as generic “salmon” without a specified eligible species."
"032-801-739-573-327","exclude","retain","conflict","The abstract explicitly concerns farmed salmonids and aquaculture production systems, while the title/keywords identify salmon and trout, establishing relevant species and commercial aquaculture context."
"033-765-582-978-123","exclude","retain","conflict","The record explicitly identifies eligible Pacific salmon species, including rainbow trout, sockeye, coho, and Chinook salmon, and includes the aquaculture keyword."
"034-141-413-089-756","exclude","retain","conflict","The study explicitly examines Atlantic salmon (Salmo salar) larvae fed commercial diets, in the aquaculture journal Aquaculture, establishing farm-production relevance."
"034-409-466-757-599","exclude","retain","conflict","The study explicitly concerns salmon hatchery sediment and erythromycin-medicated feed within an aquaculture context, establishing relevant unspecified salmon production evidence."
"036-107-086-327-529","retain","exclude","conflict","Although pink and chum salmon are eligible species and were cultured in marine net-pens, the fry were cultured solely for release into the ocean, fitting the excluded hatchery/stock-enhancement context."
"037-248-343-337-45X","exclude","retain","conflict","The study explicitly concerns rainbow trout and evaluates a vaccine intended for commercial fish production, establishing aquaculture relevance."
"038-044-973-015-57X","retain","exclude","conflict","Although pink and chum salmon are eligible species, the study concerns hatchery rearing for release and reproduction at fish hatcheries, not commercial aquaculture production."
"038-670-269-608-521","retain","exclude","conflict","The study concerns aquaculture farms but identifies the fish only as generic salmonids, with no eligible salmon or rainbow trout species specified."
"039-099-323-087-437","exclude","retain","conflict","The abstract explicitly identifies farmed rainbow trout (Oncorhynchus mykiss) and examines disease surveillance relevant to aquaculture biosecurity, despite the broader survey including wild fish."
"039-130-476-933-131","exclude","retain","conflict","The study explicitly examines farmed Atlantic salmon (Salmo salar) smolts fed commercial salmonid feed with a seaweed aquafeed supplement, establishing both eligible species and aquaculture-production relevance."
"039-653-665-679-219","exclude","retain","conflict","The study explicitly examines Chinook salmon (Oncorhynchus tshawytscha) and states its disease-control purpose in aquaculture, establishing eligible species and aquaculture relevance."
"040-592-155-068-783","exclude","retain","conflict","The abstract explicitly concerns Atlantic salmon and transgenic technology for commercial fish aquaculture, identifying both an eligible species and aquaculture-production relevance."
"040-711-918-715-862","exclude","retain","conflict","The study explicitly examines farm-relevant dietary interventions and growth, immunity, and disease resistance in rainbow trout (Oncorhynchus mykiss), with a commercial diet and aquaculture-focused journal/context."
"041-253-573-418-600","exclude","retain","conflict","The study explicitly examines Atlantic salmon (Salmo salar) grown in tanks and sea cages through harvest, with breeding results applied to industry, establishing commercial aquaculture relevance."
"041-559-641-331-104","exclude","retain","conflict","The study explicitly concerns rainbow trout (Oncorhynchus mykiss) and evaluates a feed supplement in a production-related feeding experiment, establishing aquaculture relevance."
"041-658-351-575-147","retain","exclude","conflict","Although Atlantic salmon is explicit, the study concerns authentication of processed seafood products without establishing farmed or commercial aquaculture origin."
"041-921-048-948-890","exclude","retain","conflict","The title and abstract explicitly concern rainbow trout broodstocks and breeding programs at the National Center for Cool and Coldwater Aquaculture, establishing both eligible species and aquaculture production context."
"043-582-541-862-651","exclude","retain","conflict","The study explicitly examines commercial rainbow trout (Oncorhynchus mykiss) and uses aquaculture-focused vaccine feeds and experimental diets."
"044-160-305-001-83X","exclude","retain","conflict","The record explicitly studies rainbow trout (Oncorhynchus mykiss) alevins fed commercial probiotic-supplemented diets as a rearing strategy, establishing aquaculture relevance."
"044-276-561-003-935","exclude","retain","conflict","The study examines trout (Salmo gairdneri, a historical synonym of rainbow trout) sperm and explicitly discusses artificial insemination for fish produced in aquaculture."
"045-465-825-899-499","retain","exclude","conflict","The study concerns lake char (Salvelinus lepechini), an ineligible species; the generic term “salmon fish” does not establish an eligible salmon or rainbow trout species."
"046-041-992-921-590","exclude","retain","conflict","The abstract explicitly identifies Atlantic salmon aquaculture and examines its processing by-products for collagen recovery."
"046-670-183-646-13X","exclude","retain","conflict","The study explicitly examines farmed rainbow trout (Oncorhynchus mykiss) production feeds and commercial feed use, establishing both eligible species and aquaculture context."
"048-229-077-259-350","exclude","retain","conflict","The study includes eligible rainbow trout (Salmo gairdneri) and Atlantic salmon (Salmo salar) and explicitly examines infection at a fish-farm site."
"049-095-165-953-567","exclude","retain","conflict","The study explicitly examines rainbow trout (Oncorhynchus mykiss) fed a commercially available diet and using a commercial feeding table, establishing production-related aquaculture relevance."
"049-919-064-542-995","exclude","retain","conflict","The study explicitly examines rainbow trout slaughter welfare and flesh quality in an aquaculture context, published in Aquaculture."
"051-525-706-571-107","exclude","retain","conflict","The record explicitly studies rainbow trout (Oncorhynchus mykiss) and refers to improved nutrient use by aquacultured fish, establishing aquaculture relevance."
"051-619-325-898-234","exclude","retain","conflict","The thesis explicitly examines finfish aquaculture and includes Atlantic salmon in Tasmania as a benchmark commercial aquaculture industry."
"052-270-250-650-089","exclude","retain","conflict","Atlantic salmon (Salmo salar) is explicitly studied, and the thesis concerns fish culture/aquaculture, including PZQ applications and immune responses relevant to cultured fish."
"053-112-823-126-026","exclude","retain","conflict","The record explicitly examines farmed aquaculture products and includes salmon among the individual species analyzed, establishing both eligible salmon relevance and aquaculture context."
"053-878-912-735-412","exclude","retain","conflict","The abstract explicitly discusses farmed salmon and established salmon fish-farming industries in the context of European aquaculture markets."
"056-055-543-468-049","retain","exclude","conflict","Although the study concerns Atlantic salmon (Salmo salar), it provides no evidence of commercial aquaculture; “commercial salmon food” is only the experimental diet."
"056-765-914-671-537","retain","exclude","conflict","Although the record mentions salmon and farmed trout, it does not identify the farmed trout as rainbow trout, while the salmon is described as Baltic rather than farmed."
"057-153-167-523-600","exclude","retain","conflict","The study explicitly examines rainbow trout (Oncorhynchus mykiss) and uses dietary aquaculture-relevant exposure, with aquaculture identified in the keywords and affiliations."
"057-471-628-048-077","exclude","retain","conflict","The study explicitly examines farmed Atlantic salmon (Salmo salar) fed commercial soybean meal in aquafeeds, establishing both eligible species and aquaculture-production relevance."
"057-927-790-230-996","exclude","retain","conflict","The corrigendum concerns rainbow trout (Oncorhynchus mykiss), and the author affiliation includes the Department of Animal and Aquacultural Sciences; corrections to otherwise relevant records are retained."
"058-096-088-251-211","retain","exclude","conflict","Although Chinook and coho salmon are eligible species, this is wild-population PRV-1 surveillance and farmed salmon are mentioned only as generic background, without evaluating a commercial aquaculture connection."
"059-335-789-844-273","exclude","retain","conflict","The title identifies rainbow trout and examines feeding, growth, digestibility, and feed conversion in the aquaculture journal Aquaculture, with an Institute of Aquaculture Research affiliation."
"060-454-488-169-291","retain","exclude","conflict","The eligible Oncorhynchus species are studied in global introductions, stocking, and put-and-take fisheries, while aquaculture is mentioned only as a potential uncertainty rather than as commercial production."
"061-052-584-517-991","exclude","retain","conflict","The study explicitly examines a harmful algal bloom that caused major damage to Chilean salmon farmers, establishing salmon-aquaculture relevance, and includes a rainbow trout gill cell line assay."
"061-660-175-715-873","exclude","retain","conflict","The abstract explicitly identifies rainbow trout and use of astaxanthin for pigmentation in aquaculture systems, establishing both eligible species and aquaculture relevance."
"062-047-501-053-731","retain","exclude","conflict","The study concerns lumpfish and wrasses in generic Norwegian aquaculture, with salmon mentioned only as an antibody cross-reactivity comparison and no explicit connection to eligible salmon aquaculture."
"063-773-617-166-458","exclude","retain","conflict","The study explicitly examines farmed-production feeding of coho salmon (Oncorhynchus kisutch) using commercial salmon feed in the aquaculture journal Aquaculture."
"064-122-727-752-383","exclude","retain","conflict","The record explicitly connects the VHSV investigation to an epidemic in farmed rainbow trout (Oncorhynchus mykiss) in Finnish brackish waters."
"065-100-217-181-284","retain","exclude","conflict","Although it studies eligible Atlantic salmon, the study concerns wild populations and only mentions escaped farmed fish as background, without evaluating commercial aquaculture or its consequences."
"065-252-047-566-626","exclude","retain","conflict","The abstract explicitly identifies rainbow trout (Oncorhynchus mykiss) among Colombia’s aquaculture products and discusses sustainable aquaculture development."
"067-816-702-097-04X","exclude","retain","conflict","The title and abstract explicitly identify rainbow trout (Oncorhynchus mykiss) and evaluate a commercial diet/probiotic in experimentally fed trout, establishing aquaculture production relevance."
"068-144-627-855-492","exclude","retain","conflict","The record explicitly identifies Atlantic salmon (Salmo salar) and states that the genomics resources support research in aquaculture environments and are relevant to the global aquaculture industry."
"068-513-662-726-187","exclude","retain","conflict","The study directly examines Atlantic salmon (Salmo salar), and the authors include Chile’s Interdisciplinary Center for Aquaculture Research, establishing an aquaculture-focused context."
"070-725-271-062-500","exclude","retain","conflict","The record explicitly studies farmed rainbow trout (Oncorhynchus mykiss) fed experimental diets through commercial weight, establishing eligible species and aquaculture production relevance."
"071-185-861-339-452","exclude","retain","conflict","The study explicitly examines rainbow trout (Salmo gairdneri, a historical synonym) fed commercial diets in the aquaculture journal Aquaculture, establishing eligible species and production relevance."
"071-264-821-019-759","exclude","retain","conflict","The report explicitly examines superchilling and processing of organically grown salmon, establishing an aquaculture-origin salmon product and production-related relevance."
"073-162-731-698-765","exclude","retain","conflict","The title explicitly concerns salmon trout, a rainbow-trout production term, and publication in Aquaculture Economics & Management establishes an aquaculture context."
"073-853-305-289-144","retain","exclude","conflict","The record discusses generic fish farms and a salmon fishery board but does not explicitly identify an eligible salmon/rainbow trout species or salmon farming context."
"074-135-611-340-104","retain","exclude","conflict","Although Atlantic salmon is explicitly studied, the record concerns wild/fishery-origin salmon in the Norwegian Sea with farmed salmon excluded and provides no commercial aquaculture focus."
"074-210-508-339-989","exclude","retain","conflict","The title explicitly concerns sea lice from salmon farms affecting wild Pacific salmon stocks, establishing both eligible salmon context and a salmon-aquaculture impact."
"074-328-204-087-309","exclude","retain","conflict","The abstract explicitly concerns pen-reared Chinook salmon (Oncorhynchus tshawytscha), establishing both an eligible species and aquaculture context."
"074-588-566-476-417","exclude","retain","conflict","The record explicitly analyzes retail demand for salmon and identifies increased availability of farmed species as shaping the consumption mix, establishing relevant farmed-salmon market context."
"075-139-793-038-196","exclude","retain","conflict","The study explicitly examines feed protein quality in Atlantic salmon using commercially available fishmeals and production-situation diets, establishing eligible species and aquaculture relevance."
"076-533-703-543-693","exclude","retain","conflict","The review explicitly discusses salmon farms and their environmental and social impacts in the Fuegian Archipelago, establishing relevant salmon aquaculture context."
"077-112-506-916-236","exclude","retain","conflict","The abstract explicitly studies farmed rainbow trout (Oncorhynchus mykiss) in a feeding trial using black soldier fly larvae meal, establishing both an eligible species and aquaculture feed context."
"077-230-821-040-497","exclude","retain","conflict","The study explicitly examines farmed rainbow trout (Oncorhynchus mykiss) fed experimental aquafeeds, establishing both eligible species and aquaculture relevance."
"077-507-171-478-567","exclude","retain","conflict","The abstract explicitly concerns aquaculture and on-farm care of farmed fish, and the keywords identify salmon, establishing relevant farmed salmon aquaculture context."
"077-826-477-793-082","exclude","retain","conflict","The thesis explicitly studies farm-relevant feeds and fish muscle quality in Atlantic salmon and rainbow trout, including application in commercial fish feeds."
"078-296-009-225-552","retain","exclude","conflict","Although Chinook salmon and marine cultivation are explicit, the study concerns naturalized fish attributed to historical repopulation releases rather than commercial aquaculture."
"078-833-667-445-128","exclude","retain","conflict","The record explicitly discusses farming and harvesting salmon in freshwater for food, establishing both eligible salmon context and aquaculture/production relevance."
"082-212-675-747-807","exclude","retain","conflict","The abstract explicitly concerns farmed rainbow trout (Oncorhynchus mykiss) and develops a fin-erosion welfare method for assessing damage in farmed fish."
"083-623-011-431-335","retain","exclude","conflict","Although the study involves Atlantic salmon reared in marine cages, it concerns restoration and release for endangered-population enhancement rather than commercial aquaculture."
"085-217-615-451-272","exclude","retain","conflict","The record explicitly mentions rainbow trout and Atlantic salmon and discusses disease in farmed salmonids and wild-fish transmission to farmed salmon."
"087-491-617-413-717","exclude","retain","conflict","The study explicitly examines Atlantic salmon (Salmo salar) and records survival during commercial seawater rearing, establishing direct aquaculture relevance."
"090-471-375-048-402","exclude","retain","conflict","The study explicitly examines farmed rainbow trout (Oncorhynchus mykiss) in Andean trout culture using experimental and commercial diets, establishing both eligible species and aquaculture context."
"091-938-169-183-059","exclude","retain","conflict","The study explicitly examines rainbow trout (Oncorhynchus mykiss) fed a commercial pellet under feeding regimes, establishing eligible species and production-related aquaculture context."
"093-727-023-647-845","exclude","retain","conflict","The record explicitly concerns salmon processing and is supported by Fisheries and Aquaculture Industry Research Fund funding, establishing relevance to commercial salmon aquaculture."
"096-105-588-982-934","exclude","retain","conflict","The record explicitly describes a commercial nori–salmon integrated polyculture system, establishing an aquaculture context involving unspecified salmon."
"096-561-464-480-093","retain","exclude","conflict","Although Atlantic salmon and rainbow trout are explicit, the study concerns ready-to-eat products without establishing farmed or commercial aquaculture origin."
"096-735-169-463-087","exclude","retain","conflict","The record explicitly analyzes aquaculture literature and identifies salmon as a major covered group, establishing relevant salmon aquaculture context."
"096-800-926-530-493","exclude","retain","conflict","The record explicitly concerns aquaculture development and identifies farmed chum salmon (Oncorhynchus keta) among the target aquaculture species in Akkeshi."
"097-794-183-854-785","retain","exclude","conflict","Although the study concerns an aquaculture clinical trial and ISAV, the fish species is unspecified and no eligible salmon or rainbow trout species is identified."
"098-832-898-569-241","retain","exclude","conflict","Although the study concerns Atlantic salmon, it examines hatchery-reared fish stocked into a river for adaptation and artificial reproduction, a non-commercial release/restocking context."
"102-050-590-103-177","exclude","retain","conflict","The study explicitly examines farmed rainbow trout (Oncorhynchus mykiss) fry in tanks using experimental and commercial diets, establishing eligible species and aquaculture-production context."
"103-264-629-130-616","exclude","retain","conflict","The abstract explicitly discusses fishmeal/fish oil use in salmonid diets and recommends trials in Atlantic salmon, establishing both eligible species and aquaculture-feed relevance."
"103-491-740-585-651","exclude","retain","conflict","The record explicitly identifies rainbow trout and describes trout cultured in brackish water and held in cages, establishing an aquaculture production context."
"105-730-554-988-922","exclude","retain","conflict","The study explicitly concerns Atlantic salmon and production/processing of smoked salmon, with commercial blood-spot quality and exsanguination methods indicating aquaculture relevance."
"105-790-005-420-829","retain","exclude","conflict","Although the study involves Atlantic salmon, it concerns hatchery rearing solely to improve survival of fish stocked into rivers, which is excluded non-commercial stock enhancement rather than commercial aquaculture."
"106-175-727-271-820","exclude","retain","conflict","The study explicitly concerns Atlantic salmon fillets and states that soft fillets affect farming and processing industries, establishing both eligible species and aquaculture-production relevance."
"106-486-925-595-699","retain","exclude","conflict","Although Atlantic salmon is explicit, the record describes experimental holding and transport in a towable cage without evidence of commercial aquaculture or farming context."
"107-081-872-963-603","retain","exclude","conflict","Although the study concerns farmed rainbow trout from aquaculture facilities, the fish are used solely for stocking a river for recreational fisheries, which is explicitly excluded as non-commercial stock enhancement."
"107-403-486-274-083","exclude","retain","conflict","The abstract explicitly includes salmon among the farmed taxa evaluated, establishing both eligible salmon context and farming relevance."
"107-443-791-798-795","exclude","retain","conflict","The editorial explicitly discusses the economics of aquaculture, farmed fish, and salmon markets, establishing relevant salmon aquaculture context despite being an introduction."
"108-446-582-680-782","exclude","retain","conflict","The study explicitly concerns rainbow trout (Oncorhynchus mykiss) and connects the findings to medicinal plants as food additives in aquaculture."
"108-731-875-767-454","exclude","retain","conflict","The study explicitly tests dietary methionine in rainbow trout (Oncorhynchus mykiss) in an aquafeed feeding trial, with funding explicitly focused on farmed fish and European aquaculture."
"114-046-707-160-612","exclude","retain","conflict","The study explicitly examines farm-relevant nutrition of juvenile Chinook salmon (Oncorhynchus tshawytscha) in seawater, including commercial feed ingredients, in the aquaculture-focused journal Aquaculture Nutrition."
"114-476-949-483-211","exclude","retain","conflict","The abstract explicitly discusses salmon biotechnology and genetic engineering for commercially important fish production in controlled culture and production systems."
"117-403-942-835-888","exclude","retain","conflict","The study explicitly examines farm-relevant diets fed to Atlantic salmon and coho salmon fry, and is published in the aquaculture journal Aquaculture."
"117-997-493-020-800","retain","exclude","conflict","Although Atlantic salmon is explicit, the study concerns hatchery-reared fish released for artificial reproduction and commercial return in a natural river, a non-commercial restocking/stock-enhancement context."
"119-062-906-756-306","exclude","retain","conflict","The study explicitly concerns rainbow trout (Oncorhynchus mykiss), and the authors’ affiliation with a Key Laboratory of Mariculture establishes an aquaculture context."
"121-893-212-873-291","exclude","retain","conflict","The study examines explicitly reared coho salmon (Oncorhynchus kisutch) in lake net pens, with aquaculture context supported by publication in the journal Aquaculture and research on saltwater transfer readiness."
"122-970-324-871-138","exclude","retain","conflict","The study explicitly examines rainbow trout (Oncorhynchus mykiss) semen cryopreservation for routine fertilization and is published in the aquaculture-focused journal Aquaculture Research, establishing aquaculture relevance."
"123-682-492-644-743","exclude","retain","conflict","The abstract explicitly identifies salmon and aquaculture by-products from industrial processing, establishing both eligible species and commercial aquaculture relevance."
"124-465-214-035-791","exclude","retain","conflict","The study explicitly examines rainbow trout (Oncorhynchus mykiss) fed fishmeal-replacement diets, with commercial-like trout diets and publication in Aquaculture Nutrition establishing aquaculture relevance."
"125-874-470-937-421","exclude","retain","conflict","The study explicitly concerns rainbow trout (Oncorhynchus mykiss) reared in tanks and commercial breeding programmes, with clear aquaculture relevance."
"126-385-143-862-732","exclude","retain","conflict","The study explicitly examines rainbow trout (Oncorhynchus mykiss) and states its results support hatchery-reared fish in aquaculture programs."
"130-508-322-944-508","exclude","retain","conflict","The study explicitly concerns rainbow trout (Oncorhynchus mykiss) and evaluates fertility and viability at an aquaculture center."
"132-228-197-035-634","exclude","retain","conflict","The study explicitly examines farmed coho salmon (Oncorhynchus kisutch) reared in a freshwater hatchery and addresses aquaculture production and seawater adaptation."
"132-376-697-772-088","retain","exclude","conflict","Although Atlantic salmon is mentioned as the pathogen’s host, the study examines Arctic charr under laboratory conditions and provides no commercial aquaculture or salmon-farming context."
"132-964-945-897-447","exclude","retain","conflict","The record explicitly concerns Atlantic salmon (Salmo salar) and aquaculture, with affiliations including the Institute of Aquaculture and Mowi Scotland, establishing commercial aquaculture relevance."
"137-110-510-031-719","exclude","retain","conflict","The abstract explicitly identifies rainbow trout (Oncorhynchus mykiss) reared in cages and tested with dietary supplementation for growth and production outcomes, establishing eligible aquaculture relevance."
"137-888-921-289-578","retain","exclude","conflict","Although Norwegian farmed salmon is mentioned, it appears only as an incidental illustrative quotation and the record does not concern salmon aquaculture."
"140-770-394-585-619","exclude","retain","conflict","The abstract explicitly identifies Atlantic salmon as an aquaculture-cultivated host affected by Aeromonas salmonicida, establishing eligible species and aquaculture relevance despite the study analyzing bacterial lipid A."
"141-647-529-438-695","retain","exclude","conflict","Rainbow trout is eligible, but the study is a freshwater experimental exposure with no established commercial aquaculture context; aquaculture facilities are mentioned only as a general future research context."
"142-723-407-881-005","exclude","retain","conflict","The study explicitly examines rainbow trout (Oncorhynchus mykiss) fry and diet digestibility, including a commercial diet, in the aquaculture-focused journal The Progressive Fish-Culturist."
"150-373-474-667-466","exclude","retain","conflict","The proceedings explicitly address coho salmon genetics and broodstock management within a finfish aquaculture context."
"152-014-443-357-949","exclude","retain","conflict","The title explicitly concerns commercial extruded salmon feeds, establishing eligible salmon and commercial aquaculture-production relevance."
"155-273-857-194-524","retain","exclude","conflict","Rainbow trout is tested experimentally, but the only aquaculture reference concerns threats to cyprinid fish farms, not commercial farming of rainbow trout."
"155-928-341-367-468","exclude","retain","conflict","The record explicitly addresses aquaculture products and includes international salmon trade conflicts, establishing eligible salmon and commercial aquaculture-market relevance."
"157-374-487-307-792","exclude","retain","conflict","The title and abstract explicitly identify rainbow trout (Oncorhynchus mykiss) and feeding according to commercial feed tables in an Aquaculture journal, establishing relevance to farmed production."
"166-341-029-903-39X","exclude","retain","conflict","The editorial explicitly discusses commercial Norwegian salmon aquaculture and rainbow trout farming, including production, breeding, health, nutrition, and processing."
"166-486-484-215-617","exclude","retain","conflict","The study examines eligible Pacific salmon species and explicitly compares sea-lice occurrence in coastal areas with and without salmon farms, establishing a connection to salmon aquaculture."
"167-052-571-099-229","exclude","retain","conflict","The record explicitly mentions salmon and discusses developing grazing aquaculture of pelagic fish including salmon."
"167-684-386-954-487","exclude","retain","conflict","The study explicitly examines farmed rainbow trout (Oncorhynchus mykiss) fed experimental and commercial-like diets throughout the whole rearing cycle, establishing both eligible species and aquaculture production context."
"168-861-084-198-955","exclude","retain","conflict","The study explicitly includes Atlantic salmon (Salmo salar) and addresses dietary PUFA guidance for farmed fish, establishing aquaculture relevance."
"170-912-810-803-160","exclude","retain","conflict","The title explicitly identifies rainbow trout (Oncorhynchus mykiss) fry and use of a commercial probiotic in a growth/performance study, establishing a production-related aquaculture context."
"174-762-111-302-353","retain","exclude","conflict","Although chum and coho salmon are eligible species, the study concerns hatchery rearing and release for returns/stock enhancement rather than commercial aquaculture."
"175-303-906-320-540","exclude","retain","conflict","The abstract explicitly identifies farmed rainbow trout (Oncorhynchus mykiss) and describes cryopreserved semen use in hatchery practices, establishing eligible species and aquaculture relevance."
"175-808-142-681-55X","retain","exclude","conflict","The study examines Aeromonas salmonicida from naturally infected grouper, while salmon farming is mentioned only as general background and no eligible salmon or rainbow trout production context is studied."
"177-837-955-544-291","exclude","retain","conflict","The abstract explicitly evaluates chemical treatments used in salmon farming and their effects on marine invertebrates, establishing relevance to salmon aquaculture despite no directly studied eligible salmon species."
"185-691-529-316-764","exclude","retain","conflict","The study explicitly concerns Oncorhynchus mykiss (rainbow trout) raised in batches and slaughtered for meat production, establishing both eligible species and aquaculture production context."
"189-388-570-772-052","exclude","retain","conflict","The abstract explicitly identifies salmon among affected species and examines Tetrahymenosis in commercially farmed fishes within an aquaculture context."
"189-642-836-958-200","exclude","retain","conflict","The study concerns rainbow trout (Oncorhynchus mykiss) explicitly described as widely cultivated and produced in aquaculture, and evaluates coating and storage of trout fillets."
"191-772-120-091-805","exclude","retain","conflict","The editorial explicitly identifies a special issue on integrated pest management in salmon farming, establishing relevant salmon aquaculture context."
"194-956-430-297-062","exclude","retain","conflict","The abstract explicitly identifies rainbow trout and discusses its cage breeding with established production standards and commercial aquaculture considerations."
"197-426-971-816-823","retain","exclude","conflict","Although the abstract studies rainbow trout, the experiment concerns CO2-based eradication of invasive salmonids and provides no connection to commercial aquaculture beyond a generic mention of aquaculture."
"198-752-978-124-010","retain","exclude","conflict","The study concerns a pathogen from farmed salmonids but does not identify an eligible salmon or rainbow trout species, and generic salmonid terminology is insufficient for a direct study."
"000-158-192-501-600","exclude","retain","conflict","The record explicitly uses salmon oil and identifies implications for sustainable aquaculture, establishing relevant salmon and aquaculture-feed context."
"000-270-116-081-19X","exclude","retain","conflict","The study explicitly concerns Atlantic salmon (Salmo salar) embryos and fry and evaluates rearing conditions used in commercial hatcheries, establishing aquaculture relevance."
"000-478-176-567-741","exclude","retain","conflict","The study explicitly examines rainbow trout (Oncorhynchus mykiss) fed commercial diets in a 60-day growth and health experiment, establishing production-related aquaculture relevance."
"000-543-046-217-995","retain","exclude","conflict","The study concerns generic fish farms and multiple fish diseases, but does not identify an eligible salmon or rainbow trout species or explicitly concern salmon aquaculture."
"001-780-213-205-285","exclude","retain","conflict","The study explicitly concerns rainbow trout (Oncorhynchus mykiss) held in aquaculture pens, establishing an aquaculture context."
"002-526-525-335-065","exclude","retain","conflict","The study explicitly examines Atlantic salmon and rainbow trout, with Atlantic salmon treated in a commercial facility, establishing eligible species and aquaculture context."
"004-476-691-487-937","retain","exclude","conflict","Although Chinook salmon cells are used, the study directly concerns generic salmonid disease/pathogen purification and does not establish a clear commercial aquaculture connection to an eligible species."
"004-557-441-901-685","exclude","retain","conflict","The abstract explicitly identifies Atlantic salmon and rainbow trout feeding trials in aquaculture nutrition, establishing both eligible species and aquaculture context."
"004-998-402-479-868","exclude","retain","conflict","The study explicitly examines domesticated rainbow trout (Oncorhynchus mykiss) under intensive culture conditions, establishing both eligible species and aquaculture relevance."
"005-541-705-377-54X","exclude","retain","conflict","The study concerns eligible Chinook salmon and explicitly evaluates salmon farming/aquaculture as a potential contributor to marine-survival decline."
"006-204-063-944-010","retain","exclude","conflict","Although the study uses rainbow trout (Oncorhynchus mykiss), the fish were experimentally caged for waterborne toxicant monitoring, with no commercial aquaculture or farming context."
"006-393-938-573-773","exclude","retain","conflict","The record explicitly concerns Atlantic salmon with feed composition and vitamin D enrichment, and includes Skretting Aquaculture Research Centre, establishing a clear farmed-aquaculture production context."
"007-076-949-335-196","exclude","retain","conflict","The study explicitly examines Atlantic salmon (Salmo salar) and its commercial implications in the aquaculture journal Aquaculture, establishing relevance to farmed salmon production and processing."
"007-465-077-758-974","retain","exclude","conflict","Although the study concerns farmed Salmo salar in hatchery and net-pen rearing, the fish were held for delayed release and explicitly restocking, which falls under non-commercial stock enhancement."
"008-486-185-673-002","exclude","retain","conflict","The record concerns aquaculture cage-system design and explicitly references the global Atlantic salmon industry, establishing eligible species context and aquaculture relevance."
"009-187-490-154-803","exclude","retain","conflict","The abstract explicitly addresses intensive aquaculture of salmon and its interactions and impacts involving marine mammals."
"010-555-008-145-370","exclude","retain","conflict","The record concerns salmon products and explicitly connects their commercial production to the growth of aquaculture salmon farming."
"011-216-247-775-388","exclude","retain","conflict","The study explicitly examines farm-relevant diets and growth in Atlantic salmon (Salmo salar), with the aquaculture context supported by its publication in Aquaculture and focus on commercial feed ingredients."
"011-288-548-873-339","exclude","retain","conflict","The study explicitly examines farmed rainbow trout (Oncorhynchus mykiss) fed to commercial size, establishing both eligible species and aquaculture production context."
"011-450-730-987-511","exclude","retain","conflict","The abstract explicitly identifies Atlantic salmon (Salmo salar) among farmed fish affected by Francisella infections, establishing eligible species and aquaculture relevance."
"012-523-834-791-784","exclude","retain","conflict","The abstract explicitly concerns cypermethrin treatment of farmed salmon for sea lice and assesses impacts on American lobster, establishing a direct salmon-aquaculture consequence."
"013-747-541-671-833","exclude","retain","conflict","The study explicitly concerns rainbow trout (Oncorhynchus mykiss) transported from a commercial fish production facility, establishing both eligible species and aquaculture context."
"013-919-896-208-07X","retain","exclude","conflict","Although the study concerns aquaculture and farmed salmonids, the directly relevant fish are identified only generically as salmonids, with no eligible salmon or rainbow trout species specified."
"014-981-376-978-47X","retain","exclude","conflict","Rainbow trout is explicit, but the record provides no evidence of commercial aquaculture or farming context; “commercial diet” alone is insufficient."
"015-222-749-369-028","exclude","retain","conflict","The study explicitly concerns farmed Atlantic salmon (Salmo salar) and post-harvest injection-salting and cold-smoking, establishing both eligible species and aquaculture production context."
"015-567-786-249-571","exclude","retain","conflict","The study explicitly concerns Atlantic salmon (Salmo salar) and stunning/flesh quality at the cage, with production-related processing research in the aquaculture journal Aquaculture."
"016-178-050-875-956","exclude","retain","conflict","The study explicitly examines farm-relevant feeding and salinity in Atlantic salmon and rainbow trout, with affiliation to aquaculture feed company BioMar AS, establishing commercial aquaculture relevance."
"020-308-073-085-516","retain","exclude","conflict","The title mentions a fish market but does not establish an eligible salmon/rainbow-trout species or a commercial aquaculture context."
"020-958-931-996-768","exclude","retain","conflict","The title explicitly concerns salmon and aquaculture, establishing both eligible salmon context and commercial aquaculture relevance."
"021-862-472-269-026","exclude","retain","conflict","The record explicitly includes salmon and trout among seafood samples and examines cultured aquaculture products for veterinary drug residues."
"022-256-480-962-986","exclude","retain","conflict","The study explicitly examines farm-relevant feeding and seawater adaptation of coho salmon (Oncorhynchus kisutch) using commercial-type diets in the aquaculture journal Aquaculture."
"022-647-345-179-268","exclude","retain","conflict","The study explicitly examines rainbow trout (Oncorhynchus mykiss) fed commercial and experimental diets, establishing eligible species and aquaculture production relevance."
"022-801-759-832-389","exclude","retain","conflict","The study explicitly feeds commercial diets to rainbow trout (Oncorhynchus mykiss) and evaluates pigmentation, establishing eligible species and aquaculture production relevance."
"023-050-292-017-664","retain","exclude","conflict","Although the study concerns farmed Atlantic salmon smolts, they were transferred to a river for downstream migration, indicating hatchery/release research rather than commercial aquaculture production."
"023-797-500-632-895","exclude","retain","conflict","The study explicitly examines juvenile Atlantic salmon (Salmo salar) and commercially used fish nutrition, with an affiliation in CSIRO’s Livestock & Aquaculture Program, establishing aquaculture relevance."
"024-047-178-101-378","exclude","retain","conflict","The abstract explicitly concerns a pathogen of farmed salmonids, and the keywords identify Atlantic salmon and rainbow trout, establishing eligible species and aquaculture relevance."
"024-265-342-769-106","exclude","retain","conflict","The record explicitly concerns chum and sockeye salmon and reports PKD in cultured, net-pen-reared sockeye salmon, establishing aquaculture relevance."
"024-315-671-585-597","retain","exclude","conflict","The record broadly discusses aquaculture and mentions salmon only as a background example of lice-related losses, while the work focuses on transgenic microalgae for aquatic organisms without establishing relevance to salmon aquaculture."
"024-376-837-926-072","retain","exclude","conflict","Although the study concerns eligible Chinook salmon, it explicitly models hatchery rearing and transport/release-type management rather than commercial aquaculture production."
"024-635-414-030-702","exclude","retain","conflict","The study explicitly examines commercially important farmed rainbow trout (Oncorhynchus mykiss) and probiotic/synbiotic feed additives affecting growth and production sustainability."
"024-761-532-555-267","exclude","retain","conflict","The record explicitly concerns rainbow trout (Oncorhynchus mykiss) and VHS transmission affecting the trout industry, establishing aquaculture relevance."
"026-095-870-625-695","retain","exclude","conflict","Although Atlantic salmon is explicit, the record concerns conservation/restoration and hatchery production, with salmon aquaculture mentioned only as a contributing background factor rather than as the study context or evaluated exposure."
"026-174-709-734-081","exclude","retain","conflict","The review explicitly identifies rainbow trout (Oncorhynchus mykiss) and concerns mycotoxins in aquaculture fish feed, establishing both eligible species and aquaculture relevance."
"026-423-458-275-232","retain","exclude","conflict","Although the study concerns coho salmon, it only describes experimental transfer to seawater net pens and provides no evidence of commercial aquaculture or farming context."
"027-064-181-959-846","exclude","retain","conflict","The abstract explicitly mentions Atlantic salmon and fishmeal, triggering the rule to retain records involving either eligible salmon species and fishmeal regardless of additional aquaculture terminology."
"027-315-622-363-065","exclude","retain","conflict","The study explicitly examines rainbow trout (Oncorhynchus mykiss) and includes an affiliation with the Institute of Marine Research Department of Aquaculture, establishing aquaculture relevance."
"027-631-857-171-484","exclude","retain","conflict","The abstract explicitly reports commercial aquaculture production of Atlantic salmon and rainbow trout in Norway."
"029-353-049-483-370","retain","exclude","conflict","Although intensive aquaculture is discussed, the record identifies only a generic “salmonid model” and does not name an eligible salmon or rainbow trout species."
"029-643-422-526-654","exclude","retain","conflict","The record explicitly concerns farmed salmon and consumer purchasing of Canadian salmon products, establishing both eligible species context and commercial aquaculture relevance."
"029-950-768-733-28X","exclude","retain","conflict","The study explicitly examines rainbow trout (Salmo gairdneri) fed experimental and commercial diets in the aquaculture journal Aquaculture, establishing eligible species and production-related aquaculture context."
"030-528-072-089-045","exclude","retain","conflict","The study explicitly examines farmed rainbow trout (Oncorhynchus mykiss) fed formulated and commercial diets, with aquaculture context supported by the Department of Aquaculture and Salmonid Fish Culture affiliation."
"031-836-935-425-392","exclude","retain","conflict","Rainbow trout (Oncorhynchus mykiss) is explicitly studied, and the article appears in the aquaculture-focused journal Aquaculture Research while addressing nutrition-related intestinal transport relevant to aquaculture production."
"032-244-037-111-268","exclude","retain","conflict","The abstract explicitly discusses marine pollution associated with farmed Atlantic salmon within an aquaculture and seafood-security context."
"032-488-971-478-625","exclude","retain","conflict","The study explicitly identifies Atlantic salmon (Salmo salar) and proposes applications for selective traps in aquaculture, establishing eligible species and aquaculture relevance."
"033-542-480-282-434","exclude","retain","conflict","The study explicitly examines Atlantic salmon (Salmo salar) and dietary cadmium administered in commercial fish feed, establishing eligible species and aquaculture-production relevance."
"033-724-926-598-060","exclude","retain","conflict","The abstract explicitly discusses welfare of farmed salmon, establishing both eligible salmon relevance and a farming/aquaculture context."
"033-843-029-920-496","exclude","retain","conflict","The abstract explicitly identifies farmed salmon and examines recovery of protein from salmon filleting by-products, establishing both eligible salmon and aquaculture-processing relevance."
"034-318-280-264-362","exclude","retain","conflict","The study explicitly examines rainbow trout (Oncorhynchus mykiss) fed commercial pellets in environmental conditions of a commercial rainbow trout fishery and aquaculture breeding."
"034-694-671-838-166","exclude","retain","conflict","The study analyzes commercial salmon oils explicitly used among marine raw materials for the aquaculture feed industry, establishing both salmon relevance and aquaculture context."
"034-806-658-904-601","exclude","retain","conflict","The review explicitly includes Atlantic salmon (Salmo salar) and reports infection prevalence in farmed fish within a commercial food-market context."
"038-492-109-422-067","exclude","retain","conflict","The study explicitly concerns an aquaculture facility containing rainbow trout (Oncorhynchus mykiss), an eligible species, and evaluates eDNA released from that facility."
"038-687-822-519-606","exclude","retain","conflict","The study explicitly examines farm-relevant rainbow trout (Oncorhynchus mykiss) fed commercial feed for disease control, in an aquaculture journal with commercial aquaculture funding."
"038-928-521-260-041","exclude","retain","conflict","The study concerns steelhead (Oncorhynchus mykiss, an eligible rainbow trout) in a feeding trial using a commercial trout starter diet, with aquaculture context supported by the North American Journal of Aquaculture."
"039-381-296-184-985","exclude","retain","conflict","The record explicitly identifies Atlantic salmon (Salmo salar) and examines its imported fishery products in Aquaculture International, an aquaculture-focused journal, establishing relevant aquaculture context."
"039-525-628-754-228","exclude","retain","conflict","The record explicitly concerns rainbow trout (Salmo gairdneri) and an IPN epizootic in a Scottish trout farm, establishing eligible species and aquaculture context."
"039-569-365-260-051","exclude","retain","conflict","The record explicitly studies Salmo salar and discusses food-quality impacts relevant to aquaculture production, including effects on aquaculture output."
"040-319-883-227-968","exclude","retain","conflict","The study explicitly concerns rainbow trout (Oncorhynchus mykiss), uses commercial trout feed, and appears in the aquaculture-focused Journal of the World Aquaculture Society."
"040-606-642-081-197","retain","exclude","conflict","Although the study concerns Chilean salmon farms and farmed production, the fish are identified only as generic salmonids, not an eligible salmon or rainbow trout species."
"042-763-796-893-042","exclude","retain","conflict","The keyword “salmon” establishes an eligible species, while the abstract explicitly concerns aquaculture production sites and impacts of harmful algal blooms on cultured fish."
"043-677-060-896-537","exclude","retain","conflict","The abstract explicitly concerns a vaccine for salmon pancreas disease, and the keywords identify aquaculture, establishing relevant salmon aquaculture context."
"044-235-604-036-251","exclude","retain","conflict","The study explicitly examines Atlantic salmon, and the authors include an Institute of Aquaculture affiliation, establishing relevant aquaculture context."
"044-957-945-682-053","exclude","retain","conflict","The study explicitly examines rainbow trout (Oncorhynchus mykiss) fed commercial diets in Aquaculture Research, establishing eligible species and aquaculture-production relevance."
"045-001-977-084-736","exclude","retain","conflict","The study explicitly concerns rainbow trout broodstock fed commercial trout pellets before spawning, establishing an eligible species and aquaculture production context."
"045-992-539-996-815","retain","exclude","conflict","Although Salmo salar and aquaculture rearing are explicit, the fish were raised solely for supplementation of the Loire-Allier river system, a non-commercial hatchery/release context."
"048-049-702-100-719","exclude","retain","conflict","The study explicitly concerns rainbow trout (Oncorhynchus mykiss) fingerlings and uses commercial feed in a production-related disease-control experiment, establishing aquaculture relevance."
"048-232-783-820-405","exclude","retain","conflict","The study explicitly examines farm-relevant dietary effects in rainbow trout (Oncorhynchus mykiss), with aquaculture established by its stated focus on aquaculture feed/efficiency, the Aquaculture journal, and aquaculture research affiliations."
"048-269-787-407-932","exclude","retain","conflict","The record explicitly concerns salmon production and environmental assessment of aquaculture food products across the supply chain."
"049-566-410-344-334","exclude","retain","conflict","The review explicitly includes rainbow trout and discusses fluorescent-protein applications relevant to aquaculture."
"049-625-675-960-084","exclude","retain","conflict","The study explicitly concerns Atlantic salmon (Salmo salar) and includes a farm-based exposure experiment, establishing aquaculture relevance."
"049-829-117-166-868","exclude","retain","conflict","The study explicitly examines coho salmon (Oncorhynchus kisutch) and states implications for the health and welfare of farmed salmon, establishing aquaculture relevance."
"051-621-025-996-476","exclude","retain","conflict","The record explicitly studies slaughtered Atlantic salmon (Salmo salar) and commercial testing of smoked fillet processing, establishing eligible farmed-salmon aquaculture relevance."
"052-227-617-549-558","retain","exclude","conflict","Rainbow trout is explicit, but the record describes experimental infection biology and only mentions farmed salmonids generically without establishing a commercial aquaculture context."
"052-365-567-485-36X","exclude","retain","conflict","The study explicitly examines aquaculture waste including salmon food and faeces at an IMTA site, establishing relevant salmon aquaculture context."
"052-640-239-264-30X","retain","exclude","conflict","Although it mentions farmed Pacific salmon and identifies coho, chum, and pink salmon, the study focuses on ranched/hatchery salmon released into natural ecosystems, which is explicitly excluded stock-enhancement context."
"053-033-035-087-390","exclude","retain","conflict","The study explicitly uses salmon recombinant IFN and concerns IPNV, a major pathogen in the aquaculture industry."
"053-170-003-040-919","retain","exclude","conflict","Although Atlantic salmon is explicit, the study concerns farmed fish released for stocking, recreational angling, or conservation rather than commercial aquaculture."
"053-259-777-490-922","exclude","retain","conflict","The abstract explicitly identifies salmon industries within Tasmanian aquaculture and evaluates marine heatwave impacts and risks to aquaculture, establishing relevant salmon aquaculture context."
"054-262-548-396-186","exclude","retain","conflict","The abstract explicitly connects the proposed sardine fishery’s marine protein and oil to the Tasmanian salmon aquaculture industry, establishing relevant salmon aquaculture input context."
"055-036-473-251-724","exclude","retain","conflict","The survey explicitly concerns aquaculture and reports antimicrobial use among professionals working with salmon and trout, establishing eligible species and commercial aquaculture relevance."
"055-415-648-705-821","exclude","retain","conflict","The title and abstract explicitly identify rainbow trout and aquaculture production, including comparison of commercial and experimental feeds and farm-level impacts."
"056-669-635-298-370","retain","exclude","conflict","The record concerns Vibrio anguillarum outbreaks but identifies no eligible salmon or rainbow trout species and provides no explicit commercial aquaculture context."
"058-132-012-723-070","exclude","retain","conflict","The study explicitly examines female Atlantic salmon broodstock and farmed broodstock management, with AquaGen AS affiliation/funding supporting commercial aquaculture relevance."
"059-969-800-095-416","exclude","retain","conflict","The study explicitly concerns rainbow trout (Oncorhynchus mykiss) and evaluates a vaccine for disease prevention in an aquaculture-linked context, including a commercial vaccine and affiliation with a maricultured animal vaccine research center."
"060-208-706-648-845","exclude","retain","conflict","The abstract explicitly examines aquacultured finfish including salmon, establishing both eligible salmon relevance and an aquaculture context."
"061-058-535-324-437","exclude","retain","conflict","The study explicitly examines farmed Atlantic salmon diets and growth, with affiliations including the Institute of Aquaculture Research, establishing aquaculture relevance."
"061-326-484-522-633","exclude","retain","conflict","The study explicitly examines Atlantic salmon and compares fish from a commercial Scottish freshwater hatchery with seawater-acclimatised siblings, establishing aquaculture relevance."
"061-712-264-197-141","exclude","retain","conflict","The record explicitly concerns Chinook salmon and evaluates commercial starter diets in hatchery production, establishing aquaculture relevance."
"062-577-245-817-197","exclude","retain","conflict","The abstract explicitly studies rainbow trout (Oncorhynchus mykiss) fed commercial trout pellets and the keywords identify aquaculture, establishing both eligible species and aquaculture relevance."
"063-335-584-313-780","exclude","retain","conflict","The study explicitly examines farmed rainbow trout (Oncorhynchus mykiss) diets and feed palatability in the aquaculture-focused journal Aquaculture Nutrition."
"065-200-083-795-130","exclude","retain","conflict","The abstract explicitly examines impacts and interactions involving salmonid aquaculture, including aquaculture operations and escaped Atlantic salmon, even though the focal species is spiny dogfish."
"065-440-943-468-82X","exclude","retain","conflict","The record explicitly mentions Arctic salmon and Bothriocephalus infections in pond and cage fish farms, establishing eligible salmon context and aquaculture relevance."
"065-618-313-334-902","exclude","retain","conflict","The record explicitly concerns rainbow trout (Oncorhynchus mykiss) and states its aquacultural significance and ease of culture, establishing eligible species and aquaculture relevance."
"065-918-275-326-438","exclude","retain","conflict","The study explicitly concerns rainbow trout (Oncorhynchus mykiss) brood fish and evaluates dietary lipids, including a commercial trout diet, establishing production-related aquaculture relevance."
"066-004-899-143-889","exclude","retain","conflict","The study explicitly examines farmed Atlantic salmon (Salmo salar) fed commercial salmon diets and evaluates fillet storage and quality, establishing both eligible species and aquaculture-production relevance."
"067-057-826-310-805","exclude","retain","conflict","The study explicitly examines transgenic coho salmon (Oncorhynchus kisutch) and includes aquaculture and production-related growth/feed context."
"067-377-327-929-761","exclude","retain","conflict","Rainbow trout are explicitly mentioned alongside fish-farm escapees, establishing an eligible species and aquaculture connection despite the conservation focus."
"068-147-915-039-442","exclude","retain","conflict","The study explicitly examines rainbow trout (Oncorhynchus mykiss) exposed to DON through commercial fish feed, establishing relevance to aquaculture production and inputs."
"068-336-684-127-711","exclude","retain","conflict","The study explicitly examines rainbow trout (Salmo gairdneri, a historical synonym of Oncorhynchus mykiss) fed experimental and commercial diets, establishing production-related aquaculture relevance."
"070-239-379-956-908","exclude","retain","conflict","The study explicitly examines farmed Atlantic salmon (Salmo salar) fed experimental diets in pens, establishing both eligible species and aquaculture production context."
"070-981-657-673-358","exclude","retain","conflict","The study explicitly examines Atlantic salmon fed commercial diets during freshwater-to-seawater production phases, establishing both eligible species and aquaculture context."
"071-290-688-380-447","exclude","retain","conflict","The study explicitly examines rainbow trout and states that the biomarkers may support genetic line evaluation and on-farm health monitoring, establishing aquaculture relevance."
"074-703-596-399-329","exclude","retain","conflict","The record explicitly identifies Atlantic salmon and rainbow trout and states that the SAV replicon may be used to induce immune responses in aquaculture of fish and shrimp."
"075-006-674-582-659","retain","exclude","conflict","Although commercial sea-cage production is described, the record identifies the farmed fish only generically as salmonids and does not specify an eligible species."
"075-186-491-522-558","exclude","retain","conflict","The study explicitly examines Atlantic salmon (Salmo salar) fillets and is published in Aquaculture, an aquaculture-focused journal, establishing relevant production context."
"076-776-655-690-563","exclude","retain","conflict","The study explicitly analyzes Atlantic salmon feed and feed additives in intensive farming production, establishing both eligible species and commercial aquaculture relevance."
"077-118-217-667-47X","exclude","retain","conflict","Rainbow trout is explicitly identified in the keywords, and the aquaculture keyword plus the study of a commercially important salmonid establish relevant aquaculture context."
"077-233-215-180-047","exclude","retain","conflict","The study explicitly concerns Atlantic salmon and evaluates a commercial furunculosis vaccine, establishing relevance to farmed salmon production and disease control."
"079-006-174-415-411","exclude","retain","conflict","The title explicitly identifies rainbow trout (Oncorhynchus mykiss) and dietary supplementation in aquaculture, establishing relevance to farmed production."
"079-711-962-318-851","exclude","retain","conflict","The record explicitly concerns Pacific salmon (Oncorhynchus spp.) and includes aquaculture as a research theme."
"080-640-976-120-790","exclude","retain","conflict","The study explicitly rears Atlantic salmon (Salmo salar) under saltwater conditions for comparison of aquaculture potential, establishing eligible species and aquaculture relevance."
"081-336-425-642-402","exclude","retain","conflict","The abstract explicitly discusses farmed trout and salmon, aquaculture production, and fish-feed formulation, establishing both eligible species and commercial aquaculture relevance."
"081-959-858-451-952","exclude","retain","conflict","The record explicitly discusses salmon in fishery products alongside growing domestic aquaculture and analyzes parasite risks relevant to aquaculture-derived products."
"083-203-706-067-460","exclude","retain","conflict","The abstract explicitly identifies rainbow trout (Oncorhynchus mykiss) and discusses its culture and the environmental effects of aquaculture in Venezuela."
"083-965-165-325-738","exclude","retain","conflict","The study explicitly evaluates salmon as an animal product across farm life and slaughter, establishing a production/farming context relevant to salmon aquaculture."
"084-204-518-905-616","retain","exclude","conflict","Although rainbow trout are studied, the record concerns experimental stocking in a net pen and hatchery/release fisheries, not commercial aquaculture production."
"086-994-076-480-017","exclude","retain","conflict","The abstract explicitly identifies coho salmon and states that the sulfonamide residues can occur in aquacultured species, establishing both eligible species and aquaculture relevance."
"087-127-069-067-428","exclude","retain","conflict","The record explicitly references salmon waters and water-quality monitoring for fish farming in artificial ponds, establishing both eligible salmon context and aquaculture relevance."
"087-219-974-833-67X","exclude","retain","conflict","The study explicitly concerns rainbow trout (Oncorhynchus mykiss) and addresses immune responses relevant to intraperitoneal vaccination in aquaculture."
"089-123-257-751-504","exclude","retain","conflict","The study explicitly examines farmed Atlantic salmon (Salmo salar) fed experimental fish-meal-based diets, with aquaculture research affiliation and production-relevant feed digestibility outcomes."
"090-572-347-445-382","exclude","retain","conflict","The study explicitly examines hatchery-reared Chinook salmon (Oncorhynchus tshawytscha) and gamete/fry production in the North American Journal of Aquaculture, establishing relevant aquaculture production context."
"090-648-812-179-146","exclude","retain","conflict","The review explicitly addresses Norwegian salmon aquaculture and aquaculture farms, establishing both eligible salmon relevance and commercial aquaculture context."
"091-066-971-169-435","exclude","retain","conflict","The study explicitly evaluates Gracilaria aquaculture integrated with salmon farms and quantifies nutrient effects from a 1500-tonne salmon farm, establishing direct commercial salmon-aquaculture relevance."
"091-377-788-967-496","exclude","retain","conflict","The abstract explicitly examines salmon promotion affecting producers and farm prices, establishing a commercial farmed-salmon context."
"091-942-147-612-504","retain","exclude","conflict","The study identifies prey only as generic salmonids (Salmo spp.) and merely notes proximity to aquaculture sites, without establishing an eligible species or evaluating a salmon-aquaculture consequence."
"092-097-976-781-023","exclude","retain","conflict","The abstract explicitly concerns commercially farmed fish and identifies Atlantic salmon and rainbow trout, with genetic improvement and breeding traits relevant to aquaculture production."
"093-755-529-399-584","exclude","retain","conflict","The abstract explicitly discusses salmon rearing within aquaculture and its environmental impacts."
"095-306-622-618-592","exclude","retain","conflict","The record explicitly studies farmed rainbow trout (Oncorhynchus mykiss) and identifies intensive aquaculture practices, husbandry, diets, and disease-related skin research."
"096-216-195-622-462","exclude","retain","conflict","The record explicitly concerns Atlantic and Pacific salmon and discusses aquaculture as a source of human-consumption salmon and its associated problems."
"097-387-904-459-948","exclude","retain","conflict","The book explicitly covers rainbow trout and masu salmon reproductive protocols and is centered on cultured fish and aquaculture species, establishing eligible species and aquaculture relevance."
"097-976-676-085-600","exclude","retain","conflict","The study explicitly examines farmed rainbow trout (Oncorhynchus mykiss) diets, disease resistance, and aquaculture production treatments."
"099-078-745-780-075","exclude","retain","conflict","The study explicitly examines rainbow trout (Oncorhynchus mykiss) periodically restocked through aquaculture and contamination likely acquired during farming, establishing both eligible species and aquaculture relevance."
"099-535-386-969-255","retain","exclude","conflict","The study concerns farmed Ladoga palia (Arctic char), while rainbow trout and Atlantic salmon are mentioned only as comparison species; no eligible species is the study subject or explicit salmon-farming impact."
"100-207-027-840-768","exclude","retain","conflict","The abstract explicitly discusses offshore aquaculture and identifies Atlantic salmon farming in Norway, Chile, and the United Kingdom."
"103-641-846-322-922","retain","exclude","conflict","Although the study concerns captive-reared Atlantic salmon (Salmo salar), it explicitly targets commercial production for reintroduction or stock enhancement, which is excluded hatchery/release context rather than commercial food aquaculture."
"106-020-080-749-865","retain","exclude","conflict","Rainbow trout is explicit, but the record does not establish farmed or commercial aquaculture origin; it concerns refrigerated fillet freshness generally."
"106-178-376-801-466","exclude","retain","conflict","The study explicitly examines juvenile rainbow trout (Oncorhynchus mykiss) fed a dietary treatment in an aquaculture context, establishing eligible species and production-related research."
"106-634-530-573-796","exclude","retain","conflict","The title explicitly identifies juvenile Pacific salmon and evaluates impacts of shellfish aquaculture, establishing both eligible salmon relevance and an aquaculture context."
"107-478-700-361-37X","exclude","retain","conflict","The review explicitly includes rainbow trout and discusses bacterial outbreaks in both wild and farmed coldwater fish, establishing eligible species and aquaculture relevance."
"109-212-697-126-305","exclude","retain","conflict","The record explicitly identifies salmon killed in cages by a toxic bloom, establishing an eligible salmon aquaculture impact context."
"109-260-411-991-843","exclude","retain","conflict","The abstract explicitly identifies rainbow trout (Salmo gairdneri, a historical synonym) and states they were fed a commercial diet in a controlled feeding study, establishing aquaculture-production relevance."
"109-991-006-632-950","exclude","retain","conflict","The review explicitly discusses AquAdvantage Salmon, an eligible genetically modified Atlantic salmon, and its approved commercial production and sale in aquaculture."
"110-381-539-645-604","exclude","retain","conflict","The abstract explicitly addresses aquaculture and fish farming feeds, including immune-stimulant use during salmon smoltification."
"110-706-066-427-422","retain","exclude","conflict","The record concerns unspecified trout and salmon in farms, rivers, and a private hatchery, but does not identify an eligible salmon species or rainbow trout, nor establish commercial aquaculture rather than hatchery/wild contexts."
"111-897-777-958-036","exclude","retain","conflict","The editorial explicitly discusses Norwegian salmon and increasingly proposed aquaculture stations, linking eligible salmon aquaculture to environmental protection of Norwegian fjords."
"112-209-460-516-402","exclude","retain","conflict","The study explicitly examines Atlantic salmon (Salmo salar) and includes a commercial population, with affiliations to aquaculture genetics companies Hendrix Genetics and Benchmark Genetics."
"113-143-305-277-410","exclude","retain","conflict","The study explicitly examines Atlantic salmon (Salmo salar) fed a commercial diet in Aquaculture Research, establishing an eligible species and production-related aquaculture context."
"113-461-705-615-03X","retain","exclude","conflict","Although the review concerns aquaculture vaccination and mentions infectious salmon anemia, no eligible salmon or rainbow trout species is explicitly identified; a pathogen reference alone does not establish species eligibility."
"113-927-515-952-758","exclude","retain","conflict","The study explicitly examines farmed rainbow trout (Oncorhynchus mykiss) in tanks using commercial and experimental aquaculture feeds, establishing both eligible species and aquaculture context."
"114-423-276-474-732","exclude","retain","conflict","The study explicitly links DDE exposure to fish feed used in salmon aquaculture, establishing relevant aquaculture context despite using zebrafish as the experimental model."
"115-745-342-486-845","exclude","retain","conflict","The article explicitly discusses aquaculture-industry education involving raising salmon, establishing eligible salmon and an aquaculture context."
"116-232-771-597-482","retain","exclude","conflict","The study concerns farmed Atlantic cod, while Atlantic salmon and rainbow trout are mentioned only as regulatory comparison examples, not as the aquaculture subject."
"116-315-676-479-385","exclude","retain","conflict","The metadata explicitly identifies salmon and fish-farming/aquaculture, establishing eligible salmon aquaculture relevance despite the record being an interview video."
"116-923-516-658-834","exclude","retain","conflict","The abstract explicitly identifies rainbow trout and Atlantic salmon in Turkey’s aquaculture production, establishing both eligible species and commercial aquaculture context."
"118-010-861-161-673","exclude","retain","conflict","The record explicitly mentions salmon cultivation in aquaculture systems and mariculture farms, establishing eligible species and aquaculture relevance."
"118-092-685-092-403","exclude","retain","conflict","The study explicitly examines farm-relevant dietary astaxanthin effects in rainbow trout (Oncorhynchus mykiss), with the aquaculture-focused journal and commercial feed additives supporting aquaculture relevance."
"118-437-615-255-255","retain","exclude","conflict","The study concerns fish farms and farmed salmonids but does not identify an eligible species or explicitly establish salmon aquaculture context beyond generic salmonid terminology."
"118-547-968-037-525","exclude","retain","conflict","The record explicitly studies Atlantic salmon and rainbow trout and concerns genetic markers for aquaculture, including commercially important aquacultural species."
"122-637-258-358-352","exclude","retain","conflict","The proceedings explicitly cover Atlantic salmon and rainbow trout in aquaculture contexts, including production genetics, breeding, and aquaculture stocks."
"125-738-730-987-884","retain","exclude","conflict","The title concerns salmon-friendly agricultural farms, not commercial aquaculture or farming of an eligible salmon species."
"126-233-292-091-238","exclude","retain","conflict","The abstract explicitly concerns imports of farmed salmon from Norway and commercial trade measures affecting farmed salmon aquaculture products."
"126-385-928-325-064","exclude","retain","conflict","The abstract explicitly concerns recirculating aquaculture systems and fish breeding tanks, and identifies salmon as a representative farmed species."
"131-516-461-164-786","exclude","retain","conflict","The study explicitly concerns coho salmon and transgenic fish in potential commercial production systems, with an affiliation at a Centre for Aquaculture and Environmental Research."
"133-353-337-778-333","exclude","retain","conflict","The record explicitly concerns salmon diets in the aquaculture journal Aquaculture, establishing eligible salmon and a clear production-related aquaculture context."
"135-931-040-456-178","exclude","retain","conflict","The title explicitly identifies Atlantic Salmon of Maine and describes an aquaculture company, establishing both eligible species and aquaculture relevance."
"138-791-121-208-587","exclude","retain","conflict","The abstract explicitly discusses fish oil use in aquaculture feed, particularly for salmon and trout, establishing both eligible salmon context and aquaculture relevance."
"140-956-196-361-177","retain","exclude","conflict","Although rainbow trout (Oncorhynchus mykiss) is detected, the study concerns illegal stocking for angling in a protected area, with fish-farm escape mentioned only as a possible source and no commercial aquaculture focus."
"141-064-583-285-795","exclude","retain","conflict","The abstract explicitly concerns aquaculture feed production and discusses feed pellets for salmon, establishing both eligible species relevance and commercial aquaculture context."
"141-662-076-839-220","exclude","retain","conflict","The abstract explicitly evaluates fishmeal displacement for cultured salmon and concerns aquaculture-related ocean-resource impacts."
"141-814-290-758-587","retain","exclude","conflict","Although Atlantic salmon (Salmo salar) and feed-related rearing are identified, the study concerns restocking farms producing fry for release, which is explicitly excluded hatchery/stock-enhancement activity."
"143-554-604-688-441","exclude","retain","conflict","The study explicitly examines farm-relevant rainbow trout (Oncorhynchus mykiss) fed an astaxanthin-supplemented diet, with aquaculture identified in the keywords and a National Center for Cool and Cold Water Aquaculture affiliation."
"145-349-769-668-422","exclude","retain","conflict","The study explicitly examines Atlantic salmon at a commercial plant and commercial slaughter, establishing both eligible species and aquaculture-related production/processing context."
"146-756-654-706-251","exclude","retain","conflict","The study explicitly examines farmed Atlantic salmon fed experimental diets, with keywords identifying aquaculture and Atlantic salmon."
"147-230-169-594-292","exclude","retain","conflict","The abstract explicitly identifies Atlantic salmon and Canadian-raised salmon, establishing eligible species and farmed aquaculture origin in a commercial fish-fillets study."
"149-897-696-663-745","exclude","retain","conflict","The erratum concerns farming evaluation of a triploid hybrid containing rainbow trout (Oncorhynchus mykiss) in Aquaculture International, establishing eligible species and aquaculture context."
"150-733-844-602-00X","retain","exclude","conflict","The record concerns aquaculture in Finland but identifies no eligible salmon or rainbow trout species, nor explicit salmon farming."
"152-505-008-613-967","exclude","retain","conflict","The supplied book metadata explicitly includes a study of sea lice larvae from an infested Atlantic salmon farm, establishing both eligible species and aquaculture relevance."
"157-712-388-826-940","exclude","retain","conflict","The contents explicitly include co-management by Alaska regional aquaculture associations of salmon, establishing eligible salmon and an aquaculture context."
"157-877-571-970-815","exclude","retain","conflict","The title explicitly concerns seven Scottish and seven Norwegian salmon farms and sequencing data from their sampling sites, establishing both eligible salmon and aquaculture context."
"159-291-248-983-303","retain","exclude","conflict","Aquaculture context is indicated, but the record identifies only generic fish and trout rather than an eligible salmon or rainbow trout species."
"159-835-842-255-088","exclude","retain","conflict","The record explicitly studies rainbow trout (Oncorhynchus mykiss) juveniles fed commercial trout feed in a controlled feeding trial, establishing eligible species and aquaculture production relevance."
"160-416-105-385-025","retain","exclude","conflict","The record concerns French marine farming of unspecified/seabass and seabream, while salmon is mentioned only illustratively as a comparison with the salmon industry."
"168-620-817-123-014","exclude","retain","conflict","The study explicitly examines farm-relevant dietary supplementation and growth/immunity in rainbow trout (Oncorhynchus mykiss), using a commercial diet."
"170-369-926-499-71X","retain","exclude","conflict","Although Atlantic salmon and rainbow trout are mentioned, the record is a general bibliometric overview of fisheries research and provides no commercial aquaculture context."
"171-419-826-047-053","exclude","retain","conflict","The study explicitly examines Atlantic salmon (Salmo salar) slaughter, filleting, and processing conditions in the aquaculture journal Aquaculture, establishing relevance to commercial salmon production."
"173-129-108-402-388","exclude","retain","conflict","The study explicitly examines rainbow trout (Oncorhynchus mykiss) and tests commercial and experimental diets in an Aquaculture journal, establishing production-related aquaculture relevance."
"173-447-907-334-709","exclude","retain","conflict","The record explicitly concerns Atlantic salmon and commercial processing by smoking houses, with an aquaculture-focused Akvaforsk affiliation supporting aquaculture relevance."
"173-973-104-781-660","exclude","retain","conflict","The study explicitly concerns farmed Atlantic salmon during the seawater phase, using commercial diets through slaughter weight, establishing direct commercial aquaculture relevance."
"174-702-008-883-263","exclude","retain","conflict","The review explicitly concerns commercially farmed Atlantic salmon and rainbow trout in finfish aquaculture and evaluates probiotics for aquaculture production outcomes."
"175-160-883-692-679","retain","exclude","conflict","Although the study concerns Atlantic salmon, it analyzes wild River Frome population survival and conservation, with aquaculture mentioned only as generic background rather than as a production context or evaluated impact."
"190-345-624-792-143","exclude","retain","conflict","The study explicitly identifies Atlantic salmon among traded samples and discusses seafood originating from aquaculture, including species with important aquaculture production."
"196-046-670-576-087","exclude","retain","conflict","The study explicitly evaluates azamethiphos, an anti-sea-lice therapeutant used in salmon aquaculture, and its effects on American lobster as a consequence of salmon-farm treatment, establishing relevant salmon aquaculture context."
"197-331-469-822-986","exclude","retain","conflict","The record explicitly references Atlantic salmon sea-cages and sea-lice infestation, establishing eligible species and aquaculture context despite being a cover-image record."
"199-627-098-526-787","exclude","retain","conflict","The study explicitly examines isolates from salmon and evaluates antimicrobial treatments for fish infections in aquaculture farms."
"199-991-573-829-527","exclude","retain","conflict","The study explicitly includes Atlantic salmon and rainbow trout and addresses aquaculture facilities and prevention of escapees, establishing a relevant aquaculture connection."
"000-161-699-284-358","exclude","retain","conflict","The record explicitly discusses genetically modified salmon and their production for food, which qualifies under the special rule for genetically engineered salmon intended for food production."
"000-832-041-828-747","exclude","retain","conflict","The abstract explicitly studies farm-relevant Atlantic salmon fry in an ozonated water reuse system using a commercial diet, establishing eligible species and aquaculture production context."
"001-259-331-155-592","exclude","retain","conflict","The abstract explicitly identifies salmon as a tested matrix and examines therapeutants used in marine aquaculture products, establishing both eligible species and aquaculture relevance."
"001-965-720-799-795","exclude","retain","conflict","The study explicitly examines farm-relevant rainbow trout (Oncorhynchus mykiss) fed a commercial diet and an experimental diet, establishing eligible species and aquaculture production context."
"002-188-201-552-339","retain","exclude","conflict","Although Chinook and coho salmon are identified, the study concerns virus isolates from salmon returning to hatcheries and mentions aquaculture only as a speculative possible source, without establishing commercial aquaculture relevance."
"004-130-808-266-225","exclude","retain","conflict","The record explicitly concerns Atlantic salmon and commercial fish processing, grading, and fillet products, establishing eligible species and aquaculture-related production context."
"004-383-073-428-072","retain","exclude","conflict","Rainbow trout is identified, but the study only examines experimental oxytetracycline toxicity and does not establish a commercial aquaculture or farm-production context."
"005-206-735-456-988","exclude","retain","conflict","The record explicitly concerns rainbow trout (Oncorhynchus mykiss) and sex-control steroid use in aquaculture, establishing both eligible species and aquaculture relevance."
"005-280-455-488-796","exclude","retain","conflict","The study explicitly includes rainbow trout (Oncorhynchus mykiss) and examines maintenance, feeding, and physiology of farmed fish in fish farms, with an affiliation to a piscifactoría."
"005-346-537-248-664","exclude","retain","conflict","The record explicitly studies Atlantic salmon and connects the work to aquaculture through farmed populations, aquafeeds, and aquaculture health-management tools."
"005-847-039-639-270","exclude","retain","conflict","The study explicitly examines farm-relevant feeding treatments in rainbow trout (Oncorhynchus mykiss) fry, establishing both eligible species and aquaculture production relevance."
"006-936-381-225-058","exclude","retain","conflict","The study explicitly concerns Atlantic salmon fillets and commercial smoked-salmon processing, establishing eligible species and aquaculture-related production/processing relevance."
"007-531-090-980-169","retain","exclude","conflict","The study concerns salmonid fish farms but identifies the fish only generically as “salmonid,” which does not establish an eligible species under the screening criteria."
"007-795-812-928-573","exclude","retain","conflict","The abstract explicitly mentions farm-bred salmon from Norway and Scotland and discusses mariculture, establishing eligible salmon and aquaculture relevance."
"008-786-437-166-256","exclude","retain","conflict","The study explicitly examines Atlantic salmon and rainbow trout, and connects the findings to thromboses in farmed Atlantic salmon; the affiliation is also an Institute of Aquaculture Research."
"009-120-985-671-056","exclude","retain","conflict","The study explicitly examines farm-relevant rainbow trout (Oncorhynchus mykiss) fed a commercial rainbow trout diet in a controlled feeding trial, and is published in Aquaculture Research."
"009-720-872-590-451","exclude","retain","conflict","The study concerns eligible chum salmon and explicitly examines an industrial population reproduced artificially, including farming and artificial reproduction, establishing aquaculture relevance."
"010-723-354-047-474","exclude","retain","conflict","The review explicitly covers Atlantic salmon and rainbow trout, includes aquaculture as a keyword and application, and has an affiliation in a Nutrition, Metabolism and Aquaculture unit."
"010-762-147-707-478","exclude","retain","conflict","The record explicitly identifies Atlantic salmon and a commercial furunculosis vaccine for salmon, with vaccine research connected to farming of spotted wolffish."
"011-103-852-716-254","exclude","retain","conflict","The record explicitly studies eligible coho and sockeye salmon and includes “Aquaculture” as a keyword, with growth-enhancement treatment relevant to aquaculture production."
"011-163-081-022-338","exclude","retain","conflict","The abstract explicitly studies aquaculture sediments from two salmon hatchery sites, establishing salmon-related aquaculture context and an environmental consequence of aquaculture antibiotic use."
"011-383-483-467-094","exclude","retain","conflict","The report explicitly discusses farmed salmon in aquaculture and its use of fishmeal, satisfying the eligible-species and aquaculture-context criteria."
"011-797-284-268-017","exclude","retain","conflict","The study evaluates salmon lice infection in wild sea trout in relation to farmed fish density and aquaculture/sea-farming developments, an explicit consequence of salmon aquaculture."
"012-369-600-680-878","exclude","retain","conflict","The abstract explicitly identifies rainbow trout (Oncorhynchus mykiss) and evaluates feeding concentrated ascidian fluid in combination with commercial diets for normal growth, establishing aquaculture production relevance."
"013-114-636-679-328","exclude","retain","conflict","The abstract explicitly discusses carotenoid addition to feed for farmed salmon, establishing both an eligible species and aquaculture relevance."
"013-225-078-880-618","exclude","retain","conflict","The abstract explicitly concerns a DNA vaccine protecting farm-raised salmon, establishing both an eligible species and commercial aquaculture context."
"013-750-221-241-815","exclude","retain","conflict","The record explicitly concerns Pacific salmon and discusses aquaculture impacts including disease transmission and genetic effects, establishing relevant salmon and aquaculture context."
"014-131-745-137-06X","exclude","retain","conflict","The study explicitly examines Atlantic salmon (Salmo salar) during a seawater feeding trial using a commercially relevant diet, establishing production aquaculture relevance."
"014-305-491-237-251","retain","exclude","conflict","Although the study concerns IMTA and commercial aquaculture, it examines mussels and only references ISAV as a finfish pathogen, without identifying an eligible salmon species or explicitly studying salmon farming."
"016-151-097-402-953","retain","exclude","conflict","Although the study concerns salmon farming, the directly studied fish are identified only as generic farmed salmonids, with no eligible salmon or rainbow trout species specified."
"016-807-053-243-531","retain","exclude","conflict","Although the study concerns Atlantic salmon (Salmo salar) at fish farms, these facilities produce smolts solely for stocking, which is explicitly a non-commercial hatchery/restocking context."
"017-363-989-797-680","exclude","retain","conflict","The study explicitly examines Atlantic salmon (Salmo salar) eggs and embryos and is connected to commercial production through Benchmark Genetics affiliation/funding and its stated relevance to this commercially important species."
"017-422-453-741-766","retain","exclude","conflict","The record concerns generic fish cage-rearing practices and does not identify Atlantic/Pacific salmon, rainbow trout, or explicit salmon farming."
"018-180-361-834-516","exclude","retain","conflict","The study explicitly examines Atlantic salmon (Salmo salar) fed diets, including commercial fish-derived oils, in Aquaculture Nutrition, establishing relevance to farmed salmon aquaculture nutrition."
"018-277-027-752-575","exclude","retain","conflict","The study explicitly examines rainbow trout (Oncorhynchus mykiss) and discusses hypoxia as an “aquaculture floating head” phenomenon, establishing aquaculture relevance."
"018-445-467-254-641","exclude","retain","conflict","The study explicitly concerns rainbow trout broodstocks and selection response under commercial conditions, establishing eligible species and aquaculture relevance."
"019-715-036-294-020","exclude","retain","conflict","The study explicitly examines eligible coho, chum, and pink salmon and states that the marker is used for aquaculture strain development."
"020-921-993-188-935","exclude","retain","conflict","The review explicitly discusses Pacific salmon, including coho salmon, and evaluates hatcheries, ocean ranching, net penning, and feedlot aquaculture."
"021-825-359-566-966","exclude","retain","conflict","The abstract explicitly discusses salmon and ecological risks to native salmon populations from commercial salmon production using transgenic stocks."
"022-370-340-425-993","exclude","retain","conflict","The record explicitly concerns Atlantic salmon fillets and commercial factory processing, establishing relevance to farmed salmon production and quality assessment."
"023-733-123-779-679","exclude","retain","conflict","The abstract explicitly mentions salmon and evaluates enriched feeds used on farms/breeding centres and their effects on fish nutritional value, establishing production-related aquaculture relevance."
"024-054-591-075-551","exclude","retain","conflict","The study explicitly examines triploid Atlantic salmon (Salmo salar) and states that it is commercially available, with the research focused on triploid Atlantic salmon breeding, establishing aquaculture relevance."
"024-118-514-296-262","exclude","retain","conflict","The abstract explicitly references intensive salmon cultivation in Chile and examines environmental impacts of aquaculture, establishing a relevant salmon-aquaculture context."
"024-378-414-183-923","exclude","retain","conflict","The title explicitly identifies farm-raised salmon, establishing an eligible salmon species context and commercial aquaculture relevance."
"025-315-157-474-444","exclude","retain","conflict","The study explicitly concerns rainbow trout (Oncorhynchus mykiss) in a commercial strain and addresses marker-assisted selective breeding for production-relevant traits."
"025-500-291-913-641","exclude","retain","conflict","The record explicitly concerns Atlantic salmon (Salmo salar) and identifies aquaculture as a relevant context for maturation research."
"026-458-339-303-94X","exclude","retain","conflict","The study explicitly concerns Atlantic salmon (Salmo salar) reared and transferred to sea cages, establishing commercial aquaculture production relevance."
"028-662-100-018-478","retain","exclude","conflict","Although the study concerns Atlantic salmon, it examines wild river-caught fish and mentions farmed salmon only as a comparison, without evaluating commercial aquaculture or its consequences."
"028-982-811-170-014","exclude","retain","conflict","The abstract explicitly identifies salmon farming as an anthropogenic activity in the studied Chilean coastal region and evaluates environmental greenhouse-gas conditions relevant to its potential impacts."
"029-767-008-186-847","retain","exclude","conflict","Although pink salmon are explicitly identified, the study uses a small experimental floating net pen without evidence of commercial aquaculture or production."
"030-113-152-705-114","exclude","retain","conflict","The abstract explicitly concerns optimizing production of farmed Atlantic salmon, establishing both eligible species and commercial aquaculture relevance."
"031-453-281-318-353","exclude","retain","conflict","The study explicitly examines juvenile Atlantic salmon (Salmo salar) fed plant-protein and commercial diets, establishing eligible species and aquaculture production relevance."
"033-290-116-231-43X","exclude","retain","conflict","The record explicitly studies farmed-relevant rainbow trout (Oncorhynchus mykiss) nutrition and diets in the aquaculture journal Aquaculture, including a commercial salmon diet."
"035-610-872-761-316","exclude","retain","conflict","The record explicitly includes a figure on salmon aquaculture harvest in southern Chile, establishing both relevant salmon and aquaculture context."
"035-786-464-827-370","exclude","retain","conflict","The aquaculture feeding study explicitly includes salmon by-product meal (fishmeal) as a tested ingredient, establishing relevant salmon aquaculture product context."
"036-110-736-990-398","retain","exclude","conflict","The study concerns aquaculture but identifies the hosts only generically as salmonids/salmon and trout, without naming an eligible salmon or rainbow trout species."
"036-844-004-252-827","exclude","retain","conflict","The study concerns rainbow trout (Oncorhynchus mykiss) and explicitly examines acute temperature stress as an issue in commercial culture, establishing aquaculture relevance."
"037-976-780-998-809","retain","exclude","conflict","Although the abstract mentions farm-raised salmon, this is a general nutrition book and does not concern commercial salmon aquaculture or its products/processes."
"038-631-735-999-581","retain","exclude","conflict","Although the study concerns chum salmon, it examines wild/ecological climate vulnerability and only mentions future aquaculture strategies, without establishing a commercial aquaculture context."
"039-381-906-839-628","retain","exclude","conflict","Although the abstract establishes salmonid aquaculture context, the directly studied fish are identified only generically as salmonids, not an eligible salmon or rainbow trout species."
"042-427-059-693-523","retain","exclude","conflict","Although masu salmon is an eligible species, the study concerns hatchery-reared fish used for stock release and resulting wild-population introgression, not commercial aquaculture."
"042-528-399-627-592","retain","exclude","conflict","Rainbow trout (Oncorhynchus mykiss) is explicit, but the dissertation presents a laboratory immune study with aquaculture mentioned only as a potential vaccine application and does not establish a commercial aquaculture context."
"043-026-086-831-820","exclude","retain","conflict","The study explicitly examines Atlantic salmon challenged with sea lice and evaluates a vaccine with stated commercial application, establishing eligible species and aquaculture relevance."
"043-288-722-009-345","exclude","retain","conflict","The study explicitly concerns Atlantic salmon and breeding schemes, with an aquaculture-focused affiliation (Department of Animal and Aquacultural Sciences), establishing aquaculture relevance."
"043-471-234-933-446","retain","exclude","conflict","Although cherry salmon is masu salmon (Oncorhynchus masou) and fish farms are mentioned, the study concerns juveniles reared for fish-rearing/hatchery purposes without evidence of commercial aquaculture rather than clearly eligible production."
"044-424-601-339-452","exclude","retain","conflict","The abstract explicitly discusses disease in aquaculture and identifies ocean-reared salmon, establishing eligible salmon and commercial aquaculture relevance."
"045-559-278-902-026","exclude","retain","conflict","The study explicitly examines farmed rainbow trout (Oncorhynchus mykiss), establishing both eligible species and aquaculture context."
"046-534-885-846-519","exclude","retain","conflict","The abstract explicitly discusses aquaculture and disease losses in cultured salmon, establishing eligible salmon and aquaculture relevance."
"047-422-352-446-643","exclude","retain","conflict","The record explicitly mentions Atlantic salmon and a virus discovered in farmed lumpsucker, establishing eligible-species and aquaculture relevance."
"048-139-626-905-636","exclude","retain","conflict","The record explicitly includes rainbow trout (Oncorhynchus mykiss) and states that rainbow trout were grown in a farm, establishing eligible species and aquaculture context."
"048-392-283-649-317","exclude","retain","conflict","The study explicitly examines Atlantic salmon and salmon lice, noting repeated exposure and infection in farms, establishing eligible species and aquaculture relevance."
"048-480-858-392-293","retain","exclude","conflict","Although aquaculture and farmed fish are explicit, the study identifies the relevant organisms only as generic salmonid fish, not an eligible salmon species or rainbow trout."
"049-310-851-885-663","exclude","retain","conflict","The record explicitly studies rainbow trout and reports aquaculture-related disease research at an aquaculture research laboratory, including fish held at a fisheries experimental station and farms."
"049-809-078-498-940","retain","exclude","conflict","Rainbow trout is explicit, but the study is a controlled laboratory co-infection experiment and provides no specific commercial aquaculture or farm-production context."
"050-946-925-070-133","exclude","retain","conflict","The record explicitly mentions a salmon DNA transposon and applications in aquacultural fish species, establishing both eligible salmon relevance and aquaculture context."
"052-758-458-108-685","exclude","retain","conflict","The record explicitly studies farmed rainbow trout and whitefish at Baltic Sea fish farms, with clear aquaculture-facility and farm-environment relevance."
"053-361-879-084-539","exclude","retain","conflict","The record explicitly studies farmed Atlantic salmon (Salmo salar) receiving commercial soybean diets, establishing both eligible species and aquaculture production relevance."
"054-092-254-534-994","exclude","retain","conflict","The abstract explicitly identifies rainbow trout (Salmo gairdneri, a historical synonym of Oncorhynchus mykiss) in a production trial with commercial feed, stocking densities, harvest, and net production."
"054-643-752-817-522","exclude","retain","conflict","The study examines AGD resistance in Atlantic salmon and explicitly describes the trait as commercially important, with affiliation to the University of Tasmania School of Aquaculture."
"054-826-177-999-017","retain","exclude","conflict","Although commercial hatchery aquaculture is established, the study identifies the fish only as generic salmonids/salmon and trout, without an eligible species."
"055-259-977-821-805","exclude","retain","conflict","The abstract explicitly studies rainbow trout (Oncorhynchus mykiss) and evaluates photoperiod regimes including continuous light currently used commercially, establishing aquaculture-production relevance."
"055-418-293-539-273","retain","exclude","conflict","The record concerns privatization and depletion of a wild commercial Pacific salmon fishery, with no evidence of aquaculture or farming."
"056-238-601-780-092","exclude","retain","conflict","The study explicitly examines rainbow trout (Salmo gairdneri, a historical synonym of Oncorhynchus mykiss) fed commercial trout food, establishing eligible species and aquaculture production relevance."
"056-898-230-557-097","exclude","retain","conflict","The record explicitly concerns anadromous Pacific salmon (Oncorhynchus) and reports disease findings in fish from aquaculture, establishing eligible salmon and aquaculture relevance."
"059-738-989-378-816","retain","exclude","conflict","The study concerns ISAV in marine aquaculture but does not identify an eligible salmon or rainbow trout species, and the pathogen name alone cannot establish the species criterion."
"059-910-532-873-093","retain","exclude","conflict","The study concerns sea trout in an area explicitly without salmon aquaculture and does not evaluate a salmon-farming impact; sea trout is not an eligible species."
"062-246-269-597-428","exclude","retain","conflict","The study explicitly concerns Atlantic salmon (Salmo salar) populations produced and maintained under commercial conditions, including freshwater and seawater production phases."
"062-465-584-830-074","retain","exclude","conflict","Rainbow trout farming appears only in an illustrative photograph caption, while the record concerns a broad wild freshwater fish–parasite dataset with no substantive commercial aquaculture focus."
"063-238-113-238-951","exclude","retain","conflict","The abstract explicitly includes transgenic salmon and discusses their application to promote aquaculture production and commercial use."
"064-916-705-048-701","retain","exclude","conflict","Although Atlantic salmon is explicitly studied, the record concerns genomic transcriptome resources and only mentions aquaculture as a general research field, with no established commercial aquaculture context."
"064-975-088-777-529","exclude","retain","conflict","The study explicitly examines farmed rainbow trout (Oncorhynchus mykiss) fed experimental diets through commercial weight, addressing production efficiency and flesh quality in an aquaculture context."
"065-200-225-882-257","retain","exclude","conflict","Although the abstract mentions farmed salmon in Chile, this is only an illustrative example in a broad review of non-native fish introductions, not a study meaningfully concerning salmon aquaculture."
"065-386-077-206-369","exclude","retain","conflict","The record explicitly discusses Atlantic salmon, Chinook salmon, and sockeye salmon and examines aquaculture-escaped or farmed fish and their genetic impacts."
"066-055-243-072-213","retain","exclude","conflict","The title concerns salmon ranching, which falls under excluded sea/ocean ranching or stock-enhancement contexts rather than commercial aquaculture production."
"066-678-257-892-299","retain","exclude","conflict","Although the study is explicitly conducted on farmed salmonids in Chilean farms, it identifies the directly studied fish only as generic salmonids and no eligible salmon or rainbow trout species is specified."
"067-839-795-425-664","exclude","retain","conflict","The study explicitly concerns farm-reared Atlantic salmon (Salmo salar) transferred to seawater net-pens, establishing both eligible species and aquaculture production context."
"067-955-992-314-347","exclude","retain","conflict","The study explicitly examines farm-relevant rearing density and stress responses in rainbow trout (Oncorhynchus mykiss), with fish held in experimental net-pens and an aquaculture-program affiliation supporting aquaculture context."
"069-133-093-715-876","exclude","retain","conflict","The record explicitly concerns industrial trout farming and cage cultivation of salmon, with the lake ecosystem assessed under those aquaculture conditions."
"069-163-496-860-987","exclude","retain","conflict","The study explicitly reports SAV infection in farm-reared Arctic char and references rainbow trout and Atlantic salmon, establishing a clear farmed-aquaculture disease context involving eligible species."
"069-413-163-847-45X","retain","exclude","conflict","Although Atlantic salmon and farmed Atlantic salmon are mentioned, the study surveys wild salmonids and does not evaluate a substantive salmon-aquaculture impact or connection."
"069-759-332-759-273","exclude","retain","conflict","The study explicitly analyzes salmon in aquaculture products, establishing both eligible salmon relevance and an aquaculture context."
"071-767-790-004-654","exclude","retain","conflict","The study explicitly concerns farmed rainbow trout (Oncorhynchus mykiss) in the epidemiology of VHSV, establishing both eligible species and aquaculture relevance despite sampling wild herring."
"073-471-067-597-155","exclude","retain","conflict","The study explicitly examines juvenile rainbow trout (Oncorhynchus mykiss) fed commercial functional diets, establishing both eligible species and aquaculture-production relevance."
"074-280-542-243-781","exclude","retain","conflict","The study concerns salmon louse Caligus rogercresseyi and delousing drugs in the explicitly stated salmonid aquaculture industry, establishing direct relevance to salmon aquaculture."
"074-416-741-968-785","exclude","retain","conflict","The study explicitly concerns rainbow trout (Oncorhynchus mykiss) broodstock from a commercial population and selection for spawning date, establishing commercial aquaculture relevance."
"074-444-082-214-821","exclude","retain","conflict","The study explicitly examines Atlantic salmon (Salmo salar) including captive and hatchery-reared populations, and the keyword “aquaculture” establishes an aquaculture context."
"074-592-491-698-024","exclude","retain","conflict","The title explicitly identifies Atlantic salmon (Salmo salar), and the abstract states the technique was used in commercial fish production; the Landcatch affiliation further supports aquaculture relevance."
"075-100-128-165-47X","exclude","retain","conflict","The record explicitly identifies rainbow trout (Oncorhynchus mykiss) from infected rainbow trout farms, establishing both eligible species and aquaculture context, even though pathogenicity is tested in Caspian trout."
"075-311-098-167-174","exclude","retain","conflict","The study explicitly examines farm-relevant Atlantic salmon (Salmo salar) post-smolts reared after seawater transfer, and directly connects its findings to optimization of commercial production."
"075-479-881-592-876","retain","exclude","conflict","Although Atlantic salmon is studied, the record concerns age distributions in a Faroese fishery and wild/farm-origin classification, without a substantive commercial aquaculture context."
"077-237-769-278-714","exclude","retain","conflict","The abstract explicitly concerns deep-sea aquaculture cages and feeding systems and identifies salmon among the farmed species the system is designed for."
"078-481-441-776-104","exclude","retain","conflict","The record explicitly concerns chum salmon (Oncorhynchus keta) and management at the Okhotsk salmon fish farm, including broodstock removal and artificial reproduction."
"079-469-157-802-584","exclude","retain","conflict","The record explicitly describes an aquaculture company and its farm operations, including salmon and fish-lice incidents, establishing relevant salmon aquaculture context."
"081-457-933-271-709","retain","exclude","conflict","The study concerns aquaculture but identifies the cultured fish only as generic “salmonids,” which does not satisfy the eligible-species criterion for a direct species study."
"081-663-616-425-10X","exclude","retain","conflict","The study explicitly examines farmed rainbow trout (Oncorhynchus mykiss) broodstock, reproduction, diets, and progeny production in an aquaculture journal, establishing both eligible species and aquaculture relevance."
"082-723-929-962-721","exclude","retain","conflict","The study explicitly concerns Atlantic salmon (Salmo salar) processing and storage, and the aquaculture-focused Nofima affiliation supports commercial aquaculture relevance."
"083-214-395-925-424","exclude","retain","conflict","The review explicitly concerns aquafeeds and includes rainbow trout and Atlantic salmon, establishing both eligible species and aquaculture relevance."
"083-627-276-733-345","exclude","retain","conflict","The record explicitly concerns Atlantic salmon (Salmo salar) and a commercial selection program for IPN resistance, establishing direct commercial aquaculture relevance."
"083-743-608-441-970","exclude","retain","conflict","The study explicitly examines farmed rainbow trout fingerlings (Oncorhynchus mykiss) in an Aquaculture journal using experimental diets, establishing both eligible species and aquaculture production relevance."
"084-091-478-679-424","exclude","retain","conflict","The study explicitly concerns Atlantic salmon (Salmo salar) and production-relevant feeding/nutrient utilization in commercially important fish, supported by the Aquaculture Research journal and an industry affiliation."
"087-782-113-353-896","exclude","retain","conflict","The study explicitly concerns rainbow trout (Oncorhynchus mykiss) larvae and evaluates commercial feed and live-food enrichment, establishing aquaculture production relevance."
"088-140-687-995-806","retain","exclude","conflict","The study concerns sludge from a salmonid aquaculture facility but identifies no eligible salmon or rainbow trout species, and generic salmonid terminology does not satisfy the species criterion."
"088-189-836-634-172","exclude","retain","conflict","The record explicitly discusses MOWI, a major commercial salmon producer, and traceability of farmed salmon products and their production life stages."
"088-829-926-368-237","exclude","retain","conflict","The study explicitly concerns Atlantic salmon (Salmo salar) and states that its gene-expression work will benefit salmon aquaculture, with comparisons involving hatchery smolts."
"089-082-099-455-153","exclude","retain","conflict","Masu salmon (Oncorhynchus masou) genes are studied for application to farmed fish, with explicit aquaculture context in the abstract and Indonesian Aquaculture Journal."
"090-440-760-830-482","exclude","retain","conflict","The title explicitly concerns salmon farming, establishing both eligible salmon context and commercial aquaculture relevance."
"091-445-377-084-13X","exclude","retain","conflict","The abstract explicitly identifies salmon and trout as affected species and discusses Saprolegnia infections in aquaculture and fish farms."
"092-269-964-529-371","exclude","retain","conflict","The title explicitly identifies aquacultured fish and the abstract evaluates salmon slices, establishing both eligible salmon relevance and an aquaculture production context."
"097-528-854-469-457","exclude","retain","conflict","The title and abstract explicitly identify rainbow trout and describe a practical sperm-production method for breeding programs, while the keyword “aquacultural species” establishes aquaculture relevance."
"098-958-217-522-741","exclude","retain","conflict","The study explicitly concerns rainbow trout (Oncorhynchus mykiss) fed experimental and commercial-type diets, establishing eligible species and aquaculture production/diet research context."
"099-253-371-099-829","exclude","retain","conflict","The abstract explicitly identifies cultured rainbow trout (Oncorhynchus mykiss) and evaluates processing of its viscera, establishing eligible species and aquaculture context."
"099-458-324-581-814","retain","exclude","conflict","Although pink and chum salmon are identified, the aquaculture context is hatchery production of smolts for later ocean release, which is excluded stock-enhancement/release activity."
"100-399-965-977-241","exclude","retain","conflict","The study explicitly examines Atlantic salmon (Salmo salar) fed experimental and commercial soybean-based diets in seawater, establishing relevance to farmed salmon aquaculture nutrition."
"101-564-512-973-718","exclude","retain","conflict","The title and abstract explicitly identify rainbow trout (Oncorhynchus mykiss) and analyze feed raw materials for formulating concentrated diets, establishing aquaculture production relevance."
"101-654-853-785-394","exclude","retain","conflict","The study explicitly examines rainbow trout (Oncorhynchus mykiss) in a feeding trial and evaluates a pigment for commercial fish finishing diets, establishing aquaculture production relevance."
"102-202-849-636-301","exclude","retain","conflict","The study uses a rainbow trout gill cell line and explicitly discusses implications for finfish aquaculture management, establishing eligible species and aquaculture relevance."
"102-410-137-400-997","exclude","retain","conflict","The title and abstract explicitly identify farmed rainbow trout (Oncorhynchus mykiss) and evaluate commercial dietary treatments, establishing eligible aquaculture relevance."
"102-586-830-724-657","exclude","retain","conflict","The abstract explicitly discusses vaccine use and antibiotic use in salmon production in Norway and Chile within an aquaculture context."
"103-091-094-754-437","exclude","retain","conflict","The abstract explicitly examines EurepGAP audit standards for salmon aquaculture, establishing both relevant salmon context and aquaculture relevance."
"103-464-513-767-275","exclude","retain","conflict","The study explicitly concerns rainbow trout (Oncorhynchus mykiss), including commercial-stock fish, and is linked to aquaculture through disease-resistance breeding and the National Center for Cool and Cold Water Aquaculture affiliation."
"107-340-237-356-277","exclude","retain","conflict","The abstract explicitly discusses salmon and trout being raised in aquaculture and identifies Belarusian fish farming as the production context."
"107-488-945-727-420","exclude","retain","conflict","The study explicitly examines Atlantic salmon (Salmo salar) fed commercial diets, with implications for hatchery management and smoltification, establishing aquaculture production relevance."
"108-331-995-669-311","retain","exclude","conflict","The study concerns common carp in a recirculating aquaculture system, while Atlantic salmon is mentioned only as an example of established welfare-assessment methods."
"111-455-670-091-825","retain","exclude","conflict","Although rainbow trout (Oncorhynchus mykiss) is identified, the record provides no evidence of commercial aquaculture or farming context."
"112-443-518-510-202","retain","exclude","conflict","Rainbow trout are studied in experimental sea cages, but the metadata provides no evidence of commercial aquaculture or farm production beyond experimental containment."
"114-217-671-804-829","exclude","retain","conflict","The abstract explicitly identifies farmed Atlantic salmon fillets and evaluates ozone processing under industry-simulated conditions."
"114-895-293-909-107","exclude","retain","conflict","The title and abstract explicitly identify Atlantic salmon (Salmo salar) and evaluate feed digestibility, growth, and slaughter quality in seawater-adapted production fish, establishing aquaculture relevance."
"115-953-180-015-499","exclude","retain","conflict","The abstract explicitly identifies discarded treatments from salmon farms as a potential veterinary-pharmaceutical pathway, establishing a direct salmon-aquaculture impact context despite the study focusing on vultures."
"116-641-966-879-698","exclude","retain","conflict","The abstract explicitly discusses cultured fish, including rainbow trout (Oncorhynchus mykiss) and Atlantic salmon (Salmo salar), in relation to viral infections and commercial aquaculture threats."
"118-455-242-755-570","retain","exclude","conflict","Although rainbow trout is identified, the record concerns alien-fish distributions and introductions for aquaculture or stock enhancement rather than commercial aquaculture itself."
"118-634-404-866-729","retain","exclude","conflict","Although Chinook salmon is explicitly identified, the study describes laboratory exposure of juvenile fish to pollutants with no commercial aquaculture or farming context."
"122-886-383-522-753","exclude","retain","conflict","The study explicitly concerns a wild fish cohabiting the salmon-farming environment and exposure to Piscirickettsia salmonis, establishing relevance to salmon aquaculture impacts despite the non-eligible study species."
"123-637-848-421-143","retain","exclude","conflict","Although the abstract establishes a salmonid farming context, the study identifies the host only as generic salmonids and does not specify an eligible salmon or rainbow trout species."
"123-924-381-889-94X","exclude","retain","conflict","The study explicitly examines farm-reared Chinook salmon (Oncorhynchus tshawytscha) using commercial feed and aquaculture rearing strategies, establishing eligible species and aquaculture relevance."
"125-748-456-569-725","exclude","retain","conflict","The study explicitly concerns farm-relevant Atlantic salmon (Salmo salar) fry and evaluates commercially available and experimental starter diets, establishing aquaculture production context."
"126-700-605-258-386","retain","exclude","conflict","Although the study explicitly concerns Atlantic salmon, it provides no evidence of commercial aquaculture or farming context; it is an experimental spleen infection study."
"126-802-285-345-33X","exclude","retain","conflict","The study explicitly concerns Atlantic salmon strains, broodstock selection, and plant-based diets in aquaculture, establishing both eligible species and production relevance."
"127-150-377-515-493","exclude","retain","conflict","The abstract explicitly identifies rainbow trout and discusses IPNV diagnosis and monitoring in aquaculture farms."
"127-653-841-268-276","exclude","retain","conflict","The study explicitly examines farm-relevant diets and growth of juvenile Atlantic salmon (Salmo salar), and is published in Aquaculture."
"130-432-655-420-755","exclude","retain","conflict","The record explicitly mentions salmon and fish farming, establishing eligible salmon and aquaculture relevance despite its biographical focus."
"131-691-377-589-106","exclude","retain","conflict","The record explicitly concerns Atlantic salmon and marine aquaculture involving a commercial aquaculture company, proposed net pens, and public perceptions of commercial and conservation aquaculture."
"131-933-139-590-987","exclude","retain","conflict","The abstract explicitly examines salmon farms and hatcheries as institutional responses to complex ecosystems, establishing relevant salmon aquaculture context."
"132-474-646-245-439","exclude","retain","conflict","The title explicitly concerns aquaculture nutrition, and the abstract identifies Chinook salmon and trout in the subject’s aquaculture-related research."
"137-941-950-207-316","exclude","retain","conflict","The study explicitly examines farmed rainbow trout (Oncorhynchus mykiss) grown in terrestrial raceways under conditions simulating commercial aquaculture and fed a commercial ration."
"139-638-389-606-16X","exclude","retain","conflict","The abstract explicitly identifies rainbow trout (Oncorhynchus mykiss) commercial production and commercial freshwater culture, establishing both eligible species and aquaculture context, despite the experiment being conducted on brook trout."
"144-886-916-347-010","exclude","retain","conflict","The review explicitly covers Atlantic salmon and rainbow trout genetic improvement and connects these production technologies to the aquaculture industry."
"145-903-639-896-449","retain","exclude","conflict","Although the study is explicitly aquaculture-related, the fish are identified only as generic salmonids/salmon fish, not an eligible salmon or rainbow trout species."
"146-673-124-873-884","exclude","retain","conflict","The title explicitly identifies rainbow trout (Oncorhynchus mykiss), and the Aquaculture Europe 2019 source plus dietary nutrition evaluation establish aquaculture relevance."
"146-891-575-771-559","exclude","retain","conflict","The title explicitly identifies Atlantic salmon and aquaculture in connection with commercial fish feed."
"148-148-444-926-591","exclude","retain","conflict","The record explicitly concerns aquaculture disease management and discusses farmed Atlantic salmon and rainbow trout, including vaccines, sea-lice treatments, and commercial functional feeds."
"149-726-089-756-425","retain","exclude","conflict","Although Oncorhynchus mykiss is mentioned, the study concerns alien-species introductions and wild ecological impacts, with farm-derived fish described only as released stocking material rather than commercial aquaculture."
"151-061-629-571-420","exclude","retain","conflict","The record explicitly mentions cultivated salmon and discusses aquaculture, establishing both eligible species and commercial aquaculture relevance."
"155-951-088-426-14X","exclude","retain","conflict","The abstract explicitly identifies rainbow trout and concerns vaccine development for disease control in the fisheries and aquaculture industries."
"160-835-332-850-173","retain","exclude","conflict","Although rainbow trout (Oncorhynchus mykiss) is studied, the fish are experimentally caged for wastewater-effluent biomonitoring with no commercial aquaculture or farming context."
"161-692-071-793-457","exclude","retain","conflict","The abstract explicitly discusses genetically modified salmon approved for commercial sale, establishing an eligible salmon and commercial production context."
"162-451-692-406-359","exclude","retain","conflict","The record explicitly discusses a chapter examining salmon farming in West Norway, establishing relevant salmon aquaculture context despite the broader book-review focus."
"163-178-042-956-369","exclude","retain","conflict","The abstract explicitly identifies Chinook salmon (Oncorhynchus tshawytscha) and describes rearing and first-feeding in tanks with commercial starter diets, establishing aquaculture production context."
"163-649-392-048-895","exclude","retain","conflict","The title explicitly links salmon with regional aquaculture associations, establishing both eligible salmon context and aquaculture relevance."
"164-277-411-062-070","exclude","retain","conflict","The record explicitly discusses salmon and designs a semi-submersible offshore aquaculture facility for marine fish farming, establishing eligible species and aquaculture relevance."
"164-840-411-601-011","exclude","retain","conflict","The title explicitly identifies juvenile rainbow trout (Oncorhynchus mykiss) and evaluates dietary effects on growth and antioxidant status, establishing a production-related aquaculture study."
"166-297-752-980-161","exclude","retain","conflict","The record explicitly identifies rainbow trout (Oncorhynchus mykiss) and states that some non-native fish were introduced for aquaculture, establishing both eligible species and aquaculture context."
"171-455-002-907-143","retain","exclude","conflict","The study concerns salmonids generically and does not identify an eligible salmon or rainbow trout species; although salmon farming and aquaculture context are explicit, the direct-study species gate fails."
"171-923-313-421-823","retain","exclude","conflict","The study concerns Aeromonas salmonicida isolated from farmed Siberian sturgeon, while rainbow trout and salmon are mentioned only as background host examples; no eligible salmon/trout aquaculture subject or salmon-farming connection is established."
"174-550-034-279-369","exclude","retain","conflict","The record explicitly discusses fishmeal used to feed farmed salmon and farmed trout, satisfying the fishmeal rule and establishing eligible species and aquaculture relevance."
"174-726-633-173-917","exclude","retain","conflict","The study explicitly examines Oncorhynchus mykiss (steelhead trout) fed commercial diets, with implications for cultured fish, establishing eligible species and aquaculture relevance."
"187-041-867-690-546","retain","exclude","conflict","Rainbow trout is eligible, but the record describes only a laboratory dietary exposure and does not establish commercial aquaculture or farmed-fish context."
"197-001-399-750-910","exclude","retain","conflict","The study explicitly concerns Atlantic salmon fillets and salmon products labeled as conventional ""farm-raised"" products, establishing both eligible species and aquaculture-product relevance."
"000-394-333-920-898","exclude","retain","conflict","The record explicitly concerns Atlantic salmon (Salmo salar) from an aquaculture strain and develops genomic resources for North American Atlantic salmon aquaculture, with aquaculture-focused affiliations and funding."
"001-260-800-808-161","exclude","retain","conflict","The study explicitly examines farmed rainbow trout (Oncorhynchus mykiss) in a feeding trial assessing production efficiency, with fish cultured in tanks and participation from Clear Springs Foods Inc."
"001-440-847-018-317","exclude","retain","conflict","The abstract explicitly discusses salmon in the context of aquaculture and evaluates environmental impacts of aquaculture production."
"002-166-389-873-929","exclude","retain","conflict","The study explicitly examines feeding trials in rainbow trout (Oncorhynchus mykiss) using commercial soybean meals, establishing eligible species and aquaculture production relevance."
"004-176-178-804-212","exclude","retain","conflict","The study explicitly concerns rainbow trout and genetic stress-response traits relevant to rainbow trout aquaculture production, with selective breeding and production-environment context established."
"004-347-595-065-813","exclude","retain","conflict","The study explicitly concerns Chinook salmon (Oncorhynchus tshawytscha) reared in marine net-pens and evaluates overwinter survival, growth, and smolt production in a production-relevant aquaculture system."
"004-915-854-897-052","exclude","retain","conflict","The abstract explicitly discusses farmed fish and diseases in the rainbow trout industry, establishing both eligible species and commercial aquaculture relevance."
"005-015-140-501-880","retain","exclude","conflict","The record concerns otter reintroduction and wild juvenile salmon, while fish farming is only mentioned generically without establishing a connection to eligible salmon aquaculture."
"005-181-876-048-752","exclude","retain","conflict","The abstract explicitly discusses Atlantic, chinook, coho, chum, and pink salmon and rainbow trout, including commercially important triploid production and broodstock/all-male or sterile populations."
"005-245-606-054-052","exclude","retain","conflict","The study explicitly administers two portions of farmed salmon weekly, establishing both an eligible salmon species and a farmed-aquaculture context."
"006-230-833-890-004","exclude","retain","conflict","The abstract explicitly discusses gene editing in salmon and rainbow trout and its application to sustainable food-fish farming, establishing eligible species and aquaculture relevance."
"007-179-719-822-935","exclude","retain","conflict","The abstract explicitly concerns aquaculture and identifies Atlantic salmon and rainbow trout as aquaculture species."
"007-254-491-186-14X","exclude","retain","conflict","The study explicitly examines genetically engineered salmon for food production and commercialization, which is a specified eligible aquaculture-related case."
"007-420-729-298-119","retain","exclude","conflict","The study concerns cultured gilt-head sea bream (Sparus aurata), not an eligible salmon or rainbow trout species; chinook salmon appears only as a cell-line source and does not establish relevance."
"007-615-084-432-818","exclude","retain","conflict","The abstract explicitly identifies commercial salmon cultures in Chilean Patagonia and discusses the region’s environmental oceanography and pressures associated with them."
"008-042-961-136-561","retain","exclude","conflict","The study concerns farmed Atlantic cod, while Atlantic salmon is mentioned only as background/comparison and not as the subject of the aquaculture study."
"008-214-796-936-343","exclude","retain","conflict","The study explicitly examines Atlantic salmon (Salmo salar) fed experimental diets, and its aquaculture-focused journal and Institute of Aquaculture Research affiliation establish aquaculture relevance."
"008-360-821-204-028","exclude","retain","conflict","The study concerns Atlantic salmon (Salmo salar) and explicitly evaluates declining wild-salmon trends in relation to salmon farms on smolt migration routes, establishing a direct salmon-aquaculture impact context."
"010-154-675-590-526","exclude","retain","conflict","The abstract explicitly identifies cultured rainbow trout (Oncorhynchus mykiss) and investigates Ichthyophonus transmission relevant to aquaculture, with Clear Springs Foods listed as an affiliation and funder."
"010-209-452-564-297","exclude","retain","conflict","The record explicitly concerns aquaculture farming in ponds and cages and mentions production of salmon, although the primary species is the ineligible Caspian trout (Salmo caspius)."
"011-034-484-849-304","exclude","retain","conflict","The study explicitly concerns Chinook salmon and evaluates a fishmeal-based diet, which qualifies under the fishmeal rule, while also stating relevance to Chinook salmon aquaculture practices."
"013-275-803-369-587","exclude","retain","conflict","The study analyzes commercial salmon and explicitly discusses residues in fish from aquaculture and proximity to fish farms, establishing eligible species and aquaculture relevance."
"014-094-131-093-066","exclude","retain","conflict","The study explicitly examines farm-relevant experimental diets and feed performance in juvenile Atlantic salmon (Salmo salar), establishing eligible species and aquaculture production relevance."
"014-840-545-984-821","exclude","retain","conflict","The study explicitly examines Atlantic salmon fed commercial extruded salmon feed, establishing both an eligible species and production-related aquaculture context."
"014-998-890-924-010","exclude","retain","conflict","The study explicitly examines farm-relevant diets and disease progression in Atlantic salmon (Salmo salar), with commercial diets and Marineholmen RAS Lab/Skretting affiliations establishing aquaculture relevance."
"016-598-260-773-633","exclude","retain","conflict","The book explicitly covers aquaculture biotechnology and includes a case study on transgenic salmon, establishing both eligible species and aquaculture relevance."
"018-559-495-596-089","exclude","retain","conflict","The record explicitly concerns rainbow trout and discusses farmed fish and dietary/artificial egg pigmentation in the aquaculture context."
"019-356-620-522-991","exclude","retain","conflict","The abstract explicitly identifies trout and salmon and examines raw and processed aquaculture products, establishing both eligible species and aquaculture relevance."
"020-817-182-034-238","retain","exclude","conflict","Although Chinook salmon is explicitly identified, the study is an experimental transmission trial and only speculates about crowded ponds or net pens, without establishing commercial aquaculture context."
"020-922-448-250-697","exclude","retain","conflict","The study explicitly investigates cultured rainbow trout (Oncorhynchus mykiss), establishing the eligible species and a farming/production context."
"021-644-567-395-548","exclude","retain","conflict","The study explicitly concerns Atlantic salmon smolts and examines responses to an aquaculture-related handling/confinement stressor."
"022-120-433-295-436","exclude","retain","conflict","The study explicitly examines Atlantic salmon and includes a commercial production population, with QTL relevant to marker-assisted selection in aquaculture."
"022-428-826-201-956","exclude","retain","conflict","The abstract explicitly links the coral research to eutrophication from expanding salmon farming operations, establishing relevant salmon aquaculture context."
"022-872-345-932-660","exclude","retain","conflict","The record concerns eligible chum and pink salmon hybrids and explicitly discusses salmon production, artificial reproduction, and potential commercial use in confined production systems."
"023-455-846-731-241","retain","exclude","conflict","Although Atlantic salmon and commercially farmed strains are identified, the study concerns stocking/ranching and release for fisheries rather than commercial aquaculture production."
"024-329-375-719-084","retain","exclude","conflict","Atlantic salmon farming is mentioned only as an illustrative industry example, while the record broadly concerns cultured fishes without establishing a substantive focus on an eligible salmon or trout species."
"024-556-860-018-441","retain","exclude","conflict","Although Atlantic salmon are explicit, the study concerns captive broodstock released solely for wild-population recovery, which is excluded hatchery/restocking activity rather than commercial aquaculture."
"025-471-002-167-006","exclude","retain","conflict","The study explicitly examines Atlantic salmon fed commercial feed formulations, establishing both an eligible species and aquaculture-production/feed context."
"027-045-237-748-404","exclude","retain","conflict","The abstract explicitly references salmon fish-farming concessionaries and proposed regulation of sediment removal from marine farming sites, establishing relevant salmon aquaculture context."
"027-085-950-051-836","exclude","retain","conflict","The abstract explicitly discusses crude fish oil obtained from farmed Atlantic salmon, establishing both an eligible species and a clear aquaculture connection."
"028-006-650-242-014","exclude","retain","conflict","The study concerns steelhead trout (Salmo gairdneri, a historical synonym of rainbow trout) reared at a salmonid aquaculture facility."
"030-289-081-013-979","exclude","retain","conflict","The study explicitly identifies pink, chum, and Atlantic salmon and detects Atlantic salmon likely originating from a distant fish farm, establishing relevant salmon aquaculture context."
"031-412-865-869-908","exclude","retain","conflict","The record explicitly discusses MRI applications in the aquaculture industry and identifies rainbow trout (Salmo gairdneri) among the studied fish."
"033-014-129-238-488","exclude","retain","conflict","The record mentions Atlantic salmon and fishmeal, triggering the fishmeal rule, and explicitly concerns aquaculture feed trials in juvenile fish."
"033-214-891-958-598","exclude","retain","conflict","The study explicitly concerns Atlantic salmon and states the proteins come from farmed animals, establishing eligible species and aquaculture relevance."
"033-848-690-804-124","exclude","retain","conflict","The study explicitly examines rainbow trout (Salmo gairdneri) production performance, diets, feed costs, and commercial trout feed in a hatchery production context, establishing aquaculture relevance."
"034-557-025-168-275","retain","exclude","conflict","Rainbow trout is explicitly studied, but the record concerns seasonal brain ganglioside adaptation in fish without an established commercial aquaculture or farming context; aquaculture is mentioned only as a future implication."
"036-030-275-528-749","exclude","retain","conflict","The record explicitly concerns salmon samples and malachite green, a compound used in aquaculture, establishing relevant salmon aquaculture context."
"036-473-724-491-180","exclude","retain","conflict","The study explicitly examines Atlantic salmon (Salmo salar) infected with amoebic gill disease, and the keywords and Nofima aquaculture research affiliation establish an aquaculture context."
"037-356-599-687-670","exclude","retain","conflict","The record explicitly concerns salmon and increasing supplies through farming, with an Institute of Aquaculture affiliation establishing commercial aquaculture relevance."
"037-558-318-697-510","retain","exclude","conflict","Aquaculture context is explicit, but the record does not identify Atlantic salmon, any Pacific salmon, rainbow trout, or an explicit salmon-farming subject."
"038-379-033-349-523","retain","exclude","conflict","The study has an aquaculture context but identifies the directly studied fish only as generic salmonid, with no eligible salmon or rainbow trout species specified."
"038-642-428-017-035","exclude","retain","conflict","The record explicitly concerns Norwegian fish farming/aquaculture and identifies salmon in the keywords, establishing eligible salmon aquaculture relevance."
"039-146-767-159-314","exclude","retain","conflict","The record explicitly concerns rainbow trout (Salmo gairdneri, a historical synonym of O. mykiss) in trout culture, including feeding comparisons with commercial trout feed."
"040-943-018-760-054","exclude","retain","conflict","The study explicitly examines farmed rainbow trout (Oncorhynchus mykiss) fed commercial diets under production-related stress, establishing both eligible species and aquaculture relevance."
"042-447-942-282-481","exclude","retain","conflict","The thesis explicitly studies Atlantic salmon (Salmo salar) broodstock fed a commercial diet and discusses incubation conditions used by the aquaculture industry, establishing eligible salmon aquaculture relevance."
"044-318-392-344-458","exclude","retain","conflict","The abstract explicitly describes Atlantic salmon in commercial sea cages and fish farmers producing salmon for human consumption."
"045-234-540-264-90X","retain","exclude","conflict","Although rainbow trout are studied, the record concerns hatchery fish released or inadvertently introduced into wild habitat for fisheries/conservation purposes, not commercial aquaculture."
"047-186-343-550-308","exclude","retain","conflict","Rainbow trout are explicitly mentioned, and the abstract reports impacts of acidified/lime-treated waters on fish farms, establishing an aquaculture connection."
"048-139-709-951-208","exclude","retain","conflict","The study explicitly examines Atlantic salmon fed commercial fishmeal-based salmon diets, establishing both an eligible species and aquaculture production relevance."
"049-568-759-188-150","exclude","retain","conflict","The record explicitly concerns Atlantic salmon protein hydrolysates and includes a fishmeal diet, triggering the fishmeal rule despite the feeding experiment being conducted in broiler chickens."
"050-136-926-440-277","retain","exclude","conflict","Although Oncorhynchus mykiss is mentioned as introduced for aquaculture, the study is a survey of wild river fish fauna and community structure with no substantive connection to salmon aquaculture."
"051-382-878-041-457","exclude","retain","conflict","The study explicitly examines Atlantic salmon fed commercial fish-feed diets, establishing both an eligible species and aquaculture production context."
"051-427-783-093-613","exclude","retain","conflict","Rainbow trout is explicitly identified, and the review directly concerns aquaculture methods and genetic resources in the aquaculture-focused Journal of the World Aquaculture Society."
"051-695-070-078-502","exclude","retain","conflict","The study explicitly examines commercially produced Atlantic salmon (Salmo salar), establishing both eligible species and aquaculture production context."
"052-089-379-544-352","exclude","retain","conflict","The abstract explicitly describes salmon cage culture within marine finfish aquaculture and discusses pre-grow-out rearing systems for farming operations."
"052-232-918-081-975","exclude","retain","conflict","The abstract explicitly evaluates rainbow trout in an intensive partial-reuse aquaculture system, establishing both eligible species and commercial aquaculture relevance."
"052-766-020-333-992","exclude","retain","conflict","The study explicitly concerns rainbow trout (Oncorhynchus mykiss) and evaluates a commercial probiotic during their feeding and breeding period, establishing aquaculture relevance."
"055-004-941-957-001","retain","exclude","conflict","The record concerns recovery of wild salmon/steelhead, while net pen fish farms are mentioned only as generic background and are not evaluated as a commercial aquaculture subject or impact."
"055-042-179-129-059","exclude","retain","conflict","The record explicitly concerns Pacific salmon smolts and commercial aquafeeds used in hatchery and aquaculture facilities, establishing eligible species and aquaculture relevance."
"056-034-627-242-167","exclude","retain","conflict","The study explicitly concerns Atlantic salmon (Salmo salar) and soybean-containing fish-feed formulations, establishing relevance to aquaculture nutrition and production."
"056-197-584-428-952","exclude","retain","conflict","The study explicitly examines rainbow trout (Oncorhynchus mykiss) growth and feeding in a trout experimental facility using formulated feed, establishing aquaculture production relevance."
"056-501-874-055-65X","exclude","retain","conflict","The study explicitly examines chum salmon (Oncorhynchus keta) eggs at hatcheries and oomycete infection in aquaculture hatcheries, establishing both eligible species and aquaculture context."
"056-974-120-187-525","exclude","retain","conflict","The study explicitly concerns Atlantic salmon (Salmo salar) and industrial electro-stunning within the aquaculture industry, with funding from the Fishery and Aquaculture Industry Research Fund."
"057-298-810-263-842","exclude","retain","conflict","The title and abstract explicitly identify rainbow trout (Oncorhynchus mykiss) and relate algal meals to test-diet formulation and commercial feed production, establishing aquaculture relevance."
"058-491-548-031-19X","exclude","retain","conflict","The study explicitly examines farm-relevant commercial diets and fishmeal/fish-oil replacement in juvenile coho salmon (Oncorhynchus kisutch), an eligible species, in the aquaculture journal Aquaculture."
"058-704-145-523-786","exclude","retain","conflict","The study explicitly concerns farmed Atlantic salmon in an 8-week feeding experiment evaluating soybean diets and feed production processes, establishing commercial aquaculture relevance."
"059-356-158-374-183","retain","exclude","conflict","Although rainbow trout (Oncorhynchus mykiss) is identified, the study concerns invasive populations and thermal regimes, with aquaculture mentioned only as general background rather than as a production context or impact."
"059-454-697-894-961","exclude","retain","conflict","The title explicitly identifies Chinook salmon and exposure to commercially used fish anaesthetics, establishing a production-related aquaculture context."
"062-027-868-306-725","exclude","retain","conflict","Rainbow trout (Oncorhynchus mykiss) is explicitly studied, and the record concerns farmed fish, aquaculture mortality, and aquaculture-relevant Streptococcus iniae."
"062-066-603-345-966","exclude","retain","conflict","The abstract explicitly refers to salmon fishmeal in formulated fish feed, triggering the fishmeal rule despite the feed being intended for Nile tilapia."
"062-279-835-823-540","exclude","retain","conflict","The study explicitly examines farmed rainbow trout fingerlings given experimental diets, establishing both an eligible species and aquaculture production context."
"062-512-125-686-906","exclude","retain","conflict","The title explicitly identifies Atlantic salmon and discusses feed-to-fish analysis, while the record is presented at Aquaculture Europe, establishing an aquaculture context."
"066-973-705-642-78X","exclude","retain","conflict","The record identifies rainbow trout (Oncorhynchus mykiss) and explicitly describes a PKD outbreak at a farm, establishing relevance to aquaculture."
"067-678-114-026-357","exclude","retain","conflict","The record explicitly studies rainbow trout (Oncorhynchus mykiss) and masu salmon (O. masou) and states that the surrogate-broodstock method could be used in aquaculture farms."
"067-775-881-390-402","exclude","retain","conflict","The record explicitly concerns Atlantic salmon (Salmo salar), identifies it as an important aquaculture species, and is published in Aquaculture."
"069-773-397-315-981","exclude","retain","conflict","The study explicitly examines farm-relevant coho salmon seawater performance and references survival in seawater net pens, establishing an eligible species and aquaculture production context."
"070-159-664-855-217","exclude","retain","conflict","The study explicitly examines farm-relevant nutrition and growth of rainbow trout (Oncorhynchus mykiss) fry using commercial feeds, establishing eligible species and aquaculture production context."
"073-006-755-153-28X","retain","exclude","conflict","The study concerns VHSV risk from imported sardine bait to southern hake, with only generic wild and pen-raised salmonids mentioned incidentally and no substantive eligible salmon aquaculture focus."
"073-881-901-014-946","exclude","retain","conflict","The study explicitly examines rainbow trout (Oncorhynchus mykiss) and feeding with commercial trout pellets, establishing an aquaculture-related production diet context."
"074-730-164-433-873","exclude","retain","conflict","The study explicitly examines coho salmon (Oncorhynchus kisutch) and a commercial trout diet, establishing eligible species and aquaculture-related production feed context."
"074-963-607-596-346","retain","exclude","conflict","Although coho salmon are reared in marine net-pens, the study evaluates fishery returns and spawning escapement from a release/stock-enhancement program rather than commercial aquaculture."
"075-240-696-455-859","exclude","retain","conflict","The study explicitly uses a masu salmon gene and addresses application to farmed fish, establishing eligible species and aquaculture relevance despite experiments in zebrafish."
"075-444-607-020-162","exclude","retain","conflict","The study explicitly includes salmon and examines consumer positioning of sliced raw fish within Korea’s cultured-fish market and aquaculture industry."
"075-689-933-949-589","exclude","retain","conflict","The study explicitly examines rainbow trout (Oncorhynchus mykiss) and discusses nanosilver application in aquaculture, establishing eligible species and aquaculture relevance."
"075-897-578-699-744","exclude","retain","conflict","The review explicitly covers Atlantic and Pacific salmon and their use in aquaculture, including cultured-stock production techniques and aquaculture genetic-resource exchange."
"078-087-379-337-753","exclude","retain","conflict","The study explicitly examines Atlantic salmon muscle samples and production-related feeding, with affiliations in fisheries/aquaculture research and salmon genetics establishing aquaculture relevance."
"079-717-894-380-887","exclude","retain","conflict","The review explicitly discusses selective breeding in aquaculture and identifies farmed Atlantic salmon as a major example."
"079-858-054-215-917","exclude","retain","conflict","The study explicitly examines farm-relevant dietary supplementation, immune response, and disease resistance in rainbow trout (Oncorhynchus mykiss), establishing eligible species and aquaculture production relevance."
"080-486-881-827-512","exclude","retain","conflict","The study explicitly concerns farmed Atlantic salmon fry fed commercial diets, establishing both an eligible species and aquaculture production context."
"080-595-074-959-749","exclude","retain","conflict","The study explicitly examines farm-obtained rainbow trout (Oncorhynchus mykiss) receiving experimental diets, establishing eligible species and aquaculture production context."
"081-671-922-300-137","retain","exclude","conflict","Although rainbow trout (Oncorhynchus mykiss) are explicitly studied, the record provides no clear commercial aquaculture or farming context; “commercial diet” alone is insufficient."
"081-981-541-969-076","exclude","retain","conflict","The abstract explicitly concerns clubbing necrosis documented in farmed Atlantic salmon in Tasmania, establishing a direct salmon-aquaculture connection despite testing dinoflagellate toxicity mainly in flounder and brine shrimp."
"082-281-612-050-649","retain","exclude","conflict","Aquaculture context is explicit through trout farming, but the study identifies the fish only as generic trout/Salmonidae and does not establish rainbow trout or another eligible salmon species."
"084-356-468-887-781","retain","exclude","conflict","The study concerns generic salmonid fish (лососевых рыб) rather than an eligible named species, so the aquaculture reference to use on a fish farm does not satisfy the species criterion."
"084-529-720-053-133","exclude","retain","conflict","The study explicitly examines rainbow trout (Oncorhynchus mykiss) under wild and/or farming conditions, with affiliation to a Key Laboratory of Mariculture establishing aquaculture relevance."
"084-661-498-649-726","exclude","retain","conflict","The study explicitly concerns Atlantic salmon and states that it is widely farmed, establishing both eligible species and aquaculture context."
"084-739-283-101-285","exclude","retain","conflict","The title explicitly concerns a salmon cage and associated equipment, establishing relevant salmon aquaculture infrastructure and impacts on wave attenuation."
"085-280-384-155-848","exclude","retain","conflict","The study concerns Chinook salmon and explicitly addresses aquaculture rearing conditions, with Yellow Island Aquaculture Limited listed among the affiliations."
"085-439-553-399-061","exclude","retain","conflict","Masu salmon is explicitly identified, and the study links its gene to improving EPA/DHA production in farmed fish for food applications."
"090-590-826-247-585","retain","exclude","conflict","Although the review concerns aquaculture feeds, it identifies the relevant fish only as generic Salmonidae/salmon fish and does not name an eligible species."
"094-409-308-515-902","exclude","retain","conflict","The abstract explicitly mentions salmon populations and salmon fish farming biotechnology, including sea cages, river fish-farm rearing, and recirculating aquaculture systems."
"094-913-191-719-815","exclude","retain","conflict","The study explicitly concerns salmon and salmon trout from farmed production contexts and examines contamination in fish processing lines."
"095-168-384-642-358","exclude","retain","conflict","The abstract explicitly identifies salmon in breeding/fattening farm environments, establishing both eligible salmon context and aquaculture relevance."
"096-088-749-567-220","exclude","retain","conflict","The record explicitly concerns marine aquaculture and identifies salmon among its focal taxa, establishing relevant salmon aquaculture context."
"096-466-639-197-439","exclude","retain","conflict","The study explicitly concerns adult rainbow trout (Oncorhynchus mykiss) in a feeding trial using commercial-size trout, establishing eligible species and aquaculture production relevance."
"099-668-568-535-684","exclude","retain","conflict","The study explicitly examines farm-relevant dietary feed supplementation in Atlantic salmon and includes commercial fish feed samples, establishing eligible species and aquaculture production context."
"100-775-740-002-669","exclude","retain","conflict","The title explicitly identifies rainbow trout (Oncorhynchus mykiss), and dietary feeding effects in fry plus the Aquaculture Europe context and aquaculture-related affiliations establish aquaculture relevance."
"101-293-069-937-429","exclude","retain","conflict","The study explicitly examines rainbow trout (Salmo gairdneri) and coho salmon hybrids, with commercial fish stocks and a trout-company affiliation establishing aquaculture relevance."
"101-901-411-988-149","exclude","retain","conflict","The study explicitly examines rainbow trout (Oncorhynchus mykiss) fed commercial and formulated probiotic diets, establishing both eligible species and aquaculture production context."
"105-217-789-341-587","retain","exclude","conflict","Although coho salmon are cultured in freshwater and estuarine net pens, the study concerns hatchery rearing for release and subsequent adult returns, not commercial aquaculture."
"106-333-488-719-579","exclude","retain","conflict","The record explicitly concerns rainbow trout (Oncorhynchus mykiss) and probiotic applications for aquaculture, establishing eligible species and aquaculture relevance."
"108-290-799-817-323","exclude","retain","conflict","The review explicitly includes case studies from salmon cage culture, establishing relevant salmon aquaculture despite its primary focus on shrimp ponds."
"109-104-926-349-679","retain","exclude","conflict","Although rainbow trout is explicit, the study is an acute environmental toxicity experiment and provides no clear commercial aquaculture or farm-production context; the aquaculture affiliations alone are insufficient."
"109-217-423-328-252","exclude","retain","conflict","The study explicitly examines farmed Norwegian Atlantic salmon (Salmo salar) and its processing into smoked product."
"109-923-898-859-602","exclude","retain","conflict","The study explicitly examines growing rainbow trout (Oncorhynchus mykiss) in feeding trials using commercial diets and fishmeal-replacement diets, establishing eligible species and aquaculture production relevance."
"111-082-764-915-646","exclude","retain","conflict","The abstract explicitly concerns commercial marine fish farming in France involving salmon and trout, including production volumes and environmental impacts/regulation."
"115-651-245-402-630","exclude","retain","conflict","The abstract explicitly studies farmed Atlantic salmon in seawater fed experimental diets to assess lysine requirements, establishing both eligible species and aquaculture production relevance."
"115-903-774-822-102","exclude","retain","conflict","The abstract explicitly discusses farmed salmon and trout and their fatty-acid content and feed supplementation, establishing eligible species and aquaculture relevance."
"116-530-803-392-63X","exclude","retain","conflict","The study explicitly examines rainbow trout and Atlantic salmon and develops a health-monitoring tool with stated application to farmed fish."
"117-603-484-245-712","exclude","retain","conflict","The record concerns aquaculture globally and explicitly states that the United Kingdom primarily produces salmon, establishing both eligible salmon and aquaculture context."
"117-788-332-084-749","exclude","retain","conflict","The abstract explicitly describes aquaculture feeds developed for salmon and their commercial production, establishing both eligible salmon relevance and aquaculture context."
"119-836-707-431-927","exclude","retain","conflict","The record explicitly discusses aquaculture feeds and includes salmon grower feeds, establishing both salmon relevance and an aquaculture production context."
"121-321-251-952-300","exclude","retain","conflict","The study directly examines Atlantic salmon sperm and reproductive efficiency in the aquaculture journal Aquaculture, establishing eligible species and aquaculture relevance."
"124-413-298-785-439","exclude","retain","conflict","The study explicitly examines farm-relevant dietary supplementation in rainbow trout (Oncorhynchus mykiss) using commercial diets in a feeding trial."
"124-788-478-709-59X","retain","exclude","conflict","Although the review discusses aquaculture and mentions salmon generically, its specific subject is Nile tilapia farming and no eligible salmon or rainbow trout study context is established."
"126-334-574-392-488","exclude","retain","conflict","Rainbow trout (Salmo gairdneri, a historical synonym) are explicitly studied for the feasibility of commercial production in prairie ponds/lakes."
"127-060-905-199-801","exclude","retain","conflict","The record explicitly concerns registered salmonid fish farms and intensive aquaculture, including production and disease monitoring of rainbow trout."
"128-296-211-635-08X","exclude","retain","conflict","The abstract explicitly identifies Atlantic salmon in the context of approved gene-editing applications for food production and discusses commercial applications in aquaculture."
"131-934-809-903-562","exclude","retain","conflict","The study explicitly examines Atlantic salmon and vaccination-related growth and performance, with a Clear Springs Foods aquaculture-company affiliation and a Centre for Aquaculture and Environmental Research affiliation establishing aquaculture relevance."
"132-104-152-576-731","exclude","retain","conflict","The abstract explicitly identifies Atlantic salmon (Salmo salar) aquaculture by-products as the material studied, establishing both eligible species and aquaculture relevance."
"133-669-627-093-624","exclude","retain","conflict","The study explicitly concerns rainbow trout (Oncorhynchus mykiss) and is connected to aquaculture through Aquaculture Research and an aquaculture feeds and nutrition research department."
"135-633-045-583-20X","retain","exclude","conflict","Although Atlantic salmon are studied, the record concerns wild fish and baseline sea-lice infections in a region only proposed for aquaculture, with no established commercial salmon-farming exposure or operation."
"138-495-581-195-59X","exclude","retain","conflict","The record explicitly studies rainbow trout (Oncorhynchus mykiss) fed commercial and plant-based diets, with keywords identifying farmed fish and an aquaculture research affiliation."
"138-690-267-037-79X","exclude","retain","conflict","The abstract explicitly identifies farmed salmon and discusses canthaxanthin as a food additive used to improve their colour, establishing both eligible species and aquaculture relevance."
"139-028-722-355-053","exclude","retain","conflict","The abstract explicitly identifies rainbow trout as a major economic product of Italian aquaculture and examines aquaculture-related impacts."
"143-004-592-631-387","exclude","retain","conflict","The review explicitly discusses aquaculture selective-breeding programs for salmon, establishing both eligible salmon relevance and aquaculture context."
"146-893-232-905-884","retain","exclude","conflict","Although the study involves Atlantic salmon in marine aquaculture systems, the fish are reared solely for population restoration and release into the Upper Salmon River, which is excluded hatchery/stock-enhancement activity."
"153-735-843-913-584","exclude","retain","conflict","The abstract explicitly mentions rainbow trout and fishmeal, and concerns aquaculture diets, satisfying the fishmeal inclusion rule."
"155-225-780-550-01X","exclude","retain","conflict","The record explicitly discusses farmed salmon in aquaculture and fishmeal/fish oil used in aquaculture feeds."
"160-841-257-900-054","exclude","retain","conflict","The book explicitly covers “salmon and trouts” as cultivated species within fish cultivation and commercial applications, establishing eligible salmon aquaculture relevance."
"161-192-211-139-924","exclude","retain","conflict","The study explicitly examines farm-relevant feeding of commercial-sized rainbow trout (Oncorhynchus mykiss) using experimental diets, establishing both eligible species and aquaculture production context."
"162-631-998-442-836","exclude","retain","conflict","The abstract explicitly identifies rainbow trout (Oncorhynchus mykiss) and discusses pond culture and aquaculture, establishing eligible species and commercial aquaculture relevance."
"163-079-305-701-760","exclude","retain","conflict","The abstract explicitly examines salmon production in Norway within intensive aquaculture, establishing both relevant salmon and commercial aquaculture context."
"163-668-642-022-334","exclude","retain","conflict","The abstract explicitly identifies Atlantic salmon and recirculating aquaculture systems, with experiments on biofilters used in aquaculture production."
"168-208-301-633-983","retain","exclude","conflict","Although rainbow trout are studied, the record concerns a lampricide field-treatment experiment with caged and wild fish and provides no commercial aquaculture context."
"168-306-983-099-923","exclude","retain","conflict","The review explicitly discusses aquaculture economics and identifies salmon as a cultured species, establishing both eligible salmon relevance and aquaculture context."
"169-180-733-132-220","exclude","retain","conflict","The book contents explicitly include a chapter on Alaskan fishermen, aquaculture, and the salmon crisis, establishing eligible salmon and aquaculture relevance."
"170-175-594-915-186","exclude","retain","conflict","The record explicitly studies Atlantic salmon and describes feed experiments, with an affiliation in Animal and Aquacultural Sciences establishing aquaculture relevance."
"170-377-380-273-224","retain","exclude","conflict","The record concerns diets and circular-economy production of farmed insects, with salmon farming mentioned only as a potential insect-meal market and not as the aquaculture subject or context."
"170-594-932-303-956","retain","exclude","conflict","Although rainbow trout and Atlantic salmon are mentioned, the study is comparative fish immunology and only refers to aquaculture species generically without establishing a commercial aquaculture context."
"171-295-799-681-654","retain","exclude","conflict","Although the study is aquaculture-related and references salmon farming, the directly studied fish are identified only as generic salmonids, not an eligible species."
"173-022-982-606-547","exclude","retain","conflict","The review explicitly discusses Pacific salmon, including coho, and salmon aquaculture through net penning, feedlot aquaculture, ocean ranching, and hatcheries."
"174-729-443-947-727","exclude","retain","conflict","The record explicitly references commercial Atlantic salmon (Salmo salar) farms and salmon aquaculture nitrogen-discharge models in connection with commercial cod culture."
"180-281-421-757-142","exclude","retain","conflict","The abstract explicitly identifies rainbow trout (Oncorhynchus mykiss) and describes its aquaculture production, trading, and exports in Ecuador."
"185-361-391-040-520","exclude","retain","conflict","The study explicitly examines farmed-relevant rainbow trout (Oncorhynchus mykiss) receiving medicated feed, establishing eligible species and aquaculture production context."
"185-840-796-683-83X","exclude","retain","conflict","The study explicitly concerns farm-relevant rainbow trout (Oncorhynchus mykiss) and dietary/reproductive production research, published in Aquaculture."
"187-476-184-029-938","retain","exclude","conflict","The study examines mussels near a seabass/seabream farm, while salmon is mentioned only as a general polyculture example and not as the farmed study species or an evaluated salmon-aquaculture context."
"189-040-960-247-176","retain","exclude","conflict","Although the abstract discusses farmed salmon, the study measures consumption of unspecified frozen salmon and does not establish that the products are farmed or otherwise connect the outcome to commercial aquaculture."
"190-427-989-639-597","exclude","retain","conflict","The book explicitly addresses salmon and salmonid farming/aquaculture, including vaccines with special reference to salmon and coloring salmonids in aquaculture."
"199-925-802-439-245","exclude","retain","conflict","The abstract explicitly identifies salmon among aquaculture species and discusses reproductive control applied to commercial fish production and captivity."
"000-647-410-712-682","retain","exclude","conflict","The study concerns salmonids cultured in seawater net-pens but does not identify an eligible salmon species or explicitly establish salmon farming beyond generic salmonid terminology."
"001-509-147-325-263","exclude","retain","conflict","The record explicitly identifies Atlantic salmon and examines fish movements through consignments associated with aquaculture, establishing a relevant aquaculture pathway."
"002-171-263-758-42X","exclude","retain","conflict","The study explicitly examines rainbow trout (Oncorhynchus mykiss) fingerlings and uses a commercial trout diet, establishing an aquaculture-related production input."
"002-636-199-165-044","exclude","retain","conflict","The study explicitly concerns Atlantic salmon (Salmo salar) and vaccination with a commercial fish vaccine, establishing production-related aquaculture relevance."
"002-947-120-478-872","exclude","retain","conflict","The study explicitly examines rainbow trout in medicated fish tanks and fish-farm effluents, establishing both an eligible species and aquaculture context."
"003-550-904-969-531","exclude","retain","conflict","The abstract explicitly references farmed Atlantic salmon (Salmo salar) with pancreas disease, establishing eligible species and aquaculture relevance despite the swine-focused title."
"004-917-477-689-088","retain","exclude","conflict","Although pink salmon and a salmon farm are explicit, the study concerns hatchery-reared spawners and their return/distribution, indicating release or stock-enhancement rather than commercial aquaculture."
"005-018-408-312-073","exclude","retain","conflict","The study explicitly concerns rainbow trout (Oncorhynchus mykiss) semen and is connected to aquaculture through the Aquaculture Research journal and an aquaculture department affiliation."
"006-401-449-414-63X","exclude","retain","conflict","The study examines farmed Atlantic salmon (Salmo salar) from six farms and evaluates commercial cold-smoking processing and product quality."
"006-555-312-943-276","exclude","retain","conflict","The study explicitly includes Atlantic salmon (Salmo salar) and evaluates hybrids under fish-farming conditions in seawater, including growth and slaughter weight."
"006-908-327-253-551","exclude","retain","conflict","The study explicitly examines rainbow trout (Oncorhynchus mykiss) fed a commercial diet, and the INRA/IFREMER Nutrition Aquaculture affiliations establish an aquaculture production context."
"007-581-387-550-624","retain","exclude","conflict","Although the study explicitly uses rainbow trout (Oncorhynchus mykiss), it concerns experimental caging for PCB pollution assessment and provides no commercial aquaculture or farming context."
"007-747-930-736-840","exclude","retain","conflict","The record explicitly concerns rainbow trout and infected commercial rainbow trout hatcheries, establishing eligible species and aquaculture relevance."
"008-043-730-221-069","retain","exclude","conflict","Although Pacific salmon and fish-farming production are explicit, the study concerns artificial breeding in salmon hatcheries with rearing and release of young, indicating hatchery release rather than commercial aquaculture."
"008-915-443-689-975","exclude","retain","conflict","The study explicitly concerns eligible sockeye salmon and sea lice, with aquaculture identified as a keyword, supporting relevance to salmon-aquaculture disease/parasite impacts despite the wild-fish experiment."
"009-398-987-759-904","exclude","retain","conflict","The study explicitly examines Atlantic salmon and identifies aquaculture through its keywords and affiliation with the Centro de Biotecnología Acuícola."
"010-262-716-194-641","exclude","retain","conflict","The study explicitly examines rainbow trout (Oncorhynchus mykiss) using dietary probiotic supplementation in an aquaculture-focused journal, establishing eligible species and aquaculture relevance."
"011-080-120-124-094","exclude","retain","conflict","The chapter explicitly discusses plant-based diets for farmed fish in aquaculture and includes salmon among the species considered."
"011-387-908-933-133","exclude","retain","conflict","The study explicitly examines farmed rainbow trout (Oncorhynchus mykiss) fed experimental diets, establishing both eligible species and aquaculture production relevance."
"012-286-258-134-05X","retain","exclude","conflict","The study concerns generic salmonids and SAV detection in the fish-farming industry, but no eligible salmon or rainbow trout species is explicitly identified."
"013-003-755-075-787","exclude","retain","conflict","The study explicitly examines farmed rainbow trout (Oncorhynchus mykiss) larvae and compares commercial feeds in a rearing experiment, establishing aquaculture relevance."
"013-729-767-139-867","exclude","retain","conflict","The study explicitly examines rainbow trout clones, and its infection model concerns Flavobacterium psychrophilum, a major pathogen in aquaculture, establishing relevant farmed-aquaculture disease research."
"014-574-849-352-525","exclude","retain","conflict","The study explicitly concerns Atlantic salmon (Salmo salar) fry reared experimentally at Matre Aquaculture Station, an aquaculture facility, under different photoperiods and light intensities."
"014-726-082-303-903","exclude","retain","conflict","The study examines eligible Oncorhynchus mykiss (steelhead/rainbow trout) and explicitly includes aquaculture in its keywords while addressing hatchery practice."
"014-951-618-906-210","exclude","retain","conflict","The title explicitly concerns sediment samples taken around salmon farms, establishing relevant salmon aquaculture context despite the record being a figure component."
"015-988-685-498-582","exclude","retain","conflict","The study explicitly involves Atlantic salmon and discusses the results’ significance for aquaculture, establishing eligible species and aquaculture relevance."
"016-643-971-261-589","exclude","retain","conflict","The study concerns Atlantic salmon (Salmo salar) and explicitly uses coastal releases to mimic escapes from salmon net-pen farming, establishing a direct aquaculture connection."
"017-401-754-093-78X","exclude","retain","conflict","The record explicitly mentions salmon and examines farming-induced evolution and interactions between domesticated and wild fish, establishing relevance to salmon aquaculture."
"017-617-938-538-184","retain","exclude","conflict","Although rainbow trout are studied, the record describes hatchery-scale experimental filtration funded through Sport Fish Restoration, without evidence of commercial aquaculture."
"018-560-183-178-88X","exclude","retain","conflict","The study explicitly examines Atlantic salmon (Salmo salar) and states the samples reflect normal variation of farmed salmon, establishing commercial aquaculture relevance."
"020-039-448-163-531","retain","exclude","conflict","Although rainbow trout is an eligible species, the study only identifies young trout as hatchery-reared experimental fish and provides no evidence of commercial aquaculture or production context."
"020-101-685-466-207","exclude","retain","conflict","The abstract explicitly concerns Atlantic salmon (Salmo salar) and Pacific salmon (Oncorhynchus spp.) and includes applications in aquaculture facilities."
"020-886-911-639-683","exclude","retain","conflict","The study explicitly examines rainbow trout (Oncorhynchus mykiss), and its aquaculture context is supported by publication in Aquaculture Research and affiliation with an aquaculture breeders’ organization."
"021-234-281-608-93X","exclude","retain","conflict","The study explicitly examines farm-relevant diets and feed ingredients for rainbow trout (Oncorhynchus mykiss), and is published in the Journal of the World Aquaculture Society."
"021-430-756-631-323","exclude","retain","conflict","The abstract explicitly discusses aquaculture production, including salmon and salmonid aquaculture in Europe."
"021-960-852-247-290","exclude","retain","conflict","The study explicitly concerns farmed Rainbow Trout (Oncorhynchus mykiss), commercial trout feed, and feed formulation in an aquaculture journal."
"022-817-515-051-400","exclude","retain","conflict","The record explicitly concerns Atlantic salmon and identifies aquaculture industry relevance, establishing both eligible species and aquaculture context."
"022-953-182-681-354","exclude","retain","conflict","The study explicitly examines farmed Atlantic salmon fry reared on commercial fish feed in an Aquaculture journal, establishing both eligible species and aquaculture context."
"023-128-619-224-962","exclude","retain","conflict","The abstract explicitly addresses disease-protection measures affecting aquaculture operations and identifies salmon and trout resources, including aquaculture-related feeds, biologics, drugs, and therapeutics."
"023-357-659-774-773","exclude","retain","conflict","The study explicitly evaluates farmed rainbow trout (Oncorhynchus mykiss) production in an intensive recirculating aquaculture system."
"025-320-259-961-434","exclude","retain","conflict","The study explicitly uses farmed salmon in a human dietary intervention, establishing both eligible salmon species and aquaculture relevance."
"026-589-859-789-760","exclude","retain","conflict","The study includes red salmon head meal (an eligible salmon product) and fishmeal in an aquaculture feeding trial, satisfying the fishmeal rule."
"026-643-074-145-708","exclude","retain","conflict","The study concerns eligible coho and chinook salmon and evaluates transfer to seawater net-pens for optimizing seawater survival, establishing aquaculture relevance."
"027-648-877-647-620","retain","exclude","conflict","Although Atlantic salmon are studied, the record concerns fasting and migration physiology in a wild context, with aquaculture sites mentioned only incidentally and no commercial aquaculture study context established."
"027-847-996-983-75X","retain","exclude","conflict","Although Salmo salar is identified, the record describes a general chromosome-karyotyping technique and provides no evidence that the fish were farmed or that the study concerns commercial aquaculture."
"030-289-244-231-277","exclude","retain","conflict","The abstract explicitly concerns welfare assessments of farmed fish, including salmon and trout, and EFSA work on stunning and killing of farmed fish."
"030-369-919-108-921","retain","exclude","conflict","Although salmon is mentioned, the study concerns occupational exposure while preparing/cooking salmon and provides no evidence of farmed or commercial aquaculture origin or context."
"031-005-184-388-748","exclude","retain","conflict","The record explicitly concerns rainbow trout (Oncorhynchus mykiss) from a commercial fish farm, establishing both eligible species and aquaculture context despite also studying Arctic char."
"031-589-508-674-495","exclude","retain","conflict","The record explicitly concerns rainbow trout (Oncorhynchus mykiss) meat and its value for commercial products, with stated relevance to trout producers, establishing production-related aquaculture context."
"031-694-359-918-533","exclude","retain","conflict","The study explicitly concerns chinook salmon and feeding/mortality during rearing, and is published in the aquaculture-focused journal Aquaculture, establishing aquaculture relevance."
"033-237-696-374-484","exclude","retain","conflict","The study explicitly examines Atlantic salmon (Salmo salar) fed a commercial diet, and is published in Aquaculture, establishing relevance to farmed aquaculture nutrition."
"033-744-711-334-605","retain","exclude","conflict","Although Atlantic salmon is explicitly identified, the record provides no evidence that the by-products originated from commercial aquaculture or farmed fish."
"033-865-617-636-990","exclude","retain","conflict","The study explicitly examines rainbow trout (Oncorhynchus mykiss) and particle effects relevant to aquaculture facilities, and is published in Aquaculture."
"033-969-477-987-41X","exclude","retain","conflict","The record explicitly mentions salmon bone fragments and fish meal, and concerns aquafeed and valorisation of by-products from fish farms."
"035-521-386-561-445","retain","exclude","conflict","Although young Atlantic salmon are studied, the record concerns wild/free-living and experimentally caged fish exposed to forest insecticide spraying, with no commercial aquaculture context."
"035-628-701-784-367","exclude","retain","conflict","The study concerns Atlantic salmon (Salmo salar) post-smolts and explicitly identifies aquaculture and RAS context in the keywords."
"037-122-307-820-686","exclude","retain","conflict","Rainbow trout is explicitly identified, and the study evaluates a commercial vaccine for a rainbow-trout disease with support from an aquaculture research center."
"037-776-252-840-489","retain","exclude","conflict","The study concerns Aeromonas salmonicida and generic farmed/wild salmonids, without identifying an eligible salmon or rainbow trout species or explicitly linking the work to salmon aquaculture."
"038-098-385-419-07X","exclude","retain","conflict","The study explicitly examines Atlantic salmon (Salmo salar) exposed to a therapeutic aquaculture treatment, with keywords and affiliations establishing an aquaculture context."
"038-263-128-454-233","exclude","retain","conflict","The study explicitly examines reared masu salmon (Oncorhynchus masou) fry and parr fed a commercial diet, establishing an eligible species and aquaculture-related production context."
"038-512-155-505-387","exclude","retain","conflict","The study explicitly examines farm-relevant rainbow trout (Oncorhynchus mykiss) vaccination and disease challenge, with funding from Targeted Disease Prophylaxis in European Fish Farming and an Aquaculture Division affiliation."
"039-875-291-165-259","retain","exclude","conflict","Although the title establishes an aquaculture context, the eligible species criterion is not met because only the pathogen name infectious salmon anemia is provided, which cannot establish an eligible salmon species."
"040-348-204-415-32X","retain","exclude","conflict","Although the title and Danish Aquaculture Institute affiliation establish production aquaculture context, the species is identified only as generic “trout,” not rainbow trout or another eligible salmon species."
"040-466-697-871-178","exclude","retain","conflict","The study concerns eligible amago salmon (Oncorhynchus masou ishikawae) and explicitly evaluates androgenesis for aquaculture breeding programs."
"040-590-109-960-608","exclude","retain","conflict","The abstract explicitly identifies farmed rainbow trout (Oncorhynchus mykiss) and trout-farm production within a pisciculture and specialized-farm aquaculture context."
"041-389-295-488-037","exclude","retain","conflict","The study includes pink salmon, an eligible species, and explicitly discusses fishmeal made from fish offal, triggering the fishmeal inclusion rule."
"042-126-821-338-525","exclude","retain","conflict","The study explicitly includes collections from salmon cage floats, establishing a connection to salmon aquaculture infrastructure, while examining associated ascidian communities."
"042-214-157-010-272","exclude","retain","conflict","The record explicitly examines MA-packaged aquacultured salmon fillets, establishing both eligible species and commercial aquaculture relevance."
"042-450-157-924-933","exclude","retain","conflict","The title and abstract explicitly identify rainbow trout (Oncorhynchus mykiss) and a 12-week dietary feeding trial using commercial probiotic and prebiotic products, establishing aquaculture production relevance."
"042-946-826-417-20X","exclude","retain","conflict","The abstract explicitly discusses aquaculture feeds for rainbow trout and salmon, including fishmeal and soybean alternatives, establishing both eligible species and aquaculture relevance."
"042-974-609-411-379","exclude","retain","conflict","The abstract explicitly discusses fish farming involving caged salmon and its environmental impacts, including noise pollution and effects on whales and wild salmon."
"043-327-921-695-885","exclude","retain","conflict","The study explicitly examines Atlantic salmon post-smolts fed commercial-like experimental feeds in an Aquaculture journal, establishing eligible species and aquaculture production relevance."
"044-014-580-630-897","exclude","retain","conflict","The study explicitly concerns Chinook salmon and transition diets used for movement to saltwater net pens for aquaculture production, despite also discussing hatchery-release applications."
"044-321-232-707-106","retain","exclude","conflict","Although rainbow trout (Oncorhynchus mykiss) is identified, the study examines wild/resident, anadromous, and harvest populations in Kamchatka and provides no evidence that the studied populations concern commercial aquaculture."
"044-451-315-096-14X","retain","exclude","conflict","Although on-farm processing of fish mortalities is addressed, no eligible salmon or rainbow trout species is identified; infectious salmon anaemia virus alone does not establish species eligibility."
"045-576-470-896-214","exclude","retain","conflict","The study explicitly concerns farmed rainbow trout (Oncorhynchus mykiss) from a company and evaluates growth, feed requirements, management conditions, and commercial production weights."
"047-728-321-448-904","exclude","retain","conflict","The record explicitly studies Atlantic salmon (Salmo salar) and salmonid aquaculture diets, including fishmeal/fish oil and vegetable-oil feed replacement."
"047-795-941-750-901","exclude","retain","conflict","The study explicitly examines farmed rainbow trout (Oncorhynchus mykiss) of commercial size grown in seawater and fed experimental aquaculture diets."
"048-317-106-127-673","exclude","retain","conflict","The study explicitly concerns Atlantic salmon and rainbow trout and identifies them as key aquaculture species of commercial importance, with affiliation to Nofima, an aquaculture research institute."
"048-495-875-608-342","exclude","retain","conflict","The abstract explicitly concerns monitoring aquacultured fish products and detects steroid residues in salmon, establishing both eligible species and aquaculture relevance."
"049-296-834-983-415","exclude","retain","conflict","The study explicitly concerns rainbow trout and investigates VHSV resistance, identified as a major threat to salmonid farming, establishing aquaculture disease relevance."
"049-417-714-955-522","exclude","retain","conflict","The study explicitly concerns juvenile Chinook salmon (Oncorhynchus tshawytscha) and evaluates feeding and growth relevant to commercial salmon farms."
"049-690-557-648-816","exclude","retain","conflict","The study explicitly concerns Atlantic salmon (Salmo salar) fed commercially relevant diets through market size, establishing commercial aquaculture production context."
"050-639-123-201-410","retain","exclude","conflict","The record concerns general marine-fish aquaculture feeds and fishmeal but does not identify an eligible salmon or rainbow trout species as the study subject; the salmon reference is only in an organizational section name."
"051-855-413-147-718","exclude","retain","conflict","The study explicitly examines rainbow trout (Oncorhynchus mykiss) fed a commercial aquafeed, establishing both eligible species and aquaculture production relevance."
"052-479-678-689-651","exclude","retain","conflict","The study explicitly examines Atlantic salmon (Salmo salar) fry in a feeding trial using a commercial diet, with affiliation to a fish culture laboratory, establishing aquaculture relevance."
"052-899-421-375-068","exclude","retain","conflict","Rainbow trout (Oncorhynchus mykiss) is an eligible species, and the paper explicitly addresses translocation for commercial aquaculture, despite also covering recreational enhancement and non-commercial aquaculture."
"055-198-835-121-532","exclude","retain","conflict","The record explicitly studies rainbow trout and identifies the disease as important to fish farmers, establishing eligible species and aquaculture relevance."
"055-312-679-370-639","retain","exclude","conflict","The record concerns parasite studies in common carp, while salmon farming is mentioned only as generic background and is not investigated."
"055-440-466-994-612","exclude","retain","conflict","The study explicitly examines cultured coho salmon (Oncorhynchus kisutch) and size/growth genetics in populations reared in freshwater and saltwater, establishing aquaculture relevance."
"056-635-707-086-882","retain","exclude","conflict","The study concerns farmed Arctic charr, which is not an eligible species; Atlantic salmon and rainbow trout are mentioned only as genomic comparators."
"059-743-572-041-317","retain","exclude","conflict","Although steelhead trout (Oncorhynchus mykiss) is eligible, the study concerns hatchery-reared fish for marine survival, homing, and hatchery efficiency, indicating release/stock enhancement rather than commercial aquaculture."
"060-145-748-012-655","exclude","retain","conflict","The abstract explicitly discusses commercial breeding programs and aquaculture projects, using salmon as a type animal, establishing both eligible species and aquaculture relevance."
"061-447-398-644-264","exclude","retain","conflict","The study explicitly concerns rainbow trout (Oncorhynchus mykiss) fries transported from a rainbow trout company to aquaculture facilities, establishing eligible species and aquaculture context."
"062-072-191-075-680","exclude","retain","conflict","The abstract explicitly identifies Atlantic salmon (Salmo salar) and states that salmon lice cause losses to the aquaculture industry, establishing direct relevance to salmon aquaculture."
"063-085-175-021-497","exclude","retain","conflict","The study concerns eligible sockeye salmon and explicitly identifies aquaculture in its keywords while examining sea-lice impacts, a recognized salmon-aquaculture consequence."
"064-148-996-291-728","retain","exclude","conflict","The record concerns brown trout farms and wild salmon populations, but does not establish aquaculture involving an eligible salmon species or rainbow trout; “farmed salmonids” is only generic."
"064-681-456-306-090","retain","exclude","conflict","Aquaculture context is explicit, but the record does not identify Atlantic salmon, any Pacific salmon, rainbow trout, or even a specific eligible species."
"065-593-286-457-465","exclude","retain","conflict","The study explicitly concerns rainbow trout (Salmo gairdneri, a historical synonym of Oncorhynchus mykiss) from commercially maintained broodstock and evaluates production in commercial hatchery conditions."
"065-811-356-485-879","exclude","retain","conflict","The abstract explicitly mentions recommended servings of farm-raised salmon, establishing an eligible salmon aquaculture context."
"065-954-720-608-280","exclude","retain","conflict","The record explicitly studies rainbow trout (Oncorhynchus mykiss) and experimental/commercial aquaculture diets in a stated aquaculture and pisciculture context."
"066-236-680-642-205","retain","exclude","conflict","Although the title establishes an aquaculture topic, it provides no evidence of an eligible salmon or rainbow trout species or explicit salmon-farming relevance."
"066-505-313-806-573","exclude","retain","conflict","The title explicitly identifies rainbow trout (Oncorhynchus mykiss) and commercial diets during freshwater-stage development, establishing production-related aquaculture relevance."
"067-452-527-170-62X","exclude","retain","conflict","The study explicitly includes farmed Atlantic salmon (Salmo salar) as a hydrolysate source, establishing both eligible species and aquaculture relevance."
"067-916-974-458-118","exclude","retain","conflict","The trial explicitly involves mostly farmed salmon (~630 g/week), establishing an eligible species and aquaculture-origin food-product context."
"068-180-444-607-347","retain","exclude","conflict","Although Atlantic salmon is explicit, “cage-reared fish” alone does not establish commercial aquaculture and may reflect experimental containment."
"068-432-747-874-889","exclude","retain","conflict","The abstract explicitly identifies fish farms in the Inner Hebrides mainly growing salmon and rainbow trout, establishing both eligible species and aquaculture context."
"069-210-462-520-051","exclude","retain","conflict","The abstract explicitly evaluates commercial and industrial slaughter methods for Atlantic salmon (Salmo salar), establishing both eligible species and aquaculture production relevance."
"069-713-490-491-379","exclude","retain","conflict","The study explicitly concerns masu salmon (Oncorhynchus masou) and bioengineering for use in farmed fish, with an aquaculture-focused journal and Department of Aquaculture affiliation supporting aquaculture relevance."
"071-562-606-033-510","retain","exclude","conflict","Although Chinook salmon is mentioned in cell-line testing and rainbow trout farming is noted as historical background, the study investigates VHSV in Great Lakes wild round gobies and does not concern commercial salmon or trout aquaculture."
"071-848-248-963-374","exclude","retain","conflict","The study examines the salmon louse (Lepeophtheirus salmonis), explicitly described as an important aquacultural pest, establishing direct relevance to salmon aquaculture."
"072-193-114-125-123","exclude","retain","conflict","The study explicitly concerns juvenile rainbow trout (Oncorhynchus mykiss) and rearing with commercial feed, establishing eligible species and aquaculture production relevance."
"073-368-489-511-993","retain","exclude","conflict","The study concerns generic freshwater cage culture and carp/predatory fish, while rainbow trout and salmon farming appear only as broader European aquaculture background rather than the study subject."
"073-661-637-178-030","retain","exclude","conflict","The study concerns farmed striped catfish (Pangasianodon hypophthalmus), an ineligible species, while salmon farming is mentioned only as contextual background."
"074-877-471-804-546","exclude","retain","conflict","The record explicitly studies aquaculture triploid steelhead trout (Oncorhynchus mykiss) experimentally released near a commercial aquaculture site."
"076-340-692-789-151","retain","exclude","conflict","The record concerns generic fish vector/reservoir species and mentions aquaculture establishments, but does not identify an eligible salmon or rainbow trout species or explicitly concern salmon farming."
"077-317-591-932-239","exclude","retain","conflict","The record explicitly mentions chinook salmon and concerns a commercially produced fish vaccine for disease control, establishing relevance to aquaculture production."
"077-969-806-437-029","exclude","retain","conflict","The abstract explicitly concerns starter feed for salmon juveniles and compound feed used in fish farms, establishing both salmon relevance and aquaculture context."
"081-328-767-546-314","exclude","retain","conflict","The study explicitly examines juvenile rainbow trout (Oncorhynchus mykiss) and experimental/commercial diets in the aquaculture journal Israeli Journal of Aquaculture - Bamidgeh, establishing aquaculture relevance."
"084-058-031-944-557","exclude","retain","conflict","The study explicitly examines farmed Atlantic salmon (Salmo salar) and commercially reared fish, with fillet quality and processing outcomes in an aquaculture context."
"085-554-829-773-549","exclude","retain","conflict","The study explicitly examines rainbow trout (Oncorhynchus mykiss) fed commercial trout diets in an experimental aquaculture nutrition context."
"087-065-100-241-199","retain","exclude","conflict","Rainbow trout is explicitly studied, but the record provides no evidence of commercial aquaculture or farming context."
"087-623-470-616-991","exclude","retain","conflict","The study explicitly examines farmed rainbow trout (Oncorhynchus mykiss) diets and grow-out in an Aquaculture journal, with aquaculture research affiliations including a fish culture station and Clear Springs Foods."
"089-035-544-907-321","exclude","retain","conflict","The abstract explicitly concerns salmon genomics and references salmon aquaculture in a public-policy consultation context, establishing relevant salmon and aquaculture context."
"089-930-702-309-070","retain","exclude","conflict","Although Atlantic salmon is studied and farmed genotypes are mentioned, the record concerns hatchery stocking and release into wild populations, which is explicitly non-commercial restocking rather than aquaculture."
"090-701-152-236-319","exclude","retain","conflict","The study explicitly examines rainbow trout (Oncorhynchus mykiss) and is connected to aquaculture through its Aquaculture Production Unit affiliation and treatment development for salmonid infectious diseases."
"092-121-779-014-164","exclude","retain","conflict","The study explicitly examines farmed rainbow trout (Oncorhynchus mykiss) fed commercial diets, establishing both eligible species and aquaculture production relevance."
"093-299-192-455-803","exclude","retain","conflict","The abstract explicitly discusses commercial U.S. aquaculture and identifies salmon among aquaculture production species, satisfying the salmon and aquaculture-context criteria."
"094-592-446-008-026","retain","exclude","conflict","Although rainbow trout (Oncorhynchus mykiss) is explicit, the record does not establish that the skins or processing by-products are from farmed or commercial aquaculture production."
"096-162-846-638-759","exclude","retain","conflict","The study explicitly examines feedstuff digestibility in post-juvenile Chinook salmon and evaluates commercial feed ingredients in the aquaculture journal Aquaculture, establishing eligible species and production-related aquaculture relevance."
"097-679-986-749-379","retain","exclude","conflict","Although farmed rainbow trout and eligible salmon species are mentioned, the study investigates PKD in wild salmonids without evaluating a salmon-aquaculture exposure or consequence."
"098-646-821-827-178","exclude","retain","conflict","The study explicitly examines farm-relevant feeding management of rainbow trout (Oncorhynchus mykiss) fry using commercial trout feed and self-feeders in an Aquaculture journal."
"098-931-809-012-024","exclude","retain","conflict","The report contents explicitly include “Salmon Aquaculture in Chile,” establishing both salmon relevance and an aquaculture context."
"099-274-521-244-247","retain","exclude","conflict","Although Atlantic salmon and a nearby fish farm are explicit, the study concerns released farmed salmon migrating and spawning in a river, clearly a non-commercial release/restocking context."
"099-566-932-372-555","retain","exclude","conflict","The study directly examines cultured rohu (Labeo rohita), an ineligible species; Atlantic salmon and rainbow trout appear only as illustrative background examples."
"099-644-441-213-50X","exclude","retain","conflict","The title explicitly concerns Chinook salmon aquaculture, and the study compares wild and hatchery Chinook populations, establishing eligible species and aquaculture-related context."
"104-131-824-440-107","exclude","retain","conflict","The abstract explicitly concerns commercial fish farming and cultivation of high-value fish species including salmon in the Belgorod region."
"104-640-698-364-507","exclude","retain","conflict","The record explicitly includes salmon and discusses cultured fish and aquaculture in relation to fish lipid composition and products."
"105-486-398-388-674","exclude","retain","conflict","The study explicitly concerns rainbow trout (Oncorhynchus mykiss) and evaluates hatchery-reared fish for fry production and use in aquaculture."
"105-531-198-680-013","exclude","retain","conflict","The study explicitly examines Atlantic salmon (Salmo salar) and is production-related reproductive research, with an author affiliation at Salmon Enterprises of Tasmania Pty. Ltd. and publication in Aquaculture."
"109-408-140-933-26X","exclude","retain","conflict","The record explicitly concerns Atlantic salmon (Salmo salar) and aquaculture/artificial culture, including feeding, maturation, and reproduction in culture."
"109-758-451-250-650","exclude","retain","conflict","The study explicitly examines farmed rainbow trout (Oncorhynchus mykiss) fed commercial and formulated diets in pond production, establishing both eligible species and aquaculture context."
"110-683-323-971-789","exclude","retain","conflict","The study explicitly examines Atlantic salmon (Salmo salar) fed experimental diets in a fish-culture context, establishing relevance to farmed salmon production."
"113-247-569-365-39X","exclude","retain","conflict","The study explicitly examines rainbow trout (Oncorhynchus mykiss) fed commercial diets in a production-related feeding experiment, establishing eligible species and aquaculture relevance."
"113-504-973-021-569","exclude","retain","conflict","The abstract explicitly concerns marine fish farming and includes salmon among the farmed species discussed."
"117-111-246-795-304","exclude","retain","conflict","The record explicitly studies farmed rainbow trout from aquaculture, with retail storage and product-quality outcomes."
"118-418-608-820-611","exclude","retain","conflict","The study explicitly examines farmed rainbow trout (Oncorhynchus mykiss) diets and fecal impacts in aquaculture systems, supported by the aquaculture-focused journal and Soy Aquaculture Alliance funding."
"119-373-717-345-696","retain","exclude","conflict","Although masu, chum, and sockeye salmon are identified, the study concerns environmental trace-element accumulation in wild/coastal fish and hatchery-cage samples, with no clear commercial aquaculture context."
"121-261-344-167-342","exclude","retain","conflict","The study explicitly examines farmed rainbow trout (Oncorhynchus mykiss) rearing and commercial feed supplementation, establishing both eligible species and aquaculture production context."
"122-044-299-085-625","retain","exclude","conflict","The study concerns farming anadromous brown trout (Salmo trutta trutta), which is not an eligible species; mentions of Atlantic and coho salmon are comparative examples only."
"122-228-549-746-075","retain","exclude","conflict","Although eligible species are identified (rainbow trout, Atlantic salmon, coho, masu and pink salmon), the record only describes commercial salmon products and provides no explicit aquaculture or farmed origin."
"122-584-485-919-782","retain","exclude","conflict","Although aquaculture disease outbreaks are mentioned, eligible salmon species or explicit salmon farming is not established; infectious salmon anemia virus alone cannot satisfy the species criterion."
"129-424-448-029-344","retain","exclude","conflict","Aquaculture cages are explicit, but no eligible salmon or rainbow trout species, or explicit salmon-farming context, is identified."
"132-107-076-388-184","exclude","retain","conflict","The study explicitly concerns Oncorhynchus mykiss (rainbow trout) fillet processing, and the authors’ affiliation is a Department of Aquaculture and Fisheries Industries, supporting aquaculture-production relevance."
"132-241-368-942-623","exclude","retain","conflict","The study explicitly concerns Atlantic salmon (Salmo salar) from hatcheries that support the salmon aquaculture industry, despite also supporting recovery efforts."
"132-418-907-060-429","retain","exclude","conflict","Although Atlantic salmon is explicit, the study concerns hatchery-reared salmon straying and wild-population genetic effects, with farming/ranching mentioned only as a management implication rather than evaluating commercial aquaculture."
"133-978-283-350-963","exclude","retain","conflict","The record explicitly studies vaccination of Atlantic salmon and refers to a commercial salmonid vaccine, establishing eligible species and aquaculture-production relevance."
"134-982-056-362-989","exclude","retain","conflict","The abstract explicitly identifies intensive salmon aquaculture surrounding the studied habitat, establishing a relevant salmon-aquaculture context even though the measured organism is the sea urchin Loxechinus albus."
"135-322-525-914-321","exclude","retain","conflict","The review explicitly discusses salmon/salmonid therapy and application of salt treatments in aquaculture, including commercial hatcheries with farmed fish for human consumption."
"136-003-199-669-671","exclude","retain","conflict","The title and abstract explicitly concern a trout farm/fishery farm and its ecological effects, establishing rainbow-trout aquaculture relevance even though the measured ecosystem components are not trout."
"136-088-289-292-623","exclude","retain","conflict","The study explicitly examines farm-relevant feeding, growth, health, and fillet quality of rainbow trout (Oncorhynchus mykiss), establishing both eligible species and aquaculture production context."
"137-059-374-395-049","exclude","retain","conflict","Rainbow trout is explicitly identified through rainbow trout fry syndrome, and the abstract directly concerns disease in salmonid aquaculture."
"138-698-148-862-419","exclude","retain","conflict","The record explicitly studies Atlantic salmon and commercial production, hatchery production of female stocks, and commercial application of sex-inversion techniques."
"144-083-077-312-95X","exclude","retain","conflict","The abstract explicitly discusses aquaculture applications and identifies rainbow trout and Atlantic salmon among the species subjected to genetic manipulation."
"144-539-953-233-729","exclude","retain","conflict","The study explicitly concerns rainbow trout (Oncorhynchus mykiss) and selective breeding for market weight with direct relevance to commercial breeding programs, establishing aquaculture production context."
"145-959-356-569-870","exclude","retain","conflict","The study explicitly examines Atlantic salmon fed experimental diets, and the title/keywords and Animal Science and Aquaculture affiliation establish a clear aquaculture production context."
"148-585-362-655-72X","exclude","retain","conflict","The title and abstract explicitly identify rainbow trout (Oncorhynchus mykiss) and evaluate commercial and experimental diets, establishing aquaculture production relevance."
"149-919-269-134-51X","retain","exclude","conflict","The study concerns aquaculture of generic “Salmoniformes” without identifying an eligible salmon or rainbow trout species, so the species gate fails."
"150-186-992-950-903","exclude","retain","conflict","The study explicitly compares gilthead seabream farming with the salmon industry’s farm production strategy, establishing relevant salmon aquaculture context."
"151-983-755-068-210","exclude","retain","conflict","The study explicitly examines Atlantic, Chinook, and coho salmon in commercial freshwater hatcheries and assesses PRV occurrence before seawater entry."
"155-447-198-082-170","retain","exclude","conflict","Although Atlantic salmon are studied, the record concerns hatchery-reared smolts released and recaptured in the wild, a non-commercial stocking context."
"157-108-630-164-607","exclude","retain","conflict","The abstract explicitly examines farmed and wild salmon in a seafood-market analysis and identifies salmon as a major marine aquaculture species."
"167-104-243-030-662","exclude","retain","conflict","The record explicitly identifies rainbow trout (Salmo gairdneri) and states they are being reared commercially, establishing eligible species and aquaculture context."
"167-508-148-941-098","exclude","retain","conflict","The record explicitly concerns salmon and was presented at the World Aquaculture Conference, establishing relevant aquaculture context."
"170-077-641-566-240","exclude","retain","conflict","The record explicitly identifies rainbow trout (Oncorhynchus mykiss) as bred in aquaculture/fishponds and assesses its occurrence and ecological presence in the river basins."
"172-080-682-202-726","exclude","retain","conflict","The record explicitly includes commercially available salmon feed and an affiliation with Ross Island Salmon Ltd., establishing a salmon-aquaculture feed connection despite the study measuring green sea urchins."
"180-763-611-079-698","exclude","retain","conflict","The abstract explicitly mentions cultured salmon and discusses aquaculture production, establishing both eligible salmon relevance and an aquaculture context."
"182-806-978-710-140","exclude","retain","conflict","Rainbow trout is explicitly identified, and the study addresses ploidy methods and biotechnology applied to fish culture, including use by farm staff."
"184-663-256-293-522","exclude","retain","conflict","The study explicitly examines aquacultured Salmo irideus, a historical synonym of rainbow trout (Oncorhynchus mykiss), in a disease survey."
"187-212-019-695-33X","exclude","retain","conflict","The abstract explicitly concerns rainbow trout juveniles in an operating fish farm and commercial aquaculture context, despite also examining American char."
"188-521-599-392-989","exclude","retain","conflict","The abstract explicitly identifies Salmo trutta (brown trout) aquaculture in Yadong County and disease-related losses among S. trutta farmers, establishing a farmed trout production context."
"190-238-144-859-560","exclude","retain","conflict","Atlantic salmon is explicitly identified as a host of the studied pathogen, and the phage was isolated from aquaculture ponds, establishing relevant aquaculture context."
"191-068-318-477-739","retain","exclude","conflict","Although the study explicitly concerns rainbow trout, it does not establish that the examined fish were farmed or that the preservation experiment was connected to commercial aquaculture."
"192-041-756-311-911","exclude","retain","conflict","The editorial explicitly discusses logistics for fresh, mainly farmed fish such as salmon, establishing both eligible species and commercial aquaculture relevance."
"194-889-278-900-199","exclude","retain","conflict","The abstract explicitly concerns genetically engineered salmon intended for food production and its application to aquaculture, satisfying both eligible-species and commercial aquaculture relevance."
