doi_for_lookup,openalex_id,openalex_title,openalex_is_retracted,openalex_lookup_status,openalex_error,last_checked_at,next_check_at
10.1002/aff2.70054,https://openalex.org/W4408646419,Systematic Literature Review Identifying Core Genera in the Gut Microbiome of Rainbow Trout ( <i>Oncorhynchus mykiss</i> ) and Species‐level Microbial Community Analysis Using Long‐Read Amplicon Sequencing,FALSE,matched,,2026-08-16T04:01:13Z,2026-11-14T04:01:13Z
10.1002/aff2.70064,https://openalex.org/W4409617713,"FishMet: A Digital Twin Framework for Appetite, Feeding Decisions and Growth in Salmonid Fish",FALSE,matched,,2026-08-16T04:01:13Z,2026-11-14T04:01:13Z
10.1002/aff2.70079,https://openalex.org/W4412098625,Pathogens From Salmon Aquaculture in Relation to Conservation of Wild Pacific Salmon in Canada: An Alternative Perspective,FALSE,matched,,2026-08-16T04:01:13Z,2026-11-14T04:01:13Z
10.1002/aff2.70079/v1/review1,https://openalex.org/W4414666227,"Review for ""Pathogens From Salmon Aquaculture in Relation to Conservation of Wild Pacific Salmon in Canada: An Alternative Perspective""",FALSE,matched,,2026-08-16T04:01:13Z,2026-11-14T04:01:13Z
10.1002/aff2.70080,https://openalex.org/W4411012878,Monitoring of Water Quality for Reduced Water Use in a Partial Recirculating Aquaculture System,FALSE,matched,,2026-08-16T04:01:13Z,2026-11-14T04:01:13Z
10.1002/aff2.70088,https://openalex.org/W4412139871,"Growth Performance of Atlantic Salmon Smolts Fed Diets Containing Three Levels of a Single Cell Protein, Torula Yeast",FALSE,matched,,2026-08-16T04:01:13Z,2026-11-14T04:01:13Z
10.1002/aff2.70191,https://openalex.org/W7130331875,Seasonal Variation of Off‐Flavours in a Full‐Scale Recirculating Aquaculture System Rearing Rainbow Trout <i>Oncorhynchus mykiss</i> —A Case Study,FALSE,matched,,2026-08-16T04:01:13Z,2026-11-14T04:01:13Z
10.1002/aff2.70209,https://openalex.org/W7134806164,"Health of Wild Atlantic Salmon ( <i>Salmo salar</i> ) Smolts Along Coastal Migratory Routes in Newfoundland, Canada With and Without Salmonid Aquaculture as Assessed Using Sentinel Cages",FALSE,matched,,2026-08-16T04:01:13Z,2026-11-14T04:01:13Z
10.1002/ecs2.70098,https://openalex.org/W4405560266,Individual patterns of anadromy determine the cost of salmon lice exposure in brown trout,FALSE,matched,,2026-08-16T04:01:13Z,2026-11-14T04:01:13Z
10.1002/fft2.530,https://openalex.org/W4405457775,“Consumers’ Preferences Toward Farmed Salmon in China: Integrating Sensory and Choice Experiments”,FALSE,matched,,2026-08-16T04:01:13Z,2026-11-14T04:01:13Z
10.1002/fsn3.70444,https://openalex.org/W4411390078,Nutritional Value of Smoke Flavored Marinades From Turkish Salmon Fillet and Trimmings Reconstructed With Microbial Transglutaminase After a Chilled Storage,FALSE,matched,,2026-08-16T04:01:13Z,2026-11-14T04:01:13Z
10.1002/jsf2.70009,https://openalex.org/W4409778917,Development of alternative feed with seed and insect meal for sustainable production of rainbow trout (<i>Oncorhynchus mykiss</i>) and quality fillets,FALSE,matched,,2026-08-16T04:01:13Z,2026-11-14T04:01:13Z
10.1002/lemi.202459168,https://openalex.org/W4402557776,Exploring odorant compounds in recirculating aquaculture systems‐grown fish: from earthy off‐odours to marine fragrances.,FALSE,matched,,2026-08-16T04:01:13Z,2026-11-14T04:01:13Z
10.1002/njz2.70039,https://openalex.org/W7165114330,Parasites and Pathology in Three Endemic Marine Invertebrates Under Salmon Farm‐Derived Organic Enrichment,FALSE,matched,,2026-08-16T04:01:13Z,2026-11-14T04:01:13Z
10.1002/nzm2.70011,https://openalex.org/W7128019549,Selective Breeding and Production Strategies to Support Snapper Farming in the Warming Waters of New Zealand's South Island,FALSE,matched,,2026-08-16T04:01:13Z,2026-11-14T04:01:13Z
10.1002/ps.70582,https://openalex.org/W7125915075,Delousing performance of ballan wrasse ( <scp> <i>Labrus bergylta</i> </scp> ) and lumpfish ( <scp> <i>Cyclopterus lumpus</i> </scp> ): seasonal consistency and the challenge of cryptic lice for lumpfish,FALSE,matched,,2026-08-16T04:01:13Z,2026-11-14T04:01:13Z
10.1002/vms3.70527,https://openalex.org/W4412725803,"The Role of Glutamine in Growth, Health and Sensory Quality of Female Rainbow Trout ( <i>Oncorhynchus mykiss</i> )",FALSE,matched,,2026-08-16T04:01:13Z,2026-11-14T04:01:13Z
10.1002/wer.70046,https://openalex.org/W4407681448,The application of duckweed ( <scp> <i>Lemna minor</i> </scp> ) and freshwater mussels ( <scp> <i>Anodonta cygnea</i> </scp> ) as living biofilters integrating with a filtration system to maintain water quality in juvenile trout ( <scp> <i>Oncorhynchus mykiss</i> </scp> ) rearing using the small scale RAS system,FALSE,matched,,2026-08-16T04:01:13Z,2026-11-14T04:01:13Z
10.1007/s00248-025-02653-7,https://openalex.org/W4417220681,Impact of Different Aquaculture Densities on the Growth Performance and Intestinal Health of Triploid Rainbow Trout (Oncorhynchus mykiss) Fry in High-altitude Environments,FALSE,matched,,2026-08-16T04:01:13Z,2026-11-14T04:01:13Z
10.1007/s00284-026-05041-7,https://openalex.org/W7167939594,"Vibrio frigidus sp. nov., Isolated from the Gills of Atlantic Salmon (Salmo salar)",FALSE,matched,,2026-08-16T04:01:13Z,2026-11-14T04:01:13Z
10.1007/s10113-026-02572-4,https://openalex.org/W7140185399,Adaptive co-management in Norwegian aquaculture: insights from horizontal and vertical local networks,FALSE,matched,,2026-08-16T04:01:13Z,2026-11-14T04:01:13Z
10.1007/s10499-025-01885-1,https://openalex.org/W4407986359,"Investigation of the probiotic effects of Lactobacillus sakei 2–3 and Candida zeylanoides Y12-3 strains in rainbow trout (Oncorhynchus mykiss, Walbaum 1792)",FALSE,matched,,2026-08-16T04:01:13Z,2026-11-14T04:01:13Z
10.1007/s10499-025-02268-2,https://openalex.org/W4416068177,Farmed Atlantic salmon (Salmo salar) skin mucosa during seawater transfer compared with wild juveniles,FALSE,matched,,2026-08-16T04:01:13Z,2026-11-14T04:01:13Z
10.1007/s10499-025-02384-z,https://openalex.org/W4417145333,Spray-dried porcine plasma protein improves the performance of Atlantic salmon (Salmo salar) during sea-water transfer,FALSE,matched,,2026-08-16T04:01:13Z,2026-11-14T04:01:13Z
10.1007/s10499-025-02420-y,https://openalex.org/W7123353920,Domain adaptation and computer vision approaches for robust detection of jellyfish in aquaculture,FALSE,matched,,2026-08-16T04:01:13Z,2026-11-14T04:01:13Z
10.1007/s10499-026-02552-9,https://openalex.org/W7160632998,"Dietary argan oil for juvenile rainbow trout: growth performance, fatty acid profile, and antioxidant defense",FALSE,matched,,2026-08-16T04:01:13Z,2026-11-14T04:01:13Z
10.1007/s10592-025-01672-8,https://openalex.org/W4406786979,Genetic monitoring suggests ongoing genetic change in wild salmon populations due to hybridization with aquaculture escapees,FALSE,matched,,2026-08-16T04:01:13Z,2026-11-14T04:01:13Z
10.1007/s10695-025-01555-2,https://openalex.org/W4414162176,Tissue-specific effects of stocking density on fatty acid composition and liver metabolism in rainbow trout (Oncorhynchus mykiss),FALSE,matched,,2026-08-16T04:01:13Z,2026-11-14T04:01:13Z
10.1007/s11259-025-10867-w,https://openalex.org/W4414022942,"Dietary Supplementation of the Rainbow Trout, Oncorhynchus mykiss by Red Ginseng, Panax Ginseng"" Powder: Enhancing Effects on Growth, Immunity and Disease Resistance",FALSE,matched,,2026-08-16T04:01:13Z,2026-11-14T04:01:13Z
10.1007/s11259-026-11301-5,https://openalex.org/W7163368330,"First report of molecular characterization, pathological analysis, and antibacterial susceptibility of Yersinia ruckeri RTACP-14 a isolated from farmed rainbow trout, Oncorhynchus mykiss (Walbaum 1792) in the Indian Himalayan Region",FALSE,matched,,2026-08-16T04:01:13Z,2026-11-14T04:01:13Z
10.1007/s11626-025-01113-3,https://openalex.org/W4415157014,Development and characterisation of a novel cell line derived from coho salmon (Oncorhynchus kisutch),FALSE,matched,,2026-08-16T04:01:13Z,2026-11-14T04:01:13Z
10.1007/s12562-026-01970-1,https://openalex.org/W7134261159,"Growth, survival, maturation and proximate composition of dorsal muscle in diploid and triploid male and female masu salmon Oncorhynchus masou masou under communal rearing in seawater",FALSE,matched,,2026-08-16T04:01:13Z,2026-11-14T04:01:13Z
10.1007/s13197-025-06239-6,https://openalex.org/W4407863904,Optimization of protein recovery from Atlantic salmon (Salmo salar) head and backbone by response surface methodology and characterization of functional properties and nutritional value,FALSE,matched,,2026-08-16T04:01:13Z,2026-11-14T04:01:13Z
10.1007/s13205-025-04666-y,https://openalex.org/W7118185555,Effects of rainbow trout (Oncorhynchus mykiss) diet supplementation with microalgal biomass in closed aquaculture system,FALSE,matched,,2026-08-16T04:01:13Z,2026-11-14T04:01:13Z
10.1007/s42729-025-02465-1,https://openalex.org/W4410496584,Composting Salmon Farming Sludge: A Potential Soil Amendment with a Focus on the Circular Economy Approach,FALSE,matched,,2026-08-16T04:01:13Z,2026-11-14T04:01:13Z
10.1007/s44295-024-00046-z,https://openalex.org/W4404147829,A study of feature importance for king salmon health classification with feature selection,FALSE,matched,,2026-08-16T04:01:13Z,2026-11-14T04:01:13Z
10.1016/j.agwat.2025.109528,https://openalex.org/W4410052715,Water scarcity- and carbon footprints of aquafeed: The case of land-based and ocean-based Atlantic salmon (Salmo salar) farming in Iceland,FALSE,matched,,2026-08-16T04:01:13Z,2026-11-14T04:01:13Z
10.1016/j.anireprosci.2024.107659,https://openalex.org/W4404844043,"The phenotype, sex ratio and gonadal development in triploid hybrids of rainbow trout (Oncorhynchus mykiss) ♀ and brook trout (Salvelinus fontinalis) ♂",FALSE,matched,,2026-08-16T04:01:13Z,2026-11-14T04:01:13Z
10.1016/j.aqrep.2024.102512,https://openalex.org/W4404441491,"Complete replacement of fishmeal with unconventional animal protein sources: A comparative study of the effects of use of mealworm, earthworm and zooplankton on growth parameters, fatty acid composition and sensory profile rainbow trout",FALSE,matched,,2026-08-16T04:01:13Z,2026-11-14T04:01:13Z
10.1016/j.aqrep.2025.102784,https://openalex.org/W4409205334,Crowding causes detachment and loss of mobile sea lice: Fine-meshed crowding nets may mitigate spread,FALSE,matched,,2026-08-16T04:01:13Z,2026-11-14T04:01:13Z
10.1016/j.aqrep.2025.102828,https://openalex.org/W4409739733,Is the hybrid tiger trout a suitable recipient for the transplantation of salmonid spermatogonia?,FALSE,matched,,2026-08-16T04:01:13Z,2026-11-14T04:01:13Z
10.1016/j.aqrep.2025.102929,https://openalex.org/W4411771828,"Atlantic salmon in Arctic aquaculture - enhanced performance, health, and quality with seasonally adjusted dietary protein levels",FALSE,matched,,2026-08-16T04:01:13Z,2026-11-14T04:01:13Z
10.1016/j.aqrep.2025.102996,https://openalex.org/W4412709812,Influence of genetic adaption of rainbow trout (Oncorhynchus mykiss) fed with alternative protein sources based on Arthrospira platensis and Hermetia illucens on disease resistance against viral haemorrhagic septicaemia virus (VHSV),FALSE,matched,,2026-08-16T04:01:13Z,2026-11-14T04:01:13Z
10.1016/j.aqrep.2025.103109,https://openalex.org/W4414441163,"An underwater risk scale for monitoring the crowding intensities of Atlantic salmon in commercial net pens using Remotely Operated Vehicles (ROVs), v0.1",FALSE,matched,,2026-08-16T04:01:13Z,2026-11-14T04:01:13Z
10.1016/j.aqrep.2025.103188,https://openalex.org/W4415535105,Validation of qPCR assays for specific detection of Phocoenobacter atlanticus subspp. atlanticus and cyclopteri (formerly known as 'Pasteurella atlantica genomovars salmonicida and cyclopteri'),FALSE,matched,,2026-08-16T04:01:13Z,2026-11-14T04:01:13Z
10.1016/j.aqrep.2026.103478,https://openalex.org/W7133924741,"Effects of ozone and oxygen nanobubbles on water quality, fish pathogens, and early life stages of rainbow trout (Oncorhynchus mykiss)",FALSE,matched,,2026-08-16T04:01:13Z,2026-11-14T04:01:13Z
10.1016/j.aqrep.2026.103507,https://openalex.org/W7135097775,Temporal dynamics of Tenacibaculum maritimum and Tenacibaculum dicentrarchi in a land-based Atlantic salmon (Salmo salar) facility in Norway,FALSE,matched,,2026-08-16T04:01:13Z,2026-11-14T04:01:13Z
10.1016/j.aqrep.2026.103544,https://openalex.org/W7144309118,"Substituting fish oil with canola oil in the diet of triploid rainbow trout: Effects on growth, health, and fatty acid metabolism",FALSE,matched,,2026-08-16T04:01:13Z,2026-11-14T04:01:13Z
10.1016/j.aqrep.2026.103582,https://openalex.org/W7151380692,"Multi-tissue adaptive responses of triploid rainbow trout to chronic hypoxia: Effects on antioxidant, inflammatory, mitophagy and apoptosis",FALSE,matched,,2026-08-16T04:01:13Z,2026-11-14T04:01:13Z
10.1016/j.aquaculture.2023.740331,https://openalex.org/W4388487244,"Salinity induced changes in the progression of water, ion and nutrient fluxes along the gastrointestinal tract of Atlantic salmon smolt (Salmo salar)",FALSE,matched,,2026-08-16T04:01:13Z,2026-11-14T04:01:13Z
10.1016/j.aquaculture.2024.741140,https://openalex.org/W4398784531,Understanding morphological rib abnormalities in Atlantic salmon,FALSE,matched,,2026-08-16T04:01:13Z,2026-11-14T04:01:13Z
10.1016/j.aquaculture.2024.741535,https://openalex.org/W4402097990,Automated computer vision based individual salmon (Salmo salar) breathing rate estimation (SaBRE) for improved state observability,FALSE,matched,,2026-08-16T04:01:13Z,2026-11-14T04:01:13Z
10.1016/j.aquaculture.2024.741759,https://openalex.org/W4403347910,Lipid droplet distribution in Atlantic salmon (Salmo salar L.) oocytes is related to the fertilisation and developmental outcome,FALSE,matched,,2026-08-16T04:01:13Z,2026-11-14T04:01:13Z
10.1016/j.aquaculture.2024.741771,https://openalex.org/W4403574681,"Validation of gut transit rate assessment methodology and the mitigation of sampling stress in Atlantic salmon, Salmo salar",FALSE,matched,,2026-08-16T04:01:13Z,2026-11-14T04:01:13Z
10.1016/j.aquaculture.2024.741943,https://openalex.org/W4404733760,Status quo or giant ambitions? Norwegian Salmon farming SMEs' innovation responses to environmental regulations,FALSE,matched,,2026-08-16T04:01:13Z,2026-11-14T04:01:13Z
10.1016/j.aquaculture.2024.742045,https://openalex.org/W4405494550,Towards a systems perspective in policy design: An analysis of how the endogenous feedback structure of the Norwegian salmon aquaculture industry impacts policy outcomes,FALSE,matched,,2026-08-16T04:01:13Z,2026-11-14T04:01:13Z
10.1016/j.aquaculture.2025.742181,https://openalex.org/W4406634408,"Adaptations to intermittent fasting in large sea caged Atlantic salmon (Salmo salar); effects on feeding, energy homeostasis, and growth",FALSE,matched,,2026-08-16T04:01:13Z,2026-11-14T04:01:13Z
10.1016/j.aquaculture.2025.742244,https://openalex.org/W4406979125,Early developmental exposure to heat shock altered the response to handling stress but had limited impacts on the susceptibility to the bacterial pathogen Yersinia ruckeri in juvenile rainbow trout (Oncorhynchus mykiss),FALSE,matched,,2026-08-16T04:01:13Z,2026-11-14T04:01:13Z
10.1016/j.aquaculture.2025.742328,https://openalex.org/W4407722537,A decrease in water temperature from 15 °C to 8 °C before or after a “winter signal” photoperiod delays but does not arrest early sexual maturation in male Atlantic salmon Salmo salar L. postsmolts,FALSE,matched,,2026-08-16T04:01:13Z,2026-11-14T04:01:13Z
10.1016/j.aquaculture.2025.742332,https://openalex.org/W4408013885,Fish as Feed: Using the nutrient Fish In: Fish Out ratio (nFIFO) to enhance nutrient retention in aquaculture,FALSE,matched,,2026-08-16T04:01:13Z,2026-11-14T04:01:13Z
10.1016/j.aquaculture.2025.742334,https://openalex.org/W4407837596,Characterisation of the underwater soundscape at Norwegian salmon farms,FALSE,matched,,2026-08-16T04:01:13Z,2026-11-14T04:01:13Z
10.1016/j.aquaculture.2025.742371,https://openalex.org/W4408081414,"Long term effects of smolt and post-smolt production strategy on mortality, growth, sexual maturation and melanized focal changes in farmed Atlantic salmon (Salmo salar L.)",FALSE,matched,,2026-08-16T04:01:13Z,2026-11-14T04:01:13Z
10.1016/j.aquaculture.2025.742375,https://openalex.org/W4408080231,"Dietary trace mineral (Cu, Fe, Mn, Zn, and Se) source and levels on production parameters, fillet quality, mineralization, and skin morphology of 1+ and 0+ Atlantic salmon across regions in Norway",FALSE,matched,,2026-08-16T04:01:13Z,2026-11-14T04:01:13Z
10.1016/j.aquaculture.2025.742494,https://openalex.org/W4409191598,Sustainable salmon farming in Norwegian coastal municipalities: Can the environment beat the economy?,FALSE,matched,,2026-08-16T04:01:13Z,2026-11-14T04:01:13Z
10.1016/j.aquaculture.2025.742553,https://openalex.org/W4409327066,Multi-beam sonars for monitoring the distribution and welfare of fish reared in sea cages - strengths and challenges,FALSE,matched,,2026-08-16T04:01:13Z,2026-11-14T04:01:13Z
10.1016/j.aquaculture.2025.742642,https://openalex.org/W4409885643,"Saturated fat and cholesterol in Atlantic salmon (Salmo Salar L.) feeds are important for fish performance, fillet quality and colour",FALSE,matched,,2026-08-16T04:01:13Z,2026-11-14T04:01:13Z
10.1016/j.aquaculture.2025.742743,https://openalex.org/W4410707656,Inducing failed triploidy: The effects of sub-optimal hydrostatic pressure treatments on Atlantic salmon growth and welfare,FALSE,matched,,2026-08-16T04:01:13Z,2026-11-14T04:01:13Z
10.1016/j.aquaculture.2025.742826,https://openalex.org/W4411220819,Tank- and cage-farmed Atlantic salmon display similar swimming performance and appetite recovery despite differences in gill and heart morphology,FALSE,matched,,2026-08-16T04:01:13Z,2026-11-14T04:01:13Z
10.1016/j.aquaculture.2025.742832,https://openalex.org/W4411137615,Innovation first! Addressing operational risk in salmon fish farming technology development,FALSE,matched,,2026-08-16T04:01:13Z,2026-11-14T04:01:13Z
10.1016/j.aquaculture.2025.742879,https://openalex.org/W4411540798,"Impacts of present heat waves in freshwater environments during out-growth phase in rainbow trout, Oncorhynchus mykiss, underscores the need of new wisely designed mitigation strategies: climatological, physiological and molecular analyses",FALSE,matched,,2026-08-16T04:01:13Z,2026-11-14T04:01:13Z
10.1016/j.aquaculture.2025.743043,https://openalex.org/W4413217086,"On-growing Atlantic salmon (Salmo salar L.) acclimate behaviourally and physiologically to chronic hypoxia, but exhibit reduced feed intake, growth and lipid retention",FALSE,matched,,2026-08-16T04:01:13Z,2026-11-14T04:01:13Z
10.1016/j.aquaculture.2025.743050,https://openalex.org/W4413142984,Aquaculture in troubled waters? Public acceptance of the Norwegian Salmon farming industry and its environmental impacts,FALSE,matched,,2026-08-16T04:01:13Z,2026-11-14T04:01:13Z
10.1016/j.aquaculture.2025.743054,https://openalex.org/W4413162707,In vitro storage of unfertilized Atlantic salmon (Salmo salar) eggs,FALSE,matched,,2026-08-16T04:01:13Z,2026-11-14T04:01:13Z
10.1016/j.aquaculture.2025.743083,https://openalex.org/W4413407466,"A sustainable krill meal enriched with stickwater boosts feed intake, growth performance, and stress resilience in Atlantic salmon (Salmo salar L.) following simulated acute high-temperature delousing",FALSE,matched,,2026-08-16T04:01:13Z,2026-11-14T04:01:13Z
10.1016/j.aquaculture.2025.743132,https://openalex.org/W4413810581,"Growth, metabolic, and immune responses of lean and fat rainbow trout lines during a starvation-refeeding cycle",FALSE,matched,,2026-08-16T04:01:13Z,2026-11-14T04:01:13Z
10.1016/j.aquaculture.2025.743135,https://openalex.org/W4413815842,Gut phenotype is associated with superior growth performance in Atlantic salmon (Salmo salar) following exposure and recovery from warming and hypoxia,FALSE,matched,,2026-08-16T04:01:13Z,2026-11-14T04:01:13Z
10.1016/j.aquaculture.2025.743137,https://openalex.org/W4413815786,The efficacy of lumpfish in controlling salmon lice in fish farms,FALSE,matched,,2026-08-16T04:01:13Z,2026-11-14T04:01:13Z
10.1016/j.aquaculture.2025.743174,https://openalex.org/W4414107967,Salinity acclimatization enhances Atlantic salmon resistance to Tenacibaculum finnmarkense: Skin infection and host response,FALSE,matched,,2026-08-16T04:01:13Z,2026-11-14T04:01:13Z
10.1016/j.aquaculture.2025.743175,https://openalex.org/W4414159266,Shifting production cycle from sea to RAS – what does the fish say?,FALSE,matched,,2026-08-16T04:01:13Z,2026-11-14T04:01:13Z
10.1016/j.aquaculture.2025.743328,https://openalex.org/W4415459782,"Full-fat meal, defatted meal, oil and chitin from black soldier fly in low and high soybean-based diets on growth performance and nutrient retention of rainbow trout",FALSE,matched,,2026-08-16T04:01:13Z,2026-11-14T04:01:13Z
10.1016/j.aquaculture.2025.743463,https://openalex.org/W4416768382,"Corrigendum to “Impacts of substituting plant ingredients with full-fat black soldier fly and yellow mealworm larvae meals on fillet quality and liver and gut health in Atlantic salmon” Aquaculture, Volume 612, Part 1, 15 January 2026, 743081",FALSE,matched,,2026-08-16T04:01:13Z,2026-11-14T04:01:13Z
10.1016/j.aquaculture.2025.743563,https://openalex.org/W7115597086,"Performance, skin and gut health, and fillet quality in Arctic-farmed Atlantic salmon – Effects of increased EPA + DHA and organic zinc source in feed",FALSE,matched,,2026-08-16T04:01:13Z,2026-11-14T04:01:13Z
10.1016/j.aquaculture.2025.743578,https://openalex.org/W4417527109,Genetic and phenotypic validation of Raman-predicted fatty acids in Atlantic Salmon: From grouped fatty acids to EPA and DHA,FALSE,matched,,2026-08-16T04:01:13Z,2026-11-14T04:01:13Z
10.1016/j.aquaculture.2026.743683,https://openalex.org/W7124928553,The contribution of host transfer in the infection dynamics of Caligus elongatus and salmon lice (Lepeophtheirus salmonis) in a salmon farming network,FALSE,matched,,2026-08-16T04:01:13Z,2026-11-14T04:01:13Z
10.1016/j.aquaculture.2026.743694,https://openalex.org/W7125409583,Blue mussels (genus Mytilus) as a biofilter against sea lice around aquaculture farms,FALSE,matched,,2026-08-16T04:01:13Z,2026-11-14T04:01:13Z
10.1016/j.aquaculture.2026.743735,https://openalex.org/W7128168837,"The dynamics of an industry cluster: Salmon aquaculture in Rogaland, Norway",FALSE,matched,,2026-08-16T04:01:13Z,2026-11-14T04:01:13Z
10.1016/j.aquaculture.2026.743797,https://openalex.org/W7128805527,Study of Renibacterium salmoninarum infection in rainbow trout (Oncorhynchus mykiss) and the effect of temperature in an in-vivo cohabitation challenge,FALSE,matched,,2026-08-16T04:01:13Z,2026-11-14T04:01:13Z
10.1016/j.aquaculture.2026.743909,https://openalex.org/W7139978013,Monitoring behavior of post-smolts Atlantic salmon (Salmo salar) during their first month after sea transfer in a commercial sea cage using a mechanical 360-degree single-beam scanning sonar,FALSE,matched,,2026-08-16T04:01:13Z,2026-11-14T04:01:13Z
10.1016/j.aquaculture.2026.743960,https://openalex.org/W7143652568,Slaughtering Atlantic salmon using stun-and-bleed vessels or well-boats and their subsequent effects on welfare and quality,FALSE,matched,,2026-08-16T04:01:13Z,2026-11-14T04:01:13Z
10.1016/j.aquaculture.2026.744016,https://openalex.org/W7153140496,Planning and managing freshwater cage aquaculture in Scotland with combined catchment and lake models of phosphorus loading,FALSE,matched,,2026-08-16T04:01:13Z,2026-11-14T04:01:13Z
10.1016/j.aquaculture.2026.744086,https://openalex.org/W7155493943,Ecological influences on biofouling associated with salmon aquaculture pen netting,FALSE,matched,,2026-08-16T04:01:13Z,2026-11-14T04:01:13Z
10.1016/j.aquaculture.2026.744165,https://openalex.org/W7161544357,"Delousing measures and associated mortality events in farmed salmon in British Columbia, Canada",FALSE,matched,,2026-08-16T04:01:13Z,2026-11-14T04:01:13Z
10.1016/j.aquaculture.2026.744195,https://openalex.org/W7162427638,Gas bubble disease in Atlantic salmon (Salmo salar L.) induced by simulated well boat operations,FALSE,matched,,2026-08-16T04:01:13Z,2026-11-14T04:01:13Z
10.1016/j.aquaculture.2026.744285,https://openalex.org/W7163538863,Biofilm communities in biofilters are structuring the rearing water microbiota in recirculating aquaculture systems (RAS) through dispersal of bacteria,FALSE,matched,,2026-08-16T04:01:13Z,2026-11-14T04:01:13Z
10.1016/j.aquaculture.2026.744332,https://openalex.org/W7165368146,"Drivers of salmon louse ingestion in lumpfish (Cyclopterus lumpus): Effects of prey availability, lumpfish size, body condition and deployment strategy",FALSE,matched,,2026-08-16T04:01:13Z,2026-11-14T04:01:13Z
10.1016/j.aquaculture.2026.744394,https://openalex.org/W7168791012,Rapid growth rates are associated with increased coronary arteriosclerosis in farmed Atlantic Salmon (Salmo salar) under commercial production conditions,FALSE,matched,,2026-08-16T04:01:13Z,2026-11-14T04:01:13Z
10.1016/j.aquaeng.2025.102565,https://openalex.org/W4410384317,Reluctance of farmed Atlantic salmon to feed in cold water revealed during automated hydroacoustic feeding control,FALSE,matched,,2026-08-16T04:01:13Z,2026-11-14T04:01:13Z
10.1016/j.aquaeng.2025.102622,https://openalex.org/W4413883542,Feasibility study of Field Asymmetric Ion Mobility Spectrometry (FAIMS) for rapid off-flavor detection in recirculating aquaculture system cultured Atlantic salmon,FALSE,matched,,2026-08-16T04:01:13Z,2026-11-14T04:01:13Z
10.1016/j.aquaeng.2025.102635,https://openalex.org/W4414011719,"Improving feed intake predictions in aquaculture: Integrating dissolved oxygen, body weight, and temperature for Atlantic salmon and meagre",FALSE,matched,,2026-08-16T04:01:13Z,2026-11-14T04:01:13Z
10.1016/j.atech.2025.101724,https://openalex.org/W4417334595,Snapshot hyperspectral imaging for production improvements in Atlantic salmon farming: A proof-of-concept study,FALSE,matched,,2026-08-16T04:01:13Z,2026-11-14T04:01:13Z
10.1016/j.bbalip.2025.159636,https://openalex.org/W4410465775,Rapamycin induced autophagy enhances lipid breakdown and ameliorates lipotoxicity in Atlantic salmon cells,FALSE,matched,,2026-08-16T04:01:13Z,2026-11-14T04:01:13Z
10.1016/j.beproc.2025.105163,https://openalex.org/W4407095780,Premises for digital twins reporting on Atlantic salmon wellbeing,FALSE,matched,,2026-08-16T04:01:13Z,2026-11-14T04:01:13Z
10.1016/j.cbd.2024.101348,https://openalex.org/W4403985776,"Remodeling of the epigenetic landscape in rainbow trout, Oncorhynchus mykiss, offspring in response to maternal choline intake",FALSE,matched,,2026-08-16T04:01:13Z,2026-11-14T04:01:13Z
10.1016/j.cbd.2025.101671,https://openalex.org/W4415680782,Hydrolyzed Debaryomyces hansenii yeasts as paraprobiotics in fish: Omics-based characterization of Atlantic salmon gut during a natural pathogen outbreak in seawater stage,FALSE,matched,,2026-08-16T04:01:13Z,2026-11-14T04:01:13Z
10.1016/j.cbpa.2025.111923,https://openalex.org/W4413275233,"Low temperature-driven physiological responses in ballan wrasse (Labrus bergylta): Stress, inflammation, and liver health",FALSE,matched,,2026-08-16T04:01:13Z,2026-11-14T04:01:13Z
10.1016/j.crmicr.2025.100452,https://openalex.org/W4412867701,Shifting seas and first feeds: gut microbiome dynamics in juvenile chum salmon (Oncorhynchus keta) and their climate vulnerability,FALSE,matched,,2026-08-16T04:01:13Z,2026-11-14T04:01:13Z
10.1016/j.dib.2024.110983,https://openalex.org/W4402945173,Dataset on the performance of Atlantic salmon (Salmo salar) reared at different dissolved oxygen levels under experimental conditions,FALSE,matched,,2026-08-16T04:01:13Z,2026-11-14T04:01:13Z
10.1016/j.ecoenv.2026.120335,https://openalex.org/W7163566124,Gill tissue homeostasis remodeling and metabolic reprogramming: Key mechanisms underlying high-temperature stress resistance in selectively bred rainbow trout,FALSE,matched,,2026-08-16T04:01:13Z,2026-11-14T04:01:13Z
10.1016/j.ecolecon.2024.108477,https://openalex.org/W4404984507,Stakeholder perceptions of the Norwegian salmon farming industry and its future challenges,FALSE,matched,,2026-08-16T04:01:13Z,2026-11-14T04:01:13Z
10.1016/j.ejor.2025.11.029,https://openalex.org/W4416703001,Harvest planning under uncertainty for ocean-based salmon aquaculture,FALSE,matched,,2026-08-16T04:01:13Z,2026-11-14T04:01:13Z
10.1016/j.fishres.2025.107639,https://openalex.org/W7116753423,Fjord retention and dispersion of shrimp larvae (Pandalus borealis) in Northern Norway,FALSE,matched,,2026-08-16T04:01:13Z,2026-11-14T04:01:13Z
10.1016/j.foodchem.2026.149048,https://openalex.org/W7141474918,Farmed Atlantic salmon (Salmo salar L.) and the consumer: Variation in the nutritional composition of raw fillet cuts,FALSE,matched,,2026-08-16T04:01:13Z,2026-11-14T04:01:13Z
10.1016/j.fsi.2024.110096,https://openalex.org/W4405740634,The Atlantic salmon gill transcriptional response to natural infection with HPR0-ISAV (Isavirus salaris) in three Norwegian smolt farms,FALSE,matched,,2026-08-16T04:01:13Z,2026-11-14T04:01:13Z
10.1016/j.fsi.2025.110205,https://openalex.org/W4407636394,Proteomics analysis of extracellular vesicles during Vibrio anguillarum infection in lumpfish (Cyclopterus lumpus),FALSE,matched,,2026-08-16T04:01:13Z,2026-11-14T04:01:13Z
10.1016/j.fsi.2025.110914,https://openalex.org/W4415012570,Virus-inclusive single nucleus RNA-sequencing reveals two distinct endothelial response patterns in infectious salmon anaemia,FALSE,matched,,2026-08-16T04:01:13Z,2026-11-14T04:01:13Z
10.1016/j.fsi.2026.111266,https://openalex.org/W7134894883,"Trout granulomatous virus (TGV) infection is associated with disruption of gill morphology, endothelial damage, and local gill immune responses in rainbow trout",FALSE,matched,,2026-08-16T04:01:13Z,2026-11-14T04:01:13Z
10.1016/j.fufo.2025.100857,https://openalex.org/W4416818551,Fish for food or food for fish? Use of material flow analysis to optimize protein availability of seafood products for human consumption,FALSE,matched,,2026-08-16T04:01:13Z,2026-11-14T04:01:13Z
10.1016/j.hal.2024.102797,https://openalex.org/W4406070283,The cytotoxicity of the haptophyte Chrysochromulina leadbeateri towards the Atlantic salmon gill cell line ASG-10,FALSE,matched,,2026-08-16T04:01:13Z,2026-11-14T04:01:13Z
10.1016/j.ifacol.2024.10.072,https://openalex.org/W4403902703,Mouth Opening Frequency of Salmon from Underwater Video Exploiting Computer Vision,FALSE,matched,,2026-08-16T04:01:13Z,2026-11-14T04:01:13Z
10.1016/j.insi.2026.100178,https://openalex.org/W7124167356,Exploring the growth hormone and growth hormone receptor gene families in rainbow trout (Oncorhynchus mykiss): A genome-wide perspective,FALSE,matched,,2026-08-16T04:01:13Z,2026-11-14T04:01:13Z
10.1016/j.jchromb.2025.124864,https://openalex.org/W4417076544,Pesticide residues in aquaculture salmon filet and feed: Quantitative and qualitative screening profiles of legacy and current-use pesticides using GC-EI-MS/MS and LC-ESI-IMS-QToF,FALSE,matched,,2026-08-16T04:01:13Z,2026-11-14T04:01:13Z
10.1016/j.jfp.2025.100679,https://openalex.org/W4417497924,Administering a Bioprotective Strain to Live Fish in Aquaculture Prevents the Growth of Listeria and Spoilage Bacteria on the Processed Fillets,FALSE,matched,,2026-08-16T04:01:13Z,2026-11-14T04:01:13Z
10.1016/j.jgeb.2025.100541,https://openalex.org/W4412700750,"A simplified, one step technique for disinfection of non-hardened rainbow trout eggs with tosylchloramide (Chloramine T) and peroxide (Wofasteril) compounds and the effects on bacterial load and microbiome composition in comparison to iodophore disinfection",FALSE,matched,,2026-08-16T04:01:13Z,2026-11-14T04:01:13Z
10.1016/j.jhazmat.2025.139078,https://openalex.org/W4411682467,Wide scope screening and target quantification of per- and polyfluoroalkyl substances (PFAS) in feed and feed ingredients to farmed salmonids,FALSE,matched,,2026-08-16T04:01:13Z,2026-11-14T04:01:13Z
10.1016/j.lwt.2025.118361,https://openalex.org/W4413327930,Sensitive and visual detection for Atlantic salmon in processed foods using PCR-CRISPR/Cas12a system,FALSE,matched,,2026-08-16T04:01:13Z,2026-11-14T04:01:13Z
10.1016/j.marpol.2024.106572,https://openalex.org/W4405857169,Regulating a ‘fish out of place’: A global assessment of farmed salmon escape policies and frameworks,FALSE,matched,,2026-08-16T04:01:13Z,2026-11-14T04:01:13Z
10.1016/j.marpol.2025.106653,https://openalex.org/W4408149345,The social licence of salmon aquaculture in Tasmania: Fulfilling the social bargain,FALSE,matched,,2026-08-16T04:01:13Z,2026-11-14T04:01:13Z
10.1016/j.marpol.2026.107086,https://openalex.org/W7130701375,Review of Tasmanian and international regulation and management of salmonid welfare in aquaculture,FALSE,matched,,2026-08-16T04:01:13Z,2026-11-14T04:01:13Z
10.1016/j.marpolbul.2025.118173,https://openalex.org/W4410634593,Exploiting taxonomic information from metagenomes to infer bacterial bioindicators and environmental quality at salmon aquaculture installations,FALSE,matched,,2026-08-16T04:01:13Z,2026-11-14T04:01:13Z
10.1016/j.oceaneng.2025.122993,https://openalex.org/W4414943360,Surrogate-based global sensitivity analysis of a floating fish cage array with shared mooring,FALSE,matched,,2026-08-16T04:01:13Z,2026-11-14T04:01:13Z
10.1016/j.peg.2024.100027,https://openalex.org/W4403901732,Green upscaling of an established path? The case of salmon farming in Norway,FALSE,matched,,2026-08-16T04:01:13Z,2026-11-14T04:01:13Z
10.1016/j.procs.2024.09.574,https://openalex.org/W4404838341,Modeling and Predicting Welfare of Farmed Atlantic Salmon: Integrative Domain Representation and Reasoning Strategies,FALSE,matched,,2026-08-16T04:01:13Z,2026-11-14T04:01:13Z
10.1016/j.rcradv.2025.200256,https://openalex.org/W4410345606,Utilization of fish sludge and aquaculture effluent water from Norway for nutrient and energy recovery,FALSE,matched,,2026-08-16T04:01:13Z,2026-11-14T04:01:13Z
10.1016/j.vaccine.2026.128403,https://openalex.org/W7133549955,Priming route and age at first vaccination shape prime and boost vaccine responses in rainbow trout (Oncorhynchus mykiss),FALSE,matched,,2026-08-16T04:01:13Z,2026-11-14T04:01:13Z
10.1016/j.watbs.2024.100313,https://openalex.org/W4403352767,"Effects of dietary Bacillus pumilus on the growth, intestinal health, lipid metabolism, and mTOR signaling pathway of juvenile coho salmon (Oncorhynchus kisutch)",FALSE,matched,,2026-08-16T04:01:13Z,2026-11-14T04:01:13Z
10.1017/s0022149x26101321,https://openalex.org/W7160028794,"First report of <i>Gyrodactylus teuchis</i> (Monopisthocotyla: Gyrodactylidae) on farmed rainbow trout <i>Oncorhynchus mykiss</i> (Walbaum, 1792) in Russia",FALSE,matched,,2026-08-16T04:01:13Z,2026-11-14T04:01:13Z
10.1017/s0031182025101029,https://openalex.org/W4415606804,The impact of helminth infection in fish farms on wild trout populations: host immune regulation of disease risk,FALSE,matched,,2026-08-16T04:01:13Z,2026-11-14T04:01:13Z
10.1021/acs.jafc.5c07909.s001,https://openalex.org/W7110878401,Broadly SourcedAlternative Proteins Alter MuscleMetabolome While Maintaining Sensory Quality in Rainbow Trout (Oncorhynchus mykiss),FALSE,matched,,2026-08-16T04:01:13Z,2026-11-14T04:01:13Z
10.1021/acsomega.4c10562,https://openalex.org/W4411282106,A Colorimetric Approach for Detecting a Selected Fecal Cortisol Metabolite as a Stress Biomarker in Atlantic Salmon,FALSE,matched,,2026-08-16T04:01:13Z,2026-11-14T04:01:13Z
10.1038/s41597-026-06832-0,https://openalex.org/W7128593507,Correction: Sea lice infestation dataset for wild and farmed salmon populations on the Pacific coast of Canada (2001–2023),FALSE,matched,,2026-08-16T04:01:13Z,2026-11-14T04:01:13Z
10.1038/s41598-025-11426-8,https://openalex.org/W4412437804,Anatomical site and environmental exposure differentially shape the microbiota across mucosal tissues in rainbow trout (Oncorhynchus mykiss),FALSE,matched,,2026-08-16T04:01:13Z,2026-11-14T04:01:13Z
10.1038/s41598-025-21970-y,https://openalex.org/W4415699275,"First field evidence of aerosolised SGPV, ISAV-HPR0, and IPNV in Atlantic salmon RAS highlights transmission and biosecurity risks",FALSE,matched,,2026-08-16T04:01:13Z,2026-11-14T04:01:13Z
10.1038/s41598-025-90118-9,https://openalex.org/W4407690938,Applying deep learning and the ecological home range concept to document the spatial distribution of Atlantic salmon parr (Salmo salar L.) in experimental tanks,FALSE,matched,,2026-08-16T04:01:13Z,2026-11-14T04:01:13Z
10.1038/s41598-026-42939-5,https://openalex.org/W7134912784,Intestinal morphology and host‑ and system‑associated microbiome dynamics during short‑term fasting and refeeding of Atlantic salmon in recirculating aquaculture systems,FALSE,matched,,2026-08-16T04:01:13Z,2026-11-14T04:01:13Z
10.1038/s41598-026-44702-2,https://openalex.org/W7152436572,Environmental enrichment as an immunostimulant for rainbow trout aquaculture,FALSE,matched,,2026-08-16T04:01:13Z,2026-11-14T04:01:13Z
10.1038/s41598-026-45539-5,https://openalex.org/W7140469666,Stable isotope analysis suggests nutrient connectivity between salmon and kelp within a commercial scale open coast integrated multi-trophic aquaculture system,FALSE,matched,,2026-08-16T04:01:13Z,2026-11-14T04:01:13Z
10.1038/s41598-026-55144-1,https://openalex.org/W7163212677,A cold manipulation of rainbow trout (Oncorhynchus mykiss) at eyed-stage has few impacts on hepatic lipid metabolism in juveniles,FALSE,matched,,2026-08-16T04:01:13Z,2026-11-14T04:01:13Z
10.1038/s41598-026-57517-y,https://openalex.org/W7165381599,Changes in bacterial community composition and antibiotic resistance profiles of coral-associated microbiota in the vicinity of Chilean salmon farms,FALSE,matched,,2026-08-16T04:01:13Z,2026-11-14T04:01:13Z
10.1038/s44454-026-00043-3,https://openalex.org/W7167223447,A PBK model for PFAS transfer from feed to fillet in farmed Atlantic salmon,FALSE,matched,,2026-08-16T04:01:13Z,2026-11-14T04:01:13Z
10.1051/bioconf/202517918002,https://openalex.org/W4411159416,Comparative Analysis of Rainbow Trout Strains Reared in Aquaculture Systems,FALSE,matched,,2026-08-16T04:01:13Z,2026-11-14T04:01:13Z
10.1079/9781800628748.0011,https://openalex.org/W329303659,<i>Gyrodactylus salaris</i> and <i>Gyrodactylus derjavinoides</i>,FALSE,matched,,2026-08-16T04:01:13Z,2026-11-14T04:01:13Z
10.1079/9781800628748.0011,https://openalex.org/W7157762783,<i>Gyrodactylus salaris</i> and <i>G. derjavinoides</i>,FALSE,matched,,2026-08-16T04:01:13Z,2026-11-14T04:01:13Z
10.1079/9781800628748.0021,https://openalex.org/W7157749941,"<i>Caligus rogercresseyi</i> , the Sea Louse Affecting Farmed Salmonids in the Southern Hemisphere",FALSE,matched,,2026-08-16T04:01:13Z,2026-11-14T04:01:13Z
10.1080/07420528.2025.2510505,https://openalex.org/W4411070406,Clock and clock-related gene expression is light responsive in the Atlantic salmon ( <i>Salmo salar</i> ) embryo,FALSE,matched,,2026-08-16T04:01:13Z,2026-11-14T04:01:13Z
10.1080/10888705.2025.2507044,https://openalex.org/W4410447526,"Knowledge, Attitudes, Perception and Willingness-To-Pay for Animal Welfare and Environmentally Friendly Certified Salmon Products in Chile: The Case of Bio Bio District",FALSE,matched,,2026-08-16T04:01:13Z,2026-11-14T04:01:13Z
10.1080/11287462.2025.2593707,https://openalex.org/W4416986078,A minimal One Health approach? Lessons from the salmon aquaculture crisis in Chile,FALSE,matched,,2026-08-16T04:01:13Z,2026-11-14T04:01:13Z
10.1080/13657305.2025.2456072,https://openalex.org/W4406928295,"Spatial density, externalities, and productivity of salmon aquaculture farms",FALSE,matched,,2026-08-16T04:01:13Z,2026-11-14T04:01:13Z
10.1080/13657305.2025.2475043,https://openalex.org/W4408333902,"Licenses, governance, concentration and market imperfections in the Norwegian salmon industry",FALSE,matched,,2026-08-16T04:01:13Z,2026-11-14T04:01:13Z
10.1080/13657305.2025.2478909,https://openalex.org/W4408756311,Salmon futures prices as forecasts,FALSE,matched,,2026-08-16T04:01:13Z,2026-11-14T04:01:13Z
10.1080/13657305.2025.2540088,https://openalex.org/W4412930044,Balancing act: How compliance and stringency of environmental regulations affect production growth in the Atlantic Salmon farming industry,FALSE,matched,,2026-08-16T04:01:13Z,2026-11-14T04:01:13Z
10.1080/13657305.2026.2660912,https://openalex.org/W7160239279,Production strategies in offshore salmon aquaculture,FALSE,matched,,2026-08-16T04:01:13Z,2026-11-14T04:01:13Z
10.1080/23308249.2024.2433581,https://openalex.org/W4405476411,Assessing the Benefits and Challenges of Recirculating Aquaculture Systems (RAS) for Atlantic Salmon Production,FALSE,matched,,2026-08-16T04:01:13Z,2026-11-14T04:01:13Z
10.1080/23737484.2026.2629479,https://openalex.org/W7138885594,Estimating common patterns of sea lice infestation among marine aquaculture sites,FALSE,matched,,2026-08-16T04:01:13Z,2026-11-14T04:01:13Z
10.1080/29932181.2025.2487336,https://openalex.org/W4411249496,Factors influencing the mineral composition of Atlantic salmon ( <i>Salmo salar</i> ) for human consumption: insights for nutrition and aquaculture practices,FALSE,matched,,2026-08-16T04:01:13Z,2026-11-14T04:01:13Z
10.1086/734307,https://openalex.org/W4407762014,Salmon Stock Returns Around Market News,FALSE,matched,,2026-08-16T04:01:13Z,2026-11-14T04:01:13Z
10.1088/2976-601x/ae596c,https://openalex.org/W7147309559,Atlantic salmon as a model for understanding the nutritional impacts of climate change on farmed animal-source foods,FALSE,matched,,2026-08-16T04:01:13Z,2026-11-14T04:01:13Z
10.1093/9780197790847.003.0018,https://openalex.org/W7152105882,Aquaculture and the Eco-Evolutionary Dynamics of Marine Disease,FALSE,matched,,2026-08-16T04:01:13Z,2026-11-14T04:01:13Z
10.1093/biomethods/bpaf078,https://openalex.org/W4416698001,Identifying escaped farmed salmon from fish scales using deep learning,FALSE,matched,,2026-08-16T04:01:13Z,2026-11-14T04:01:13Z
10.1093/conphys/coag026,https://openalex.org/W7155367070,"Ontogenetic thermal and metabolic patterns guide physiologically informed, size-based fishery management",FALSE,matched,,2026-08-16T04:01:13Z,2026-11-14T04:01:13Z
10.1093/etojnl/vgaf080,https://openalex.org/W4408724647,"Exploring cumulative effects of aquaculture chemicals in sediment on adult sea urchin behavioral, immunological, and metabolomic endpoints",FALSE,matched,,2026-08-16T04:01:13Z,2026-11-14T04:01:13Z
10.1093/icesjms/fsae192,https://openalex.org/W4405948696,A fitness-based indicator for the effect of aquaculture-produced salmon lice on wild sea trout,FALSE,matched,,2026-08-16T04:01:13Z,2026-11-14T04:01:13Z
10.1093/icesjms/fsag118,,,FALSE,not_found,,2026-08-16T04:01:13Z,2026-11-14T04:01:13Z
10.1093/jahafs/vsae004,https://openalex.org/W4409170844,Identical sequence types of <i>Yersinia ruckeri</i> associated with lethal disease in wild-caught invasive Blue Catfish and cultured hybrid catfish (Channel Catfish ♀ × Blue Catfish ♂) from disparate aquatic ecosystems,FALSE,matched,,2026-08-16T04:01:13Z,2026-11-14T04:01:13Z
10.1093/jahafs/vsaf014,https://openalex.org/W4414788293,Does environmental enrichment mitigate parasite infection by reducing stress in Masu Salmon <i>Oncorhynchus masou</i> ?,FALSE,matched,,2026-08-16T04:01:13Z,2026-11-14T04:01:13Z
10.1093/jas/skaf300.051,https://openalex.org/W4414831232,"428 Government, academia and industry collaborations to advance selective breeding and genetic research in rainbow trout aquaculture and recreational fisheries.",FALSE,matched,,2026-08-16T04:01:13Z,2026-11-14T04:01:13Z
10.1093/jimmun/vkaf283.1313,https://openalex.org/W4416451458,Melanin and inflammation in fish 3519,FALSE,matched,,2026-08-16T04:01:13Z,2026-11-14T04:01:13Z
10.1093/nargab/lqaf139,https://openalex.org/W4415958675,Sequence-based chromatin activity modeling and regulatory impact prediction of genetic variants in farmed animals using deep learning,FALSE,matched,,2026-08-16T04:01:13Z,2026-11-14T04:01:13Z
10.1098/rspb.2025.1782,https://openalex.org/W7118431850,Parasites perform poorly at high host densities: an experimental test in the salmon louse <i>Lepeophtheirus salmonis</i>,FALSE,matched,,2026-08-16T04:01:13Z,2026-11-14T04:01:13Z
10.1099/acmi.0.001029.v3,https://openalex.org/W7128595236,Genomic screening of eight antibiotic-resistant Pseudomonas isolated from rainbow trout (Oncorhynchus mykiss),FALSE,matched,,2026-08-16T04:01:13Z,2026-11-14T04:01:13Z
10.1101/2024.08.20.608766,https://openalex.org/W4401845093,Structure of the T=13 capsid of infectious pancreatic necrosis virus (IPNV) - a salmonid birnavirus,FALSE,matched,,2026-08-16T04:01:13Z,2026-11-14T04:01:13Z
10.1101/2024.11.05.622028,https://openalex.org/W4404060307,Differential Ubiquitination of Host Proteins in Response to IPNV and ISAV viruses in Atlantic salmon,FALSE,matched,,2026-08-16T04:01:13Z,2026-11-14T04:01:13Z
10.1101/2024.11.13.623509,https://openalex.org/W4404451464,Novel Library Assembly Technique for Developing Nanobodies Targeting IPNv VP2 Protein,FALSE,matched,,2026-08-16T04:01:13Z,2026-11-14T04:01:13Z
10.1101/2024.11.23.625002,https://openalex.org/W4404665176,Heat stress impacts the gut microbiome of Atlantic salmon by promoting growth of Vibrionaceae and is associated with extensive cast production,FALSE,matched,,2026-08-16T04:01:13Z,2026-11-14T04:01:13Z
10.1101/2024.12.11.627915,https://openalex.org/W4405385456,Rapamycin induced autophagy enhances lipid breakdown and ameliorates lipotoxicity in Atlantic salmon cells,FALSE,matched,,2026-08-16T04:01:13Z,2026-11-14T04:01:13Z
10.1101/2025.01.30.635334,https://openalex.org/W4407047232,Major antigenic differences in <i>Aeromonas salmonicida</i> isolates correlate with the emergence of a new strain causing furunculosis in Chilean salmon farms,FALSE,matched,,2026-08-16T04:01:13Z,2026-11-14T04:01:13Z
10.1101/2025.03.20.644265,https://openalex.org/W4408765629,Virus-inclusive single-nucleus RNA sequencing reveals two distinct endothelial response patterns in infectious salmon anaemia,FALSE,matched,,2026-08-16T04:01:13Z,2026-11-14T04:01:13Z
10.1101/2025.07.01.662619,https://openalex.org/W4412053804,Gene gain and loss drive the diversification of gig immune genes in teleosts: structural and regulatory insights from Atlantic salmon,FALSE,matched,,2026-08-16T04:01:13Z,2026-11-14T04:01:13Z
10.1101/2025.08.06.669027,https://openalex.org/W4413109550,Use of the Pacific oyster ( <i>Magallana gigas</i> ) as a natural sampler for the detection of <i>Neoparamoeba perurans</i>,FALSE,matched,,2026-08-16T04:01:13Z,2026-11-14T04:01:13Z
10.1101/2025.09.30.679454,https://openalex.org/W4414717459,Ecological dynamics of the Atlantic salmon gut microbiota across developmental phases and geographic regions,FALSE,matched,,2026-08-16T04:01:13Z,2026-11-14T04:01:13Z
10.1109/access.2026.3669848,https://openalex.org/W7133216458,Automatic Detection of <i>Beggiatoa</i> Microbial Mats in Salmon Farms Videos,FALSE,matched,,2026-08-16T04:01:13Z,2026-11-14T04:01:13Z
10.1109/aide69088.2026.11544253,https://openalex.org/W7163664155,Establishing a lightweight CNN Baseline on the SalmonScan Dataset for Fish Disease Detection,FALSE,matched,,2026-08-16T04:01:13Z,2026-11-14T04:01:13Z
10.1109/oceans55160.2024.10754571,https://openalex.org/W4404689385,Advancing Precision Aquaculture Through Big Data Analytics and Machine Learning in Canadian Fish Farming,FALSE,matched,,2026-08-16T04:01:13Z,2026-11-14T04:01:13Z
10.1111/1365-2656.70051,https://openalex.org/W4410498154,Salmon lice from aquaculture reduce marine survival of Atlantic salmon,FALSE,matched,,2026-08-16T04:01:13Z,2026-11-14T04:01:13Z
10.1111/1365-2656.70123,https://openalex.org/W4413955005,Limited inbreeding avoidance at the gamete level despite inbreeding depression in Atlantic salmon ( <i>Salmo salar</i> ),FALSE,matched,,2026-08-16T04:01:13Z,2026-11-14T04:01:13Z
10.1111/ajae.70028,https://openalex.org/W4415992728,Matching property rights and transboundary ecological processes: The case of Norwegian salmon aquaculture,FALSE,matched,,2026-08-16T04:01:13Z,2026-11-14T04:01:13Z
10.1111/ajph.70030,https://openalex.org/W4415685740,Tasmania January to June 2025,FALSE,matched,,2026-08-16T04:01:13Z,2026-11-14T04:01:13Z
10.1111/ele.70356,https://openalex.org/W7135041917,Correction to ‘Domestication‐Admixed Atlantic Salmon ( <scp> <i>Salmo salar</i> </scp> ) Establish a Productive Population in the Wild’,FALSE,matched,,2026-08-16T04:01:13Z,2026-11-14T04:01:13Z
10.1111/eva.70214,https://openalex.org/W7136557642,Selection Against Hybrids Maintains Genetic Divergence Between Populations of a Coastal Cleaner Fish Translocated Across a Genetic Break,FALSE,matched,,2026-08-16T04:01:13Z,2026-11-14T04:01:13Z
10.1111/eva.70278,https://openalex.org/W7162859085,Farmed Escapees Threaten MHC Diversity in Wild Atlantic Salmon,FALSE,matched,,2026-08-16T04:01:13Z,2026-11-14T04:01:13Z
10.1111/jbi.15047,https://openalex.org/W4404824921,The Pathobiome of <scp><i>Salmo trutta</i></scp> From the North Sea to the Barents Sea,FALSE,matched,,2026-08-16T04:01:13Z,2026-11-14T04:01:13Z
10.1111/jfb.16003,https://openalex.org/W4404883610,"Behavioral, haematological, and physiological effects of oxygen‐rich spray after simulated catch and release in rainbow trout (<i>Oncorhynchus mykiss</i>)",FALSE,matched,,2026-08-16T04:01:13Z,2026-11-14T04:01:13Z
10.1111/jfb.16004,https://openalex.org/W4405013530,Sequence of formation and inheritance of meristic variation in the post‐cranial axial skeleton of <scp>Atlantic</scp> salmon (<i>Salmo salar</i>),FALSE,matched,,2026-08-16T04:01:13Z,2026-11-14T04:01:13Z
10.1111/jfb.16006,https://openalex.org/W4404710303,Welfare and resilience in aquaculture,FALSE,matched,,2026-08-16T04:01:13Z,2026-11-14T04:01:13Z
10.1111/jfb.70009,https://openalex.org/W4408070435,Synergistic effects of infectious haematopoietic necrosis virus and <scp><i>Flavobacterium psychrophilum</i></scp> co‐infection on the mortality and pathophysiology of masu salmon parr <scp><i>Oncorhynchus masou</i></scp>,FALSE,matched,,2026-08-16T04:01:13Z,2026-11-14T04:01:13Z
10.1111/jfb.70013,https://openalex.org/W4408246127,"Morphological and metabarcoding dietary analysis of the cunner wrasse (<scp><i>Tautogolabrus adspersus</i></scp>) revealed significant regional variation, with large overlap between its common prey species and biofouling animals living on salmonid sea cages",FALSE,matched,,2026-08-16T04:01:13Z,2026-11-14T04:01:13Z
10.1111/jfb.70068,https://openalex.org/W4410215284,Body size of male Atlantic salmon (<scp><i>Salmo salar</i></scp> L.) at introduction of a 5‐week <scp>LD12</scp>:12 winter signal influences their decision to mature early or smoltify,FALSE,matched,,2026-08-16T04:01:13Z,2026-11-14T04:01:13Z
10.1111/jfb.70315,https://openalex.org/W7124438544,Effects of dietary supplementation of safflower seed oil ( <scp> <i>Carthamus tinctorius</i> </scp> ) on rainbow trout growth and physiological parameters ( <scp> <i>Oncorhynchus mykiss</i> </scp> W.),FALSE,matched,,2026-08-16T04:01:13Z,2026-11-14T04:01:13Z
10.1111/jfd.14044,https://openalex.org/W4404286645,Inter‐Laboratory Comparison of <scp>qPCR</scp> Assays for <scp><i>Piscirickettsia salmonis</i></scp> in Atlantic Salmon (<scp><i>Salmo salar</i></scp> L.) in 11 Chilean Laboratories,FALSE,matched,,2026-08-16T04:01:13Z,2026-11-14T04:01:13Z
10.1111/jfd.14063,https://openalex.org/W4405285326,Melanisation in Salmonid Skeletal Muscle: A Review,FALSE,matched,,2026-08-16T04:01:13Z,2026-11-14T04:01:13Z
10.1111/jfd.14088,https://openalex.org/W4407981086,Experimental Challenge of Chinook Salmon (<i>Oncorhynchus tshawytscha</i>) With <i>Tenacibaculum maritimum</i> and <i>Tenacibaculum dicentrarchi</i> Fulfils Koch's Postulates,FALSE,matched,,2026-08-16T04:01:13Z,2026-11-14T04:01:13Z
10.1111/jfd.14107,https://openalex.org/W4407746018,Phylogenetic Diversity and Geographic Distribution of Atlantic Salmon Calicivirus in Major Salmon Farming Regions,FALSE,matched,,2026-08-16T04:01:13Z,2026-11-14T04:01:13Z
10.1111/jfd.14136,https://openalex.org/W4409679261,Trends in Abundance of Sea Lice <scp><i>Lepeophtheirus salmonis</i></scp> and <scp><i>Caligus clemensi</i></scp> on Juvenile Wild Pacific Salmon Unchanged Following Cessation of Salmon Aquaculture in Coastal British Columbia,FALSE,matched,,2026-08-16T04:01:13Z,2026-11-14T04:01:13Z
10.1111/jfd.70013,https://openalex.org/W4411895358,Efficacy of a Vaccine for Atlantic Salmon ( <i>Salmo salar</i> ) Using a <i>Tenacibaculum dicentrarchi</i> Strain Cultured Under Iron‐Limited Conditions,FALSE,matched,,2026-08-16T04:01:13Z,2026-11-14T04:01:13Z
10.1111/jfd.70028,https://openalex.org/W4412488909,<scp> <i>Saprolegnia parasitica</i> S1 </scp> and <scp>S2</scp> Strains Differ in Zoospore Transition Timing and Pathogenicity Against Juvenile Atlantic Salmon ( <scp> <i>Salmo salar</i> </scp> ),FALSE,matched,,2026-08-16T04:01:13Z,2026-11-14T04:01:13Z
10.1111/jfd.70042,https://openalex.org/W4413877061,"Infectious Pancreatic Necrosis Virus Can Be Transmitted Through Cohabitation From Atlantic Cod ( <i>Gadus morhua</i> ) to Atlantic Cod, Atlantic Salmon ( <i>Salmo salar</i> ), Atlantic Halibut ( <i>Hippoglossus hippiglossus</i> ) and Lumpfish ( <i>Cyclopterus lumpus</i> )",FALSE,matched,,2026-08-16T04:01:13Z,2026-11-14T04:01:13Z
10.1111/jfd.70047,https://openalex.org/W4413288531,"Epidemiological Insights Into Infectious Pancreatic Necrosis Virus: Detection, Distribution and Persistence in Chilean Salmon Farms",FALSE,matched,,2026-08-16T04:01:13Z,2026-11-14T04:01:13Z
10.1111/jfd.70055,https://openalex.org/W4413614260,Computer Vision Detects an Association Between Gross Gill Score and Ventilation Rates in Farmed Atlantic Salmon ( <i>Salmo salar</i> ),FALSE,matched,,2026-08-16T04:01:13Z,2026-11-14T04:01:13Z
10.1111/jfd.70068,https://openalex.org/W4415073037,First Detection of <i>Lactococcus formosensis</i> subsp. <i>formosensis</i> in Rainbow Trout ( <i>Oncorhynchus mykiss</i> ) in Europe,FALSE,matched,,2026-08-16T04:01:13Z,2026-11-14T04:01:13Z
10.1111/jfd.70097,https://openalex.org/W4417155699,Epidemiology of Salmonid Rickettsial Septicemia ( <scp>SRS</scp> ) in Farmed Salmon: The Role of Sea Lice Infestations in Mortality Risk,FALSE,matched,,2026-08-16T04:01:13Z,2026-11-14T04:01:13Z
10.1111/jfd.70149,https://openalex.org/W7130852807,"Identification, Characterisation, and Pathogenic Potential of Chilean Isolates of <i>Tenacibaculum finnmarkense</i> Recovered From Coinfection in Farmed Salmonids",FALSE,matched,,2026-08-16T04:01:13Z,2026-11-14T04:01:13Z
10.1111/jfd.70162,https://openalex.org/W7137338290,First Strike: Description of the Events at the First Salmon Farm Affected by the 2025 Algal Bloom in Northern Norway,FALSE,matched,,2026-08-16T04:01:13Z,2026-11-14T04:01:13Z
10.1111/jfd.70166,https://openalex.org/W7138274460,Sub‐Inhibitory Concentrations of Florfenicol Modulate the Expression of Biofilm Formation and Antibiotic Resistance‐Associated Genes in Biofilm‐Embedded <i>Piscirickettsia salmonis</i>,FALSE,matched,,2026-08-16T04:01:13Z,2026-11-14T04:01:13Z
10.1111/jfd.70179,https://openalex.org/W7153125283,"Branchial Arteritis in Rainbow Trout, <i>Oncorhynchus mykiss</i> (Walbaum, 1792): A Novel Pathology Associated With Environmental and Infectious Stressors",FALSE,matched,,2026-08-16T04:01:13Z,2026-11-14T04:01:13Z
10.1111/jfd.70180,https://openalex.org/W7149246872,Melanized Focal Changes in the Fillets of Farmed Atlantic Salmon: A Clinical Report From a Deep‐Sea Production Site,FALSE,matched,,2026-08-16T04:01:13Z,2026-11-14T04:01:13Z
10.1111/jfd.70182,https://openalex.org/W7151825478,Sea Lice ( <i>Lepeophtheirus salmonis</i> ) Harbour Putative Fish Pathogens: Insights From Illumina and Nanopore Sequencing,FALSE,matched,,2026-08-16T04:01:13Z,2026-11-14T04:01:13Z
10.1111/jfd.70203,https://openalex.org/W7161383328,Serotypic and Genomic Diversity of <scp> <i>Vibrio anguillarum</i> </scp> in Rainbow Trout Farms in Turkey: Implications for Vibriosis Control and Vaccine Candidate Selection,FALSE,matched,,2026-08-16T04:01:13Z,2026-11-14T04:01:13Z
10.1111/jwas.13106,https://openalex.org/W4403947997,"The impact of apple cider vinegar on nonalcoholic fatty liver disease in rainbow trout, <i>Oncorhynchus mykiss</i>: A study of therapeutic potential and health benefits",FALSE,matched,,2026-08-16T04:01:13Z,2026-11-14T04:01:13Z
10.1111/jwas.70026,https://openalex.org/W4412679853,"Evaluation of the nutritional value of sorghum grain for rainbow trout, <i>Oncorhynchus mykiss</i> and hybrid striped bass, <i>Morone chrysops</i> × <i>Morone saxatilis</i>",FALSE,matched,,2026-08-16T04:01:13Z,2026-11-14T04:01:13Z
10.1111/jwas.70080,https://openalex.org/W7134175281,"Utilizing a consumer taste panel to assess the geosmin sensory detection threshold in market‐size Atlantic salmon, <i>Salmo salar</i> , produced in land‐based aquaculture systems",FALSE,matched,,2026-08-16T04:01:13Z,2026-11-14T04:01:13Z
10.1111/jwas.70125,https://openalex.org/W7168152841,Economic effects of disease outbreaks on U.S. salmonid farms,FALSE,matched,,2026-08-16T04:01:13Z,2026-11-14T04:01:13Z
10.1111/raq.70007,https://openalex.org/W4408418084,Viral Pathogens in Free‐Living Salmonids: Aquaculture and Ecosystem Implications,FALSE,matched,,2026-08-16T04:01:13Z,2026-11-14T04:01:13Z
10.1111/raq.70050,https://openalex.org/W4411347180,"Response to Stige <scp>LC</scp>, Vollset <scp>KW</scp>, Diserud O, et al. ‘Comment on Van Nes, Imsland and Jones “Salmon Lice Biology, Environmental Factors, and Smolt Behaviour With Implications for the Norwegian Salmon Farming Management System: A Critical Review”’",FALSE,matched,,2026-08-16T04:01:13Z,2026-11-14T04:01:13Z
10.1111/raq.70076,https://openalex.org/W4413382500,Reviewing the Severity of Handling‐Induced Injuries in the <scp>LAKSVEL</scp> Protocol for Salmon Welfare,FALSE,matched,,2026-08-16T04:01:13Z,2026-11-14T04:01:13Z
10.1111/raq.70109,https://openalex.org/W4416331529,Welfare Indicators for Aquaculture Research: Toolboxes for Five Farmed European Fish Species,FALSE,matched,,2026-08-16T04:01:13Z,2026-11-14T04:01:13Z
10.1111/raq.70139,https://openalex.org/W7134191501,Existing Soundscapes and the Impact of Noise on the Welfare of Farmed Salmonids: A Review,FALSE,matched,,2026-08-16T04:01:13Z,2026-11-14T04:01:13Z
10.1111/raq.70175,https://openalex.org/W7164574735,Risk Is Not Equal to Impact: The Challenges of Developing a Traffic Light System to Regulate Farmed Salmon Production on an Ecosystem Scale,FALSE,matched,,2026-08-16T04:01:13Z,2026-11-14T04:01:13Z
10.1115/omae2025-155958,https://openalex.org/W4413391829,Experimental and Numerical Study on the Effects of Configuration on Motion Responses of Spar-Type Floating Structure and Aquaculture Net Cage Under Regular Waves,FALSE,matched,,2026-08-16T04:01:13Z,2026-11-14T04:01:13Z
10.1128/aem.01448-24,https://openalex.org/W4406233502,Methylation of foreign DNA overcomes the restriction barrier of <i>Flavobacterium psychrophilum</i> and allows efficient genetic manipulation,FALSE,matched,,2026-08-16T04:01:13Z,2026-11-14T04:01:13Z
10.1128/aem.01560-25,https://openalex.org/W7116694733,Mobile-CRISPRi as a tool for genetic manipulation in the intracellular pathogen <i>Piscirickettsia salmonis</i>,FALSE,matched,,2026-08-16T04:01:13Z,2026-11-14T04:01:13Z
10.1128/jvi.01454-24,https://openalex.org/W4406468250,Structure of the T=13 capsid of infectious pancreatic necrosis virus (IPNV)—a salmonid birnavirus,FALSE,matched,,2026-08-16T04:01:13Z,2026-11-14T04:01:13Z
10.1128/mbio.03821-24,https://openalex.org/W4408504655,<i>Piscirickettsia salmonis</i> pathogenicity: using the damage-response framework to look beyond smoke and mirrors,FALSE,matched,,2026-08-16T04:01:13Z,2026-11-14T04:01:13Z
10.1130/abs/2025am-5154,https://openalex.org/W4417219958,Pristine or Polluted? Preliminary Analytical Methods for Assessing Salmon Aquaculture Impacts in Southern Chilean Fjords,FALSE,matched,,2026-08-16T04:01:13Z,2026-11-14T04:01:13Z
10.1139/cjfas-2025-0040,https://openalex.org/W7160393738,Modelling the potential exposure of Atlantic Salmon post-smolts to the infectious salmon anemia virus during simulated outbreaks at salmon farms,FALSE,matched,,2026-08-16T04:01:13Z,2026-11-14T04:01:13Z
10.1139/cjfas-2025-0243,https://openalex.org/W7140218273,"Salmon aquaculture elevates Atlantic salmon eDNA, but not pathogen eDNA across First Nations’ territories in the Broughton Archipelago",FALSE,matched,,2026-08-16T04:01:13Z,2026-11-14T04:01:13Z
10.1155/anu/3450813,https://openalex.org/W7160002268,"Dietary Supplementation With CoQ10 and Sel‐Plex Mitigates the Effects of Elevated Water Temperature on Performance, Digestive Physiology, Immune Competence, and Antioxidant Balance in Rainbow Trout",FALSE,matched,,2026-08-16T04:01:13Z,2026-11-14T04:01:13Z
10.1155/anu/4185490,https://openalex.org/W7167043423,"DHA‐Rich Algae Feed Modulates Atlantic Salmon Health, Microbiota and Stress Response",FALSE,matched,,2026-08-16T04:01:13Z,2026-11-14T04:01:13Z
10.1155/are/3037374,https://openalex.org/W7164819293,Musculoskeletal Assessment of Rainbow Trout ( <i>Oncorhynchus mykiss</i> ) Reared in a Photoelectrocatalysis (PEC)‐Based Recirculating Aquaculture System,FALSE,matched,,2026-08-16T04:01:13Z,2026-11-14T04:01:13Z
10.1155/are/4018594,https://openalex.org/W4410379844,A Case Study Documenting Growth and Welfare of Atlantic Salmon Reared to Market Size in a Novel Commercial Hybrid Flow‐Through System in Norway: A Comparison With Fish Performance in Traditional Sea Sites,FALSE,matched,,2026-08-16T04:01:13Z,2026-11-14T04:01:13Z
10.1155/are/5766162,https://openalex.org/W4414290672,"Dietary Protein‐to‐Lipid Ratio Influences Feed Intake and Utilization, Body Composition, Fatty Acid Metabolism, and Testicular Growth in Atlantic Salmon Postsmolt",FALSE,matched,,2026-08-16T04:01:13Z,2026-11-14T04:01:13Z
10.1155/are/7780608,https://openalex.org/W4417228905,Factors Contributing to Lower the Biological Risk for Atlantic Salmon ( <i>Salmo salar</i> ) in Well‐Boat Operations: A Qualitative Study,FALSE,matched,,2026-08-16T04:01:13Z,2026-11-14T04:01:13Z
10.1155/tbed/4690289,https://openalex.org/W7164848013,Diagnosis of Weissellosis in Cultured Rainbow Trout in Costa Rica Further Evidence Emergence of <i>Weissella tructae</i> as Important Pathogen of Salmonids in Latin America,FALSE,matched,,2026-08-16T04:01:13Z,2026-11-14T04:01:13Z
10.1163/23524588-bja10361,https://openalex.org/W7131669158,Deep learning-based computer vision for assessing the palatability of dietary black soldier fly (Hermetia illucens) larvae meal in rainbow trout,FALSE,matched,,2026-08-16T04:01:13Z,2026-11-14T04:01:13Z
10.1177/02783649261453998,https://openalex.org/W7165117183,Energy-optimal linear quadratic tracking control for unmanned underwater vehicles in offshore aquaculture fish net-pen visual inspection,FALSE,matched,,2026-08-16T04:01:13Z,2026-11-14T04:01:13Z
10.1177/10406387241310900,https://openalex.org/W4406957627,Assessment of a semiquantitative scoring system for mild-to-moderate gill lesions in Atlantic salmon reared in recirculating aquaculture systems in Norway,FALSE,matched,,2026-08-16T04:01:13Z,2026-11-14T04:01:13Z
10.1186/s12864-024-11019-1,https://openalex.org/W4404902209,Integrated miRNA-seq and functional analyses reveal the regulatory role of sha-miR-92a_L + 2R + 4 via targeting vegfaa in rainbow trout (Oncorhynchus mykiss) responding to acute hypoxia and reoxygenation stress,FALSE,matched,,2026-08-16T04:01:13Z,2026-11-14T04:01:13Z
10.1186/s12864-024-11096-2,https://openalex.org/W4405514971,"QTL mapping provides new insights into emamectin benzoate resistance in salmon lice, Lepeophtheirus salmonis",FALSE,matched,,2026-08-16T04:01:13Z,2026-11-14T04:01:13Z
10.1186/s12864-025-11482-4,https://openalex.org/W4408787902,Application of genomic tools to study and potentially improve the upper thermal tolerance of farmed Atlantic salmon (Salmo salar),FALSE,matched,,2026-08-16T04:01:13Z,2026-11-14T04:01:13Z
10.1186/s13567-025-01605-w,https://openalex.org/W4414908046,Effects of glucocorticoid receptor activation on gene expression and antiviral responses in Atlantic salmon (Salmo salar L.) red blood cells,FALSE,matched,,2026-08-16T04:01:13Z,2026-11-14T04:01:13Z
10.1186/s42523-025-00469-x,https://openalex.org/W4415585114,Modulatory effects of Boletus edulis on the gut microbiota in Atlantic salmon (Salmo salar) utilizing an artificial teleost gut model,FALSE,matched,,2026-08-16T04:01:13Z,2026-11-14T04:01:13Z
10.1201/9781003323129-10,https://openalex.org/W4412787414,Advances and Constraints of Integrated Multi-Trophic Aquaculture (IMTA) Development in Coastal Ecosystems,FALSE,matched,,2026-08-16T04:01:13Z,2026-11-14T04:01:13Z
10.1242/jeb.249862,https://openalex.org/W4410309633,Chronic stress and the development of a depression-like neuroendocrine profile in Atlantic salmon,FALSE,matched,,2026-08-16T04:01:13Z,2026-11-14T04:01:13Z
10.12681/jhvms.38603,https://openalex.org/W4412841485,"A study on the use of tea (Camellia sinensis) flower extract in the feed of rainbow trout (Oncorhynchus mykiss): Growth, body composition, and hematological blood parameters",FALSE,matched,,2026-08-16T04:01:13Z,2026-11-14T04:01:13Z
10.12731/2658-6649-2025-17-6-2-1534,https://openalex.org/W7124827481,"The effect of probiotic-enriched feed on aquaculture-biological parameters of rainbow trout Oncorhynchus mykiss (Walbaum, 1792) during early ontogeny",FALSE,matched,,2026-08-16T04:01:13Z,2026-11-14T04:01:13Z
10.13016/m2uypw-a1us,https://openalex.org/W7165755275,"An Acquired Taste: Geosmin Biokinetics, Tissue Distribution, and Treatment Modeling for Atlantic Salmon in Recirculating Aquaculture",FALSE,matched,,2026-08-16T04:01:13Z,2026-11-14T04:01:13Z
10.1371/journal.pone.0311073,https://openalex.org/W4408401245,"The digestion time for salmon louse (Lepeoptheirus salmonis) in lumpfish (Cyclopterus lumpus) in relation to freshness, developmental stage, and temperature",FALSE,matched,,2026-08-16T04:01:13Z,2026-11-14T04:01:13Z
10.1371/journal.pone.0311522,https://openalex.org/W4404105762,Fishy business in Seattle: Salmon mislabeling fraud in sushi restaurants vs grocery stores,FALSE,matched,,2026-08-16T04:01:13Z,2026-11-14T04:01:13Z
10.1371/journal.pone.0313464,https://openalex.org/W4410152832,In-depth investigation of genome to refine QTL positions for spontaneous sex-reversal in XX rainbow trout,FALSE,matched,,2026-08-16T04:01:13Z,2026-11-14T04:01:13Z
10.1371/journal.pone.0322261.s003,https://openalex.org/W7111201792,Welfare data.,FALSE,matched,,2026-08-16T04:01:13Z,2026-11-14T04:01:13Z
10.1371/journal.pone.0349197,https://openalex.org/W7161556343,Impact of vitamin D on gene expression in Atlantic salmon skin,FALSE,matched,,2026-08-16T04:01:13Z,2026-11-14T04:01:13Z
10.15406/jamb.2025.14.00428,https://openalex.org/W7160846173,"Infectious threats to salmon aquaculture: epidemiological insights, pathological impacts, and management measures",FALSE,matched,,2026-08-16T04:01:13Z,2026-11-14T04:01:13Z
10.15586/ijfs.v38i2.3600,https://openalex.org/W7160855354,Environmental effects on nutrient composition of Turkish Salmon (&lt;i&gt;Oncorhynchus mykiss&lt;/i&gt;): a comparison between marine and reservoir systems,FALSE,matched,,2026-08-16T04:01:13Z,2026-11-14T04:01:13Z
10.15666/aeer/2301_023040,https://openalex.org/W4407065863,COMPARATIVE GENETICS AND GENOMICS OF ATLANTIC SALMON (SALMO SALAR L.) POPULATIONS IN NORWAY AND IRAQ,FALSE,matched,,2026-08-16T04:01:13Z,2026-11-14T04:01:13Z
10.1590/0103-8478cr20250098,https://openalex.org/W4415283302,"Resource-use efficiency analysis of rainbow trout farms in rural areas: a case study from Adana, Taurus Mountains, Türkiye",FALSE,matched,,2026-08-16T04:01:13Z,2026-11-14T04:01:13Z
10.17533/udea.rccp.e359311,https://openalex.org/W4409011641,Prevalence and Causes of Skeletal Deformities in Cultured Juvenile Oncorhynchus mykiss. Skeletal Deformities in Cultured Juvenile Oncorhynchus mykiss,FALSE,matched,,2026-08-16T04:01:13Z,2026-11-14T04:01:13Z
10.17535/crorr.2025.0015,https://openalex.org/W4409108402,Inverse cost and revenue efficiency in network processes with uncontrollable inputs,FALSE,matched,,2026-08-16T04:01:13Z,2026-11-14T04:01:13Z
10.17930/agl202427,https://openalex.org/W7164746617,"ASSESSING THE IMPACT OF ENVIRONMENTAL FACTORS ON GROWTH TRAITS OF Oncorhynchus mykiss (Walbaum, 1792) IN A RECIRCULATING AQUACULTURE SYSTEM: A CASE STUDY",FALSE,matched,,2026-08-16T04:01:13Z,2026-11-14T04:01:13Z
10.18016/ksutarimdoga.vi.1537643,https://openalex.org/W4405598506,A Research on Growth and Meat Quality Parameters and Economic Conversion Rates of Different Feeding Regimes Applied to Cultured Large Rainbow Trout (Oncorhynchus mykiss) in Net Cages in the Black Sea,FALSE,matched,,2026-08-16T04:01:13Z,2026-11-14T04:01:13Z
10.18016/ksutarimdoga.vi.1659772,https://openalex.org/W4413378491,Oncorhynchus mykiss Microplastic Exposure: Impacts and Research Gaps,FALSE,matched,,2026-08-16T04:01:13Z,2026-11-14T04:01:13Z
10.18174/681487,https://openalex.org/W7123947433,Envisage phenotyping : integrating artificial intelligence in image analysis for selective breeding in aquaculture,FALSE,matched,,2026-08-16T04:01:13Z,2026-11-14T04:01:13Z
10.18174/681516,https://openalex.org/W4416789843,Poo matters : Determinants of faecal quality in salmonids,FALSE,matched,,2026-08-16T04:01:13Z,2026-11-14T04:01:13Z
10.18174/681541,https://openalex.org/W4417033995,Swimming in unsteady flows: physiological assessments of salmonid exercise performance,FALSE,matched,,2026-08-16T04:01:13Z,2026-11-14T04:01:13Z
10.18174/sesmo.18750,https://openalex.org/W4407443812,“Knowledge Strength”: maximising the reliability of evidence derived from environmental modelling in the face of uncertainty – the case of the salmon louse (&lt;i&gt;Lepeophtheirus salmonis&lt;/i&gt;),FALSE,matched,,2026-08-16T04:01:13Z,2026-11-14T04:01:13Z
10.20935/acadbiol7703,https://openalex.org/W4410771341,The spatiotemporal distribution and risk factors of amoebic gill disease in the Chilean salmon farms 2013–2022,FALSE,matched,,2026-08-16T04:01:13Z,2026-11-14T04:01:13Z
10.20944/preprints202412.0973.v1,https://openalex.org/W4405309549,"Long-Term Protection in Atlantic Salmon (Salmo salar) to Pancreas Disease (Pd) Can Be Achieved Through Immunization with Genetically Modified, Live Attenuated Salmonid Alphavirus 3",FALSE,matched,,2026-08-16T04:01:13Z,2026-11-14T04:01:13Z
10.20944/preprints202502.2273.v1,https://openalex.org/W4408082430,"The Effect of a Polypeptide on Fish Welfare and Infestation of Salmon Lice, &lt;i&gt;Lepeophtheirus salmonis, &lt;/i&gt;in Sea Cages with Atlantic Salmon (&lt;i&gt;Salmo salar&lt;/i&gt; L.)",FALSE,matched,,2026-08-16T04:01:13Z,2026-11-14T04:01:13Z
10.20944/preprints202606.2279.v1,https://openalex.org/W7167046268,"Immunogenicity and Growth Response of Atlantic Salmon to Dietary Inclusion of Marine Diatom, &lt;em&gt;Skeletonema marinoi&lt;/em&gt;",FALSE,matched,,2026-08-16T04:01:13Z,2026-11-14T04:01:13Z
10.21203/rs.3.rs-5433938/v1,https://openalex.org/W4405314875,First report of Gyrodactylus teuchis (Monopisthocotyla: Gyrodactylidae) in farmed rainbow trout Oncorhynchus mykiss from Eastern Europe,FALSE,matched,,2026-08-16T04:01:13Z,2026-11-14T04:01:13Z
10.21203/rs.3.rs-6010748/v1,https://openalex.org/W4407550874,Genetic variation of hypoxia tolerance in farmed fish: a systematic review for selective breeding purposes,FALSE,matched,,2026-08-16T04:01:13Z,2026-11-14T04:01:13Z
10.21203/rs.3.rs-6152746/v1,https://openalex.org/W4409002739,The Climate Change Impact of Finnish Fish Products,FALSE,matched,,2026-08-16T04:01:13Z,2026-11-14T04:01:13Z
10.21203/rs.3.rs-6178047/v1,https://openalex.org/W4409548478,Identification of breeders’ smQTL and candidate genes associated with growth and fillet quality in Rainbow Trout (Oncorhynchus mykiss) with meta-analysis of QTLs,FALSE,matched,,2026-08-16T04:01:13Z,2026-11-14T04:01:13Z
10.21203/rs.3.rs-6653910/v1,https://openalex.org/W4410515112,"Precision Farming in Aquaculture: Assessing gill health in Atlantic salmon (Salmo salar) using a non-invasive, AI-driven behavioural monitoring approach in commercial farms",FALSE,matched,,2026-08-16T04:01:13Z,2026-11-14T04:01:13Z
10.21203/rs.3.rs-6937259/v1,https://openalex.org/W4411971062,Impact of Different Aquaculture Densities on the Growth Performance and Intestinal Health of Triploid Rainbow Trout (Oncorhynchus mykiss) Fry in High-Altitude Environments,FALSE,matched,,2026-08-16T04:01:13Z,2026-11-14T04:01:13Z
10.21203/rs.3.rs-7188452/v1,https://openalex.org/W4412990634,"First Field Evidence of Aerosolised Atlantic Salmon Viruses SGPV, ISAV-HPR0, and IPNV in Recirculating Aquaculture Systems (RAS): Implications for Pathogen Transmission and Biosecurity Risk",FALSE,matched,,2026-08-16T04:01:13Z,2026-11-14T04:01:13Z
10.21203/rs.3.rs-8373998/v1,https://openalex.org/W7130577654,Integrated approaches for pathogen monitoring and shotgun metagenomic analysis in Atlantic salmon farming,FALSE,matched,,2026-08-16T04:01:13Z,2026-11-14T04:01:13Z
10.21203/rs.3.rs-8845501/v1,https://openalex.org/W7135100263,Secretory/Excretory Protein (SEP) profiling of Lepeophtheirus salmonis (Gulen strain) copepodites induced by Dopamine: A comparative analysis between natural and artificial sea water,FALSE,matched,,2026-08-16T04:01:13Z,2026-11-14T04:01:13Z
10.21203/rs.3.rs-9135348/v1,https://openalex.org/W7152709868,CRISPR/Cas9-mediated mstnb1 disruption enhances growth in rainbow trout,FALSE,matched,,2026-08-16T04:01:13Z,2026-11-14T04:01:13Z
10.21203/rs.3.rs-9882223/v1,https://openalex.org/W7165613096,Climate analogues as a tool for marine aquaculture planning and adaptation,FALSE,matched,,2026-08-16T04:01:13Z,2026-11-14T04:01:13Z
10.2139/ssrn.5015007,https://openalex.org/W4404168954,Welfare and Survival of Farmed Ballan Wrasse (Labrus Bergylta) in Norwegian Commercial Atlantic Salmon (Salmo Salar) Production,FALSE,matched,,2026-08-16T04:01:13Z,2026-11-14T04:01:13Z
10.2139/ssrn.5062844,https://openalex.org/W4406213007,"Comment On Salmon Lice Biology, Environmental Factors, And Smolt Behaviour With Implications For The Norwegian Salmon Farming Management System: A Critical Review",FALSE,matched,,2026-08-16T04:01:13Z,2026-11-14T04:01:13Z
10.2139/ssrn.5127572,https://openalex.org/W4407238932,Piscine Orthoreovirus Genotype 3b (Prv-3b) in Rainbow Trout (Oncorhynchus Mykiss) Farmed in Peru,FALSE,matched,,2026-08-16T04:01:13Z,2026-11-14T04:01:13Z
10.2139/ssrn.5206443,https://openalex.org/W4409183932,Social Interactions Reveal Novel Behavioral Targets for Non-Invasive Monitoring of Stress and Welfare in Farmed Atlantic Salmon (Salmo Salar),FALSE,matched,,2026-08-16T04:01:13Z,2026-11-14T04:01:13Z
10.2139/ssrn.5225878,https://openalex.org/W4409680562,"Evaluation of an Innovative Automated Recirculating Aquaculture System (Ras) for the Cultivation of Rainbow Trout (Oncorhynchus Mykiss): Integrated Analysis of Water Quality Dynamics, Growth Performance, and Flesh Quality",FALSE,matched,,2026-08-16T04:01:13Z,2026-11-14T04:01:13Z
10.2139/ssrn.5269274,https://openalex.org/W4410741466,Impact Of Different Aquaculture Densities on the Growth Performance and Intestinal Health of Triploid Rainbow Trout ( Oncorhynchus Mykiss ) Fry in High-Altitude Environments,FALSE,matched,,2026-08-16T04:01:13Z,2026-11-14T04:01:13Z
10.2139/ssrn.5277619,https://openalex.org/W4411061294,Environmental Dna/Rna for Non-Invasive Early Detection and Monitoring of Pathogen Dynamics in Atlantic Salmon (Salmo Salar) Recirculating Aquaculture Systems (Ras),FALSE,matched,,2026-08-16T04:01:13Z,2026-11-14T04:01:13Z
10.2139/ssrn.5325962,https://openalex.org/W4411732461,The Contribution of Host Transfer in the Infection Dynamics of Caligus Elongatus and Lepeophtheirus Salmonis in a Salmon Farming Network,FALSE,matched,,2026-08-16T04:01:13Z,2026-11-14T04:01:13Z
10.2139/ssrn.5646077,https://openalex.org/W4415470407,Biological impacts and firm profitability: Evidence from Norwegian salmon aquaculture,FALSE,matched,,2026-08-16T04:01:13Z,2026-11-14T04:01:13Z
10.2139/ssrn.5700564,https://openalex.org/W7103880326,Snapshot hyperspectral imaging for production improvements in Atlantic salmon farming,FALSE,matched,,2026-08-16T04:01:13Z,2026-11-14T04:01:13Z
10.2139/ssrn.5927865,https://openalex.org/W7115582600,Ecological influences on biofouling associated with salmon aquaculture pen netting,FALSE,matched,,2026-08-16T04:01:13Z,2026-11-14T04:01:13Z
10.2139/ssrn.6172123,https://openalex.org/W7127586269,The impact of temperature at vaccination for vaccine efficacy in Atlantic Salmon aquaculture,FALSE,matched,,2026-08-16T04:01:13Z,2026-11-14T04:01:13Z
10.2139/ssrn.6190082,https://openalex.org/W7128297277,Early-warning detection of Flavobacterium psychrophilum spillover from fish farms using environmental DNA,FALSE,matched,,2026-08-16T04:01:13Z,2026-11-14T04:01:13Z
10.2139/ssrn.6190600,https://openalex.org/W7128588579,"Characterisation and differential expression of Atlantic salmon, Salmo salar, corticosteroid receptor paralogues following poly I:C and Vibrio anguillarum stimulations",FALSE,matched,,2026-08-16T04:01:13Z,2026-11-14T04:01:13Z
10.2139/ssrn.6313966,https://openalex.org/W7131871491,Recovery Dynamics and Ecological Resilience: A 20-Year Analysis of Benthic Ecosystem Response to Production Cycles in Cold-Water Aquaculture,FALSE,matched,,2026-08-16T04:01:13Z,2026-11-14T04:01:13Z
10.2139/ssrn.6315380,https://openalex.org/W7131892636,Biofilm communities in biofilters are directly structuring the rearing water microbiota in recirculating aquaculture systems (RAS) through dispersal of bacteria,FALSE,matched,,2026-08-16T04:01:13Z,2026-11-14T04:01:13Z
10.2139/ssrn.6353301,https://openalex.org/W7133976846,Bioassays with salmon lice (Lepeophtheirus salmonis) copepodites in microtiter plates,FALSE,matched,,2026-08-16T04:01:13Z,2026-11-14T04:01:13Z
10.2139/ssrn.6385301,https://openalex.org/W7134965963,Understanding Aquaculture Waste Through Fish-Mediated Stoichiometric Pathways,FALSE,matched,,2026-08-16T04:01:13Z,2026-11-14T04:01:13Z
10.2139/ssrn.6467284,https://openalex.org/W7140397895,Temperature during vaccination shapes antibody responses and protection against infectious salmon anemia in Atlantic salmon under different prime–boost vaccine strategies,FALSE,matched,,2026-08-16T04:01:13Z,2026-11-14T04:01:13Z
10.2139/ssrn.6482318,https://openalex.org/W7141934212,Renibacterium salmoninarum modulates the autophagy–lysosomal machinery in Atlantic salmon,FALSE,matched,,2026-08-16T04:01:13Z,2026-11-14T04:01:13Z
10.2139/ssrn.6521279,https://openalex.org/W7149279286,Landscape of structural variations (SVs) reveals the selection signatures of divergent salinity tolerance in landlocked rainbow trout (Oncorhynchus mykiss),FALSE,matched,,2026-08-16T04:01:13Z,2026-11-14T04:01:13Z
10.2139/ssrn.6546800,https://openalex.org/W7152625627,"Characterisation and differential expression of Atlantic salmon, Salmo salar, corticosteroid receptor paralogues following poly I:C and Vibrio anguillarum stimulations",FALSE,matched,,2026-08-16T04:01:13Z,2026-11-14T04:01:13Z
10.2139/ssrn.6571418,https://openalex.org/W7154050530,Bioassays with salmon lice (Lepeophtheirus salmonis) copepodites in microtiter plates,FALSE,matched,,2026-08-16T04:01:13Z,2026-11-14T04:01:13Z
10.2139/ssrn.6664898,https://openalex.org/W7156890380,Average Prices,FALSE,matched,,2026-08-16T04:01:13Z,2026-11-14T04:01:13Z
10.2139/ssrn.6667551,https://openalex.org/W7158776874,Freshwater Rearing History Shapes Feeding Behaviour and Performance of Sea Caged Atlantic Salmon: A Comparison of Flow-through and Recirculating Aquaculture systems,FALSE,matched,,2026-08-16T04:01:13Z,2026-11-14T04:01:13Z
10.2139/ssrn.6749398,https://openalex.org/W7160861178,Wrasses as cleaner fish for controlling salmon lice in fish farms,FALSE,matched,,2026-08-16T04:01:13Z,2026-11-14T04:01:13Z
10.2139/ssrn.6794758,https://openalex.org/W7161636453,Spatial and vertical distribution of aquaculture-derived organic matter and its impact on seafloor ecological functioning in Icelandic fjords,FALSE,matched,,2026-08-16T04:01:13Z,2026-11-14T04:01:13Z
10.2139/ssrn.6878380,https://openalex.org/W7163574918,"Prices and prevention: decomposing the Norwegian salmon cost explosion, 2016–2024",FALSE,matched,,2026-08-16T04:01:13Z,2026-11-14T04:01:13Z
10.2139/ssrn.6878384,https://openalex.org/W7163568555,"Prices and prevention: decomposing the Norwegian salmon cost explosion, 2016–2024",FALSE,matched,,2026-08-16T04:01:13Z,2026-11-14T04:01:13Z
10.2139/ssrn.6951659,https://openalex.org/W7164887444,Feasibility of microalgae-based recirculating aquaculture for rainbow trout (Oncorhynchus mykiss): a long-duration case study and operational parameters,FALSE,matched,,2026-08-16T04:01:13Z,2026-11-14T04:01:13Z
10.2139/ssrn.6957149,https://openalex.org/W7165051248,Quantification of cleaner fish effects on salmon production and welfare consequences,FALSE,matched,,2026-08-16T04:01:13Z,2026-11-14T04:01:13Z
10.2139/ssrn.6960900,https://openalex.org/W7165358002,"Atlantic salmon aquaculture in a changing climate: Quantitative insights from industry records and climate projections for Newfoundland, Canada",FALSE,matched,,2026-08-16T04:01:13Z,2026-11-14T04:01:13Z
10.2139/ssrn.6964483,https://openalex.org/W7165196305,Capture of off-flavors with cyclodextrin-functionalized viscose nonwoven in recirculating aquaculture system,FALSE,matched,,2026-08-16T04:01:13Z,2026-11-14T04:01:13Z
10.2139/ssrn.6986676,https://openalex.org/W7165612197,Assessing the impact of full-fat black soldier fly and yellow mealworm meals on the mucosal health and immune responses in Atlantic salmon (Salmo salar),FALSE,matched,,2026-08-16T04:01:13Z,2026-11-14T04:01:13Z
10.2139/ssrn.7073202,https://openalex.org/W7167612723,"Vitamin D concentration in farmed Atlantic salmon (Salmo salar) fillets across size, region, and season in Norway",FALSE,matched,,2026-08-16T04:01:13Z,2026-11-14T04:01:13Z
10.21603/2074-9414-2026-2-2634,https://openalex.org/W7166741280,Targeted and Untargeted Methods for Fish Quality Assessment (Oncorhynchus mykiss),FALSE,matched,,2026-08-16T04:01:13Z,2026-11-14T04:01:13Z
10.21703/0067-8767.1990.19.2538,https://openalex.org/W4390875515,"Polimorfismo cromosómico de dos poblaciones de la Trucha Arcoíris, Oncorhynchus mykiss (WALBAUM) de la zona central de Chile.",FALSE,matched,,2026-08-16T04:01:13Z,2026-11-14T04:01:13Z
10.22271/23940522.2024.v11.i6a.1060,https://openalex.org/W4405415638,The effect of dietary Aloe vera Aloe barbadensis supplementation on growth performance and survival of rainbow trout Oncorhynchus mykiss,FALSE,matched,,2026-08-16T04:01:13Z,2026-11-14T04:01:13Z
10.22392/actaquatr.1594067,https://openalex.org/W4410870275,"Diseases, Economic Losses and Treatment Methods in Trout (Oncorhynchus mykiss) Farming",FALSE,matched,,2026-08-16T04:01:13Z,2026-11-14T04:01:13Z
10.24423/archacoust.2026.4254,https://openalex.org/W7124440128,Laboratory Evaluation of Underwater Acoustic Attenuation Provided by Air Bubble Curtains,FALSE,matched,,2026-08-16T04:01:13Z,2026-11-14T04:01:13Z
10.24451/arbor.13383,https://openalex.org/W7133481086,Deep learning-based computer vision for assessing the palatability of dietary black soldier fly (Hermetia illucens) larvae meal in rainbow trout,FALSE,matched,,2026-08-16T04:01:13Z,2026-11-14T04:01:13Z
10.26187/deakin.32131351,https://openalex.org/W7158992225,Transcriptomic characterization of transitioning cell types in the skin of Atlantic salmon,FALSE,matched,,2026-08-16T04:01:13Z,2026-11-14T04:01:13Z
10.2754/avb202695020165,https://openalex.org/W7166565724,Dietary β-glucans modulate the internal environment and gut microbiome of rainbow trout (Oncorhynchus mykiss),FALSE,matched,,2026-08-16T04:01:13Z,2026-11-14T04:01:13Z
10.29011/2577-1515.100281,https://openalex.org/W4415278252,Effects of Shielding Skirts on Salmon Lice Infestation in Cage Aquaculture: A Brief Literature Review,FALSE,matched,,2026-08-16T04:01:13Z,2026-11-14T04:01:13Z
10.2903/j.efsa.2025.e231108,https://openalex.org/W4417458074,Risk prioritisation of (emerging) contaminants in aquaculture production,FALSE,matched,,2026-08-16T04:01:13Z,2026-11-14T04:01:13Z
10.29132/ijpas.1819325,https://openalex.org/W7117475542,"Isolation, Identification and Antibiotic Susceptibility of Janthinobacterium lividum from Rainbow Trout (Oncorhynchus mykiss) Cultured in Karkamış Dam Lake",FALSE,matched,,2026-08-16T04:01:13Z,2026-11-14T04:01:13Z
10.30638/eemj.2024.099,https://openalex.org/W4401700182,"EFFECT OF FEED ADDITIVES, Allium sativum AND Argana spinosa OIL ON THE GROWTH OF RAINBOW TROUT FINGERLINGS (Oncorhynchus mykiss) IN MOROCCO",FALSE,matched,,2026-08-16T04:01:13Z,2026-11-14T04:01:13Z
10.30871/jaic.v8i2.8677,https://openalex.org/W4405195764,Comparison of EfficientNetB1 Model Effectiveness in Identifying Fish Diseases in South Asian Fish Diseases and Salmon Fish Diseases,FALSE,matched,,2026-08-16T04:01:13Z,2026-11-14T04:01:13Z
10.31220/agrirxiv.2024.00285,https://openalex.org/W4404414728,The status of academic research on salmon farming: a scoping review protocol.,FALSE,matched,,2026-08-16T04:01:13Z,2026-11-14T04:01:13Z
10.3147/jsfp.60.69,https://openalex.org/W4412402191,Host Range and Specific Impact of Microsporidian &lt;i&gt;Inodosporus fujiokai&lt;/i&gt; Estimated by Infection Experiments: A Risk Analysis for Freshwater Aquaculture,FALSE,matched,,2026-08-16T04:01:13Z,2026-11-14T04:01:13Z
10.31857/s1026347024060024,https://openalex.org/W4405811612,"Influence of different lighting and feeding regimes on the expression of the &lt;i&gt;fadsd5, fadsd6, elovl2, elovl5a&lt;/i&gt; desaturase and elongase genes in the liver of juvenile Atlantic Salmon &lt;i&gt;Salmo salar&lt;/i&gt; L. under aquaculture conditions",FALSE,matched,,2026-08-16T04:01:13Z,2026-11-14T04:01:13Z
10.32372/4id-cb534mb,https://openalex.org/W4414895461,Pathological fingerprint of harmful algal blooms in farmed salmon from southern Chile,FALSE,matched,,2026-08-16T04:01:13Z,2026-11-14T04:01:13Z
10.32598/ijvm.20.1.1005623,https://openalex.org/W4415341371,Dietary Cirsium arvense Essential Oil Enhances Immunity and Disease Resistance in Rainbow Trout,FALSE,matched,,2026-08-16T04:01:13Z,2026-11-14T04:01:13Z
10.32598/ijvm.20.3.1005714,https://openalex.org/W7165379907,Long-time Immune Response of Rainbow Trout (Oncorhynchus mykiss) to a Local Yersiniosis Vaccine (Antiyersin) Under Farm Conditions,FALSE,matched,,2026-08-16T04:01:13Z,2026-11-14T04:01:13Z
10.32900/2312-8402-2025-133-196-205,https://openalex.org/W4410339383,AUTOPHAGIC FUNCTION OF THE LIVER OF VACCINATED RAINBOW TROUT (ONCORHYNCHUS MYKISS WALBAUM) FOLLOWING YERSINIA RUCKERI INFECTION,FALSE,matched,,2026-08-16T04:01:13Z,2026-11-14T04:01:13Z
10.32900/2312-8402-2025-134-279-292,https://openalex.org/W4414194919,TEMPORAL MODULATION OF OXIDATIVE STRESS AND ANTIOXIDANT CAPACITY IN RAINBOW TROUT (ONCORHYNCHUS MYKISS WALBAUM) FOLLOWING YERSINIA RUCKERI VACCINATION,FALSE,matched,,2026-08-16T04:01:13Z,2026-11-14T04:01:13Z
10.3354/ab00777,https://openalex.org/W7130340963,Migratory behavior and habitat use of Atlantic salmon Salmo salar and sea trout S. trutta smolts in relation to a marine protected area,FALSE,matched,,2026-08-16T04:01:13Z,2026-11-14T04:01:13Z
10.3354/aei00500,https://openalex.org/W4411920998,Fatty acid composition of northern shrimp Pandalus borealis in relation to salmon aquaculture locations in Northern Norway,FALSE,matched,,2026-08-16T04:01:13Z,2026-11-14T04:01:13Z
10.3354/aei00513,https://openalex.org/W4417185630,Role of flocculation in the spatial and temporal variation in organic matter flux at an active salmon aquaculture site in a deep fjord,FALSE,matched,,2026-08-16T04:01:13Z,2026-11-14T04:01:13Z
10.3354/aei00515,https://openalex.org/W4417230389,Effects of finfish farms in eastern Canada (Nova Scotia) on American lobster and rock crab movements,FALSE,matched,,2026-08-16T04:01:13Z,2026-11-14T04:01:13Z
10.3354/dao03903,https://openalex.org/W4417115445,Susceptibility to columnaris disease in Chinook salmon Oncorhynchus tshawytscha offspring from thiamine-deficient and thiamine-replete females,FALSE,matched,,2026-08-16T04:01:13Z,2026-11-14T04:01:13Z
10.3354/dao03916,https://openalex.org/W7138132410,Viability of probiotic C6-6 in fish feed and ability to inhibit columnaris-causing bacteria in rainbow trout Oncorhynchus mykiss,FALSE,matched,,2026-08-16T04:01:13Z,2026-11-14T04:01:13Z
10.3354/dao03917,https://openalex.org/W7137897967,"Saprolegnia species isolated from rainbow trout: molecular identification, specific PCR and drug sensitivity",FALSE,matched,,2026-08-16T04:01:13Z,2026-11-14T04:01:13Z
10.3354/meps14581,https://openalex.org/W4393954548,Intrinsic and extrinsic factors associated with the spatio-temporal distribution of infectious agents in early marine Chinook and coho salmon,FALSE,matched,,2026-08-16T04:01:13Z,2026-11-14T04:01:13Z
10.33714/masteb.1751242,https://openalex.org/W4414679298,Effects of formaldehyde treatment on blood parameters and gill histology in rainbow trout (Oncorhynchus mykiss) infested with Trichodina sp.,FALSE,matched,,2026-08-16T04:01:13Z,2026-11-14T04:01:13Z
10.3389/fanim.2025.1615804,https://openalex.org/W4414865618,Impact of three light smoltification regimes on the performance and genetic parameters of traits in Atlantic salmon,FALSE,matched,,2026-08-16T04:01:13Z,2026-11-14T04:01:13Z
10.3389/faquc.2024.1506210,https://openalex.org/W4407226468,Feasibility and challenges of submerged culture of steelhead trout Oncorhynchus mykiss for open ocean aquaculture in the United States,FALSE,matched,,2026-08-16T04:01:13Z,2026-11-14T04:01:13Z
10.3389/faquc.2025.1539610.s001,https://openalex.org/W7110837524,Table 1_Experience of spiny dogfish Squalus acanthias interactions with aquaculture installations in Norway.xlsx,FALSE,matched,,2026-08-16T04:01:13Z,2026-11-14T04:01:13Z
10.3389/faquc.2025.1539610.s002,https://openalex.org/W7111035505,Image 1_Experience of spiny dogfish Squalus acanthias interactions with aquaculture installations in Norway.jpeg,FALSE,matched,,2026-08-16T04:01:13Z,2026-11-14T04:01:13Z
10.3389/faquc.2025.1541010,https://openalex.org/W7130389544,The genetic basis of resistance to complex gill disease in Atlantic salmon (Salmo salar),FALSE,matched,,2026-08-16T04:01:13Z,2026-11-14T04:01:13Z
10.3389/faquc.2025.1647026.s001,https://openalex.org/W7111275872,"Supplementary file 1_Modeling dynamics of adult female lice at salmon farming sites in Eastern Canada: a stochastic, state-based approach.pdf",FALSE,matched,,2026-08-16T04:01:13Z,2026-11-14T04:01:13Z
10.3389/fcimb.2026.1814020,https://openalex.org/W7163688882,In silico design of a multiantigenic and multiepitope chimeric protein as a vaccine candidate against Renibacterium salmoninarum,FALSE,matched,,2026-08-16T04:01:13Z,2026-11-14T04:01:13Z
10.3389/fendo.2025.1571111.s001,https://openalex.org/W7111091305,Table 1_Molecular and epigenetic responses to crowding stress in rainbow trout (Oncorhynchus mykiss) skeletal muscle.xlsx,FALSE,matched,,2026-08-16T04:01:13Z,2026-11-14T04:01:13Z
10.3389/fgene.2025.1512769,https://openalex.org/W4407555005,Genetic and metabolic characterization of individual differences in liver fat accumulation in Atlantic salmon,FALSE,matched,,2026-08-16T04:01:13Z,2026-11-14T04:01:13Z
10.3389/fgene.2025.1633603.s003,https://openalex.org/W7110788751,Supplementary file 1_Sea lice (Lepeophtheirus salmonis) life stage impacts atlantic salmon transcriptomic responses under different thermal profiles.xlsx,FALSE,matched,,2026-08-16T04:01:13Z,2026-11-14T04:01:13Z
10.3389/fgene.2025.1633603.s004,https://openalex.org/W7110921135,Data Sheet 1_Sea lice (Lepeophtheirus salmonis) life stage impacts atlantic salmon transcriptomic responses under different thermal profiles.docx,FALSE,matched,,2026-08-16T04:01:13Z,2026-11-14T04:01:13Z
10.3389/fgene.2025.1633603.s005,https://openalex.org/W7111154106,Supplementary file 8_Sea lice (Lepeophtheirus salmonis) life stage impacts atlantic salmon transcriptomic responses under different thermal profiles.xlsx,FALSE,matched,,2026-08-16T04:01:13Z,2026-11-14T04:01:13Z
10.3389/fgene.2025.1633603.s008,https://openalex.org/W7110929891,Supplementary file 6_Sea lice (Lepeophtheirus salmonis) life stage impacts atlantic salmon transcriptomic responses under different thermal profiles.xlsx,FALSE,matched,,2026-08-16T04:01:13Z,2026-11-14T04:01:13Z
10.3389/fgene.2025.1633603.s011,https://openalex.org/W7111321473,Supplementary file 5_Sea lice (Lepeophtheirus salmonis) life stage impacts atlantic salmon transcriptomic responses under different thermal profiles.xlsx,FALSE,matched,,2026-08-16T04:01:13Z,2026-11-14T04:01:13Z
10.3389/fgene.2025.1633603.s012,https://openalex.org/W7111148910,Supplementary file 4_Sea lice (Lepeophtheirus salmonis) life stage impacts atlantic salmon transcriptomic responses under different thermal profiles.xlsx,FALSE,matched,,2026-08-16T04:01:13Z,2026-11-14T04:01:13Z
10.3389/fgene.2025.1692544,https://openalex.org/W4417174097,Development and application of an updated haplotype reference panel for association analysis of spontaneous sex reversal in XX rainbow trout,FALSE,matched,,2026-08-16T04:01:13Z,2026-11-14T04:01:13Z
10.3389/fphys.2025.1562665,https://openalex.org/W4409239121,Atlantic salmon (Salmo salar) under challenge: Heart rate and acceleration dynamics during exercise and stress,FALSE,matched,,2026-08-16T04:01:13Z,2026-11-14T04:01:13Z
10.3389/frobt.2025.1657567,https://openalex.org/W4414138603,Avoidance behaviours of farmed Atlantic salmon (Salmo salar L.) to artificial sound and light: a case study of net-pen mariculture in Norway,FALSE,matched,,2026-08-16T04:01:13Z,2026-11-14T04:01:13Z
10.3389/fsufs.2026.1778511,https://openalex.org/W7130523796,Yellow mealworm as a next-generation nutrient source for aquafeeds: critical thoughts on current problems and future development,FALSE,matched,,2026-08-16T04:01:13Z,2026-11-14T04:01:13Z
10.3389/fvets.2025.1568484.s001,https://openalex.org/W7111220019,"Data Sheet 1_Network analysis of farmed Atlantic salmon movements in British Columbia, Canada.docx",FALSE,matched,,2026-08-16T04:01:13Z,2026-11-14T04:01:13Z
10.3389/fvets.2025.1660383,https://openalex.org/W4416295987,Gene expression patterns of immune markers in rainbow trout during the early stages of seawater infections with Piscirickettsia salmonis,FALSE,matched,,2026-08-16T04:01:13Z,2026-11-14T04:01:13Z
10.3389/fvets.2026.1688908,https://openalex.org/W7125935750,Novel use of Quillaja saponaria extracts to prevent viral infections in Atlantic salmon: in vitro ISAv and IPNv inhibition and in vivo protection against IPNv,FALSE,matched,,2026-08-16T04:01:13Z,2026-11-14T04:01:13Z
10.3390/ani15111566,https://openalex.org/W4410777507,Acute Effect of Short-Term Benzocaine Anesthesia on the Skin Mucus Microbiome of Atlantic salmon (Salmo salar),FALSE,matched,,2026-08-16T04:01:13Z,2026-11-14T04:01:13Z
10.3390/ani15172532,https://openalex.org/W4413790978,Bacterial Isolates Associated with Mortality Events in Brown Trout (Salmo trutta) Restocking Farms in Spain: A Descriptive Field Study,FALSE,matched,,2026-08-16T04:01:13Z,2026-11-14T04:01:13Z
10.3390/ani15203048,https://openalex.org/W4415370310,"Effects of Water Temperature on Growth, Hematological Measurements and Stress-Related Gene Expression of Atlantic Salmon (Salmo salar) Parr Reared in a Recirculating Aquaculture System",FALSE,matched,,2026-08-16T04:01:13Z,2026-11-14T04:01:13Z
10.3390/ani16071000,https://openalex.org/W7140228315,Practical Aquafeeds Incorporating Insect and Algae Meals Achieve Quality and Growth Standards Comparable to Traditional Feeds in Rainbow Trout (Oncorhynchus mykiss),FALSE,matched,,2026-08-16T04:01:13Z,2026-11-14T04:01:13Z
10.3390/ani16132024,https://openalex.org/W7167079127,Comparative Gill Transcriptomics Reveals Unresolved Inflammation Under Chronic Hypoxia and Molecular Plasticity During Cyclic Hypoxia in Salmo salar,FALSE,matched,,2026-08-16T04:01:13Z,2026-11-14T04:01:13Z
10.3390/antibiotics14020122,https://openalex.org/W4406805541,From Metagenomes to Functional Expression of Resistance: floR Gene Diversity in Bacteria from Salmon Farms,FALSE,matched,,2026-08-16T04:01:13Z,2026-11-14T04:01:13Z
10.3390/antibiotics14101016,https://openalex.org/W4415106400,Influence of Florfenicol Treatments on Marine-Sediment Microbiomes: A Metagenomic Study of Bacterial Communities in Proximity to Salmon Aquaculture in Southern Chile,FALSE,matched,,2026-08-16T04:01:13Z,2026-11-14T04:01:13Z
10.3390/antibiotics14121177,https://openalex.org/W4416457485,Insights and Lessons from Chilean Salmon Aquaculture on Antimicrobial Use,FALSE,matched,,2026-08-16T04:01:13Z,2026-11-14T04:01:13Z
10.3390/antibiotics15050435,https://openalex.org/W7158947091,"Sulfated Chitosan Induces Membrane Disruption, Aggregation, and Antibiofilm Activity in Piscirickettsia salmonis: A Biomimetic Strategy as an Antimicrobial Alternative in Aquaculture",FALSE,matched,,2026-08-16T04:01:13Z,2026-11-14T04:01:13Z
10.3390/antiox14101172,https://openalex.org/W4414545150,From Waste to Functional Feed Ingredient: Biochemical and SHK-1 Cell Line Evaluation of Black Soldier Fly Larvae for Aquaculture Nutrition,FALSE,matched,,2026-08-16T04:01:13Z,2026-11-14T04:01:13Z
10.3390/app16126057,https://openalex.org/W7164937713,Optimization of Enzymatic Hydrolysis of Atlantic Salmon Frame Proteins by Alcalase Using Response Surface Methodology: Degree of Hydrolysis and Nitrogen Recovery,FALSE,matched,,2026-08-16T04:01:13Z,2026-11-14T04:01:13Z
10.3390/aquacj5030013,https://openalex.org/W4413658946,Evaluation of the Effect of Three Florfenicol Doses Against Salmonid Rickettsial Septicemia (SRS) in Atlantic Salmon (Salmo salar Linnaeus) Challenged by Intraperitoneal Injection,FALSE,matched,,2026-08-16T04:01:13Z,2026-11-14T04:01:13Z
10.3390/biology14081003,https://openalex.org/W4412992736,Unraveling the Systemic and Local Immune Response of Rainbow Trout (Oncorhynchus mykiss) to the Viral Hemorrhagic Septicemic Virus,FALSE,matched,,2026-08-16T04:01:13Z,2026-11-14T04:01:13Z
10.3390/biology15020163,https://openalex.org/W7124466431,Dietary Methionine Supplementation Improves Rainbow Trout (Oncorhynchus mykiss) Immune Responses Against Viral Haemorrhagic Septicaemia Virus (VHSV),FALSE,matched,,2026-08-16T04:01:13Z,2026-11-14T04:01:13Z
10.3390/cimb47060457,https://openalex.org/W4411284952,Morphometric and Enzymatic Changes in Gills of Rainbow Trout After Exposure to Suboptimal Low Temperature,FALSE,matched,,2026-08-16T04:01:13Z,2026-11-14T04:01:13Z
10.3390/fishes10020064,https://openalex.org/W4407138668,Preferred and Optimal Swimming Speeds in Rainbow Trout (Oncorhynchus mykiss) at Three Temperatures,FALSE,matched,,2026-08-16T04:01:13Z,2026-11-14T04:01:13Z
10.3390/fishes10020080,https://openalex.org/W4407638713,Seasonal Fluctuations in Geosmin and Terpenes in Rainbow Trout (Oncorhynchus mykiss) in an Outdoor Commercial Recirculated Aquaculture System Facility,FALSE,matched,,2026-08-16T04:01:13Z,2026-11-14T04:01:13Z
10.3390/fishes10020085,https://openalex.org/W4407747651,Investigating the Benefits of Integrating Rainbow Trout (Oncorhynchus mykiss) and Lettuce (Lactuca sativa) Cultivation in California,FALSE,matched,,2026-08-16T04:01:13Z,2026-11-14T04:01:13Z
10.3390/fishes10030110,https://openalex.org/W4408156220,"Impact of Plant-Based Diets on Hepatosomatic Index, Circulating Globulins and Growth in Rainbow Trout (Oncorhynchus mykiss)",FALSE,matched,,2026-08-16T04:01:13Z,2026-11-14T04:01:13Z
10.3390/fishes10040149,https://openalex.org/W4408940447,Fungal Protein from Non-Food Bioresources in Diets for Rainbow Trout (Oncorhynchus mykiss),FALSE,matched,,2026-08-16T04:01:13Z,2026-11-14T04:01:13Z
10.3390/fishes10070302,https://openalex.org/W4411488756,Expression Conditions of Melanogenic Enzymes and Immune Molecular Markers in Atlantic Salmon Muscle During Different Productive Stages,FALSE,matched,,2026-08-16T04:01:13Z,2026-11-14T04:01:13Z
10.3390/fishes10070334,https://openalex.org/W4412104219,Evaluation of Three Atlantic Salmon Strains for Resistance to Copepodid Sea Lice Attachment,FALSE,matched,,2026-08-16T04:01:13Z,2026-11-14T04:01:13Z
10.3390/fishes10100496,https://openalex.org/W4414767851,Nanopore-Based Metagenomic Approaches for Detection of Bacterial Pathogens in Recirculating Aquaculture Systems,FALSE,matched,,2026-08-16T04:01:13Z,2026-11-14T04:01:13Z
10.3390/fishes10100503,https://openalex.org/W4414910641,Full Scale Testing of a Concept for Salinity Regulation to Mitigate Sea Lice Infestation in Salmon Farming,FALSE,matched,,2026-08-16T04:01:13Z,2026-11-14T04:01:13Z
10.3390/fishes10110555,https://openalex.org/W4415819435,"Dietary Clostridium butyricum and Alanyl-Glutamine Modulate Low-Fishmeal-Induced Growth Reduction, Intestinal Microbiota Disorders, Intestinal Inflammatory Injury, and Resistance Against Aeromonas salmonicida in Triploid Oncorhynchus mykiss",FALSE,matched,,2026-08-16T04:01:13Z,2026-11-14T04:01:13Z
10.3390/fishes10120617,https://openalex.org/W4417049234,The Analysis of Transitional or Caudal Vertebrae Is Equally Suitable to Determine the Optimal Dietary Phosphorus Intake to Ensure Skeletal Health and Prevent Phosphorus Waste in Salmonid Aquaculture,FALSE,matched,,2026-08-16T04:01:13Z,2026-11-14T04:01:13Z
10.3390/fishes11040207,https://openalex.org/W7143695108,From Rapid Growth to Sustainable Development: A Case Study of Rainbow Trout Aquaculture for Local Food System in the Vologda Region (Northwest Russia),FALSE,matched,,2026-08-16T04:01:13Z,2026-11-14T04:01:13Z
10.3390/fishes11050271,https://openalex.org/W7160068593,Quantification of Opercular Pigmentation Changes in Farmed Atlantic Salmon: A Novel Application for Computer Vision in Fish Welfare Assessment,FALSE,matched,,2026-08-16T04:01:13Z,2026-11-14T04:01:13Z
10.3390/fishes9050174,https://openalex.org/W4396857434,"Effects of Three Sources of Astaxanthin on the Growth, Coloration, and Antioxidant Capacity of Rainbow Trout (Oncorhynchus mykiss) during Long-Term Feeding",FALSE,matched,,2026-08-16T04:01:13Z,2026-11-14T04:01:13Z
10.3390/fishes9110436,https://openalex.org/W4403834992,Matings Between Individuals with Similar Major Histocompatibility Complex (MHC) Improve Offspring Survival in the Rainbow Trout (Oncorhynchus mykiss),FALSE,matched,,2026-08-16T04:01:13Z,2026-11-14T04:01:13Z
10.3390/foods14030371,https://openalex.org/W4406756578,Enhancement of the Storage Potential of Farmed Rainbow Trout (Oncorhynchus mykiss) by Using Algal (Cystoseira myrica and Cystoseira trinodis) Extract–Ice Combinations,FALSE,matched,,2026-08-16T04:01:13Z,2026-11-14T04:01:13Z
10.3390/foods14050781,https://openalex.org/W4407942093,Towards Sustainable Aquafeeds: Microalgal (Nannochloropsis sp. QH25) Co-Product Biomass Can Fully Replace Fishmeal in the Feeds for Rainbow Trout (Oncorhynchus mykiss),FALSE,matched,,2026-08-16T04:01:13Z,2026-11-14T04:01:13Z
10.3390/foods14183227,https://openalex.org/W4414283748,Determination of the Quality of Oil Obtained from Protein Hydrolysate Produced Using Rainbow Trout (Oncorhynchus mykiss) By-Products,FALSE,matched,,2026-08-16T04:01:13Z,2026-11-14T04:01:13Z
10.3390/genes16070841,https://openalex.org/W4412518037,Uncovering Allele-Specific Expression Patterns Associated with Sea Lice (Caligus rogercresseyi) Burden in Atlantic Salmon,FALSE,matched,,2026-08-16T04:01:13Z,2026-11-14T04:01:13Z
10.3390/ijms26178148,https://openalex.org/W4413412286,Transcriptomic Analysis of the Rainbow Trout Response to Single and Co-Infections with Myxobolus cerebralis and Tetracapsuloides bryosalmonae at Sites of Parasite Entry,FALSE,matched,,2026-08-16T04:01:13Z,2026-11-14T04:01:13Z
10.3390/ijms262210876,https://openalex.org/W4416065702,"Cage-Farming Causes Histopathological Alterations in the Renal Tissues of the Rainbow Trout Oncorhynchus mykiss (Walbaum, 1792)",FALSE,matched,,2026-08-16T04:01:13Z,2026-11-14T04:01:13Z
10.3390/jmse13010104,https://openalex.org/W4406178812,Follow-Up Study on Acoustic De-Licing of Atlantic Salmon (Salmo salar): Lepeophtheirus salmonis and Caligus elongatus Dynamics over Four Consecutive Production Cycles,FALSE,matched,,2026-08-16T04:01:13Z,2026-11-14T04:01:13Z
10.3390/life14101273,https://openalex.org/W4403192919,Temperature-Induced Seasonal Dynamics of Brain Gangliosides in Rainbow Trout (Oncorhynchus mykiss Walbaum) and Common Carp (Cyprinus carpio L.),FALSE,matched,,2026-08-16T04:01:13Z,2026-11-14T04:01:13Z
10.3390/microorganisms12122480,https://openalex.org/W4404921330,Differential Transcriptomic Profile of Piscirickettsia salmonis LF-89 and EM-90 During an In Vivo Spatial Separation Co-Culture in Atlantic Salmon,FALSE,matched,,2026-08-16T04:01:13Z,2026-11-14T04:01:13Z
10.3390/microorganisms13051167,https://openalex.org/W4410548535,Comparative Analysis of PRV-1 in Atlantic Salmon and PRV-3 in Coho Salmon: Host-Specific Immune Responses and Apoptosis in Red Blood Cells,FALSE,matched,,2026-08-16T04:01:13Z,2026-11-14T04:01:13Z
10.3390/su17062693,https://openalex.org/W4408573831,Geothermal Water Component of Land-Based Fish Farm—A Case Study of the Sustainable Blue Economy Architecture,FALSE,matched,,2026-08-16T04:01:13Z,2026-11-14T04:01:13Z
10.3390/toxics13050361,https://openalex.org/W4410007970,Oxidative Stress Response of Liver Cell Culture in Atlantic Salmon Challenged Under Two Antibiotics: Oxytetracycline and Florfenicol,FALSE,matched,,2026-08-16T04:01:13Z,2026-11-14T04:01:13Z
10.3390/toxics13110914,https://openalex.org/W4415500734,Atlantic Salmon (Salmo salar) GILL Primary Cell Culture Oxidative Stress and Cellular Damage Response Challenged with Oxytetracycline Antibiotic,FALSE,matched,,2026-08-16T04:01:13Z,2026-11-14T04:01:13Z
10.3390/toxins17010035,https://openalex.org/W4406308537,Risk Assessment of Harmful Algal Blooms in Salmon Farming: Scotland as a Case Study,FALSE,matched,,2026-08-16T04:01:13Z,2026-11-14T04:01:13Z
10.3390/vaccines14050367,https://openalex.org/W7155201432,Nucleoside Modifications and Poly(A) Tail Length Greatly Influence Protein Expression from In Vitro-Transcribed mRNA in a Salmonid Cell Line,FALSE,matched,,2026-08-16T04:01:13Z,2026-11-14T04:01:13Z
10.3390/vetsci13040347,https://openalex.org/W7148418996,Look Trout in the Eye: Corneal Biomarkers of Ammonia Stress in Recirculating Aquaculture Systems Treated with TiO2 Photoelectrocatalysis,FALSE,matched,,2026-08-16T04:01:13Z,2026-11-14T04:01:13Z
10.3390/w17060803,https://openalex.org/W4408304636,Impact of Temperature Reduction from 14 °C to 12 °C in RASs on Atlantic Salmon: Increased Mineral Accumulation in RASs and Enhanced Growth Post-Transfer to Seawater,FALSE,matched,,2026-08-16T04:01:13Z,2026-11-14T04:01:13Z
10.3390/w17111685,https://openalex.org/W4410960147,Evaluation of Water Quality in the Production of Rainbow Trout (Oncorhynchus mykiss) in a Recirculating Aquaculture System (RAS) in the Precordilleran Region of Northern Chile,FALSE,matched,,2026-08-16T04:01:13Z,2026-11-14T04:01:13Z
10.33920/sel-09-2411-06,https://openalex.org/W4405029304,The possibilities of using of captive and domestic broodstocks for saving of natural populations. 2. Salmonidae. Atlantic salmon (Part 2),FALSE,matched,,2026-08-16T04:01:13Z,2026-11-14T04:01:13Z
10.33920/sel-09-2606-05,https://openalex.org/W7167572742,Efficiency of using potential antioxidants in fish feed when rearing rainbow trout,FALSE,matched,,2026-08-16T04:01:13Z,2026-11-14T04:01:13Z
10.36038/0131-6184-2026-1-56-63,https://openalex.org/W7128491065,Assessment of the effect of activated carbon on the body of rainbow trout (Oncorhynchus mykiss),FALSE,matched,,2026-08-16T04:01:13Z,2026-11-14T04:01:13Z
10.36038/2307-3497-2025-200-117-130,https://openalex.org/W4415552552,Lipid metabolism of rainbow trout reared on diets with different ratios of polyunsaturated fatty acids.,FALSE,matched,,2026-08-16T04:01:13Z,2026-11-14T04:01:13Z
10.36347/sjavs.2025.v12i08.002,https://openalex.org/W4413252955,Fungal Diseases in Fish and Treatment Methods: Trout (Oncorhynchus mykiss),FALSE,matched,,2026-08-16T04:01:13Z,2026-11-14T04:01:13Z
10.36871/vet.san.hyg.ecol.202504008,https://openalex.org/W7117306143,INVESTIGATION OF THE MICROBIOTA COMPOSITION IN FARMED RAINBOW TROUT (ONCORHYNCHUS MYKISS),FALSE,matched,,2026-08-16T04:01:13Z,2026-11-14T04:01:13Z
10.38177/ajast.2024.8401,https://openalex.org/W4404604708,Current Status of Floating Net Cages Aquaculture in Sivas Province (Turkey),FALSE,matched,,2026-08-16T04:01:13Z,2026-11-14T04:01:13Z
10.3844/ojbsci.2026.26.01.023,https://openalex.org/W7151835561,Biomorphological Indicators of Rainbow Trout <i>(Oncorhynchus mykiss)</i> Fry: Comparative Analysis in the Conditions of the Lower Kolsay and Fish Farms,FALSE,matched,,2026-08-16T04:01:13Z,2026-11-14T04:01:13Z
10.4081/ijfs.2025.12947,https://openalex.org/W4407587309,Simultaneous determination of antibiotic residues in edible tissue of farmed fish (&lt;i&gt;Oncorhynchus mykiss&lt;/i&gt;) from the Umbria and Marche regions,FALSE,matched,,2026-08-16T04:01:13Z,2026-11-14T04:01:13Z
10.4081/jbr.2026.15302,https://openalex.org/W7152498198,050 | Proliferative kidney disease: new insights for Piedmont region; correlation between clinical signs and proliferative kidney disease positivity in rainbow trout,FALSE,matched,,2026-08-16T04:01:13Z,2026-11-14T04:01:13Z
10.4157/grj.97.15,https://openalex.org/W4409222765,Increase in the Value of Output by Coho Salmon Aquaculture Management Entities in Miyagi Prefecture: Focusing on Production and Shipment Activities,FALSE,matched,,2026-08-16T04:01:13Z,2026-11-14T04:01:13Z
10.4194/aquast2395,https://openalex.org/W4411571590,Monitoring Dynamics of Bacterial Pathogens to Improve Disease Preventive Dtrategies in an Open Aquaculture System with Rainbow Trout (Oncorhynchus mykiss),FALSE,matched,,2026-08-16T04:01:13Z,2026-11-14T04:01:13Z
10.4194/ga964,https://openalex.org/W7149026895,Optimization of Heat Shock Protocol for Triploidy Induction in All-Female Rainbow Trout (Oncorhynchus mykiss),FALSE,matched,,2026-08-16T04:01:13Z,2026-11-14T04:01:13Z
10.4194/trjfas28671,https://openalex.org/W7148640143,"The Positive Effect of Antioxidants in Maintaining the Post-Cryopreserved Sperm Quality of Rainbow Trout Oncorhynchus mykiss (Walbaum, 1792)",FALSE,matched,,2026-08-16T04:01:13Z,2026-11-14T04:01:13Z
10.4337/9781800888180.00061,https://openalex.org/W7162990506,Kawésqar,FALSE,matched,,2026-08-16T04:01:13Z,2026-11-14T04:01:13Z
10.46991/jisees.2025.si1.125,https://openalex.org/W4415383057,"Prevalence, Characteristics and Antimicrobial Resistance of&lt;i&gt; Aeromonas &lt;/i&gt;Spp. Isolated from Rainbow Trout (&lt;i&gt;Oncorhynchus Mykiss&lt;/i&gt;)",FALSE,matched,,2026-08-16T04:01:13Z,2026-11-14T04:01:13Z
10.47193/mafis.3932026010702,https://openalex.org/W7165729100,"Estudio comparativo del rendimiento cárnico de machos y hembras de salmón coho &lt;i&gt;Oncorhynchus kisutch&lt;/i&gt; (Walbaum, 1792)",FALSE,matched,,2026-08-16T04:01:13Z,2026-11-14T04:01:13Z
10.47470/0869-7922-2024-32-5-307-312,https://openalex.org/W4404240190,"Comparison of the potential risk from arsenic exposure when eating fish grown in natural and artificial conditions, using the example of rainbow trout",FALSE,matched,,2026-08-16T04:01:13Z,2026-11-14T04:01:13Z
10.48045/001c.143736,https://openalex.org/W4414308641,"First Documented Outbreaks of <i>Lactococcus garvieae</i> in Gilthead sea bream ( <i>Sparus aurata</i> ) in the Gulf of Follonica, Tuscany, Italy",FALSE,matched,,2026-08-16T04:01:13Z,2026-11-14T04:01:13Z
10.48336/429,https://openalex.org/W7163196713,Characterization and applications of biogenic nanomaterials from Atlantic salmon (Salmo salar) aquaculture processing waste,FALSE,matched,,2026-08-16T04:01:13Z,2026-11-14T04:01:13Z
10.51189/vi-coninters/62585,https://openalex.org/W4414983515,EVALUATION OF WATER QUALITY IN A SMALL-SCALE AQUAPONIC SYSTEM WITH STRAWBERRY (FRAGARIA × ANANASSA ‘MONTEREY’) AND RAINBOW TROUT (ONCORHYNCHUS MYKISS),FALSE,matched,,2026-08-16T04:01:13Z,2026-11-14T04:01:13Z
10.51220/jmr.v19-i2.23,https://openalex.org/W4406237928,To Assess the Current Status of Trout Farms in Kullu And Mandi Districts of HimachalPradesh,FALSE,matched,,2026-08-16T04:01:13Z,2026-11-14T04:01:13Z
10.5194/egusphere-egu25-1692,https://openalex.org/W4408444668,Role of atmospheric and oceanic factors on the August 2024 marine heatwave in northern Norway,FALSE,matched,,2026-08-16T04:01:13Z,2026-11-14T04:01:13Z
10.5194/oos2025-468,https://openalex.org/W4408816752,Inequity in Fishmeal and Fish Oil Production.,FALSE,matched,,2026-08-16T04:01:13Z,2026-11-14T04:01:13Z
10.52419/issn2072-2419.2025.1.287,https://openalex.org/W4411033541,Investigation of biochemical parameters of rainbow trout against the background of the use of probiotic drugs,FALSE,matched,,2026-08-16T04:01:13Z,2026-11-14T04:01:13Z
10.52578/2305-9397-2025-4-4-45-54,https://openalex.org/W7125427386,SEASONAL DYNAMICS OF HYDROCHEMICAL PARAMETERS OF WATER UNDER A COMBINED WATER SUPPLY SYSTEM AT A TROUT FARM,FALSE,matched,,2026-08-16T04:01:13Z,2026-11-14T04:01:13Z
10.52578/3134-8572-2026-1-229-237,https://openalex.org/W7147094280,&lt;b&gt;COMPARATIVE ASSESSMENT OF THE EFFICIENCY OFRAINBOW TROUT (ONCORHYNCHUS MYKISS)CULTIVATION UNDER ARTESIAN AND MIXED WATERSUPPLY IN BASIN SYSTEMS&lt;/b&gt;,FALSE,matched,,2026-08-16T04:01:13Z,2026-11-14T04:01:13Z
10.5281/zenodo.17689995,https://openalex.org/W7106577701,How Seafood Supply Chains Adapt to Environmental Risks in Modern Economic Systems,FALSE,matched,,2026-08-16T04:01:13Z,2026-11-14T04:01:13Z
10.5281/zenodo.17977630,https://openalex.org/W7116573853,Comparison of the composition and color characteristics of haploid and diploid rainbow trout (Oncorhynchus mykiss) eggs produced under different rearing conditions,FALSE,matched,,2026-08-16T04:01:13Z,2026-11-14T04:01:13Z
10.5281/zenodo.19563394,https://openalex.org/W7154310042,Open Sea Cage Culture: A New Frontier In Sustainable Seafood,FALSE,matched,,2026-08-16T04:01:13Z,2026-11-14T04:01:13Z
10.5281/zenodo.19694098,https://openalex.org/W7155188173,"smcgarrigle725/ecological_data_science: Salmon Aquaculture Nutrient and Metal Analysis in Rocky Benthic Communities (Bay of Fundy, Canada)",FALSE,matched,,2026-08-16T04:01:13Z,2026-11-14T04:01:13Z
10.5281/zenodo.19694266,https://openalex.org/W7155186852,"smcgarrigle725/ecological_data_science: Salmon Aquaculture Nutrient and Metal Analysis in Rocky Benthic Communities (Bay of Fundy, Canada)",FALSE,matched,,2026-08-16T04:01:13Z,2026-11-14T04:01:13Z
10.5281/zenodo.20765427,https://openalex.org/W7165384182,How and to what extent do sea lice affect the performance of juvenile Pacific salmon? A systematic review protocol,FALSE,matched,,2026-08-16T04:01:13Z,2026-11-14T04:01:13Z
10.5281/zenodo.20833092,https://openalex.org/W7165748522,Quantifying Genomic and Gut microbiome contributions to Omega-3 traits in Atlantic Salmon,FALSE,matched,,2026-08-16T04:01:13Z,2026-11-14T04:01:13Z
10.52973/rcfcv-e35574,https://openalex.org/W4408320289,"Identification of Staphylococcus warneri from rainbow trout (Oncorhynchus mykiss Walbaum, 1792) using proteomics–based MALDI–TOF MS",FALSE,matched,,2026-08-16T04:01:13Z,2026-11-14T04:01:13Z
10.5455/ovj.2025.v15.i8.42,https://openalex.org/W4413853503,Genotypic and diversity analysis of pseudomonas aeruginosa isolated from salmon trout farms with hemorrhagic septicemia by Random Amplified Polymorphic DNA (RAPD) PCR,FALSE,matched,,2026-08-16T04:01:13Z,2026-11-14T04:01:13Z
10.54612/a.6jl5jv1vb3,https://openalex.org/W7106028755,Shaping the salmonid gut microbiota : meta-analytical insights and dietary approaches to enhance fish health and performance,FALSE,matched,,2026-08-16T04:01:13Z,2026-11-14T04:01:13Z
10.5751/es-16604-300412,,,FALSE,not_found,,2026-08-16T04:01:13Z,2026-11-14T04:01:13Z
10.59717/j.xinn-life.2026.100236,https://openalex.org/W7167611870,The first near-complete telomere-to-telomere genome of Atlantic salmon (&lt;i&gt;Salmo salar&lt;/i&gt;) provides insights for genetic diversity,FALSE,matched,,2026-08-16T04:01:13Z,2026-11-14T04:01:13Z
10.6084/m9.figshare.30885514.v1,https://openalex.org/W7115585150,Norwegian aquaculture management and non-point source pollution,FALSE,matched,,2026-08-16T04:01:13Z,2026-11-14T04:01:13Z
10.6084/m9.figshare.31146850.v2,https://openalex.org/W7125690700,Salmon,FALSE,matched,,2026-08-16T04:01:13Z,2026-11-14T04:01:13Z
10.6084/m9.figshare.31147177,https://openalex.org/W7125716125,Salmon,FALSE,matched,,2026-08-16T04:01:13Z,2026-11-14T04:01:13Z
10.6084/m9.figshare.31390784.v1,https://openalex.org/W7131067897,Can domestic aquaculture compete? Consumer willingness to pay and cost benchmarks in the Arabian peninsula,FALSE,matched,,2026-08-16T04:01:13Z,2026-11-14T04:01:13Z
10.6084/m9.figshare.32383862.v1,https://openalex.org/W7162205079,Production strategies in offshore salmon aquaculture,FALSE,matched,,2026-08-16T04:01:13Z,2026-11-14T04:01:13Z
10.6084/m9.figshare.c.8173699,https://openalex.org/W7107951997,"Supplementary material from ""Parasites perform poorly at high host densities: an experimental test in the salmon louse Lepeophtheirus salmonis""",FALSE,matched,,2026-08-16T04:01:13Z,2026-11-14T04:01:13Z
10.6084/m9.figshare.c.8210219.v1,https://openalex.org/W7116311322,Deriving breeding goals and expected selection responses to reduce environmental impacts in rainbow trout farming,FALSE,matched,,2026-08-16T04:01:13Z,2026-11-14T04:01:13Z
10.6084/m9.figshare.c.8236818,https://openalex.org/W7120153726,GWAS on early sexual maturation across freshwater and seawater environments in domesticated Lochy strain of Atlantic salmon,FALSE,matched,,2026-08-16T04:01:13Z,2026-11-14T04:01:13Z
10.61748/aals.2025/35,https://openalex.org/W7138856454,Challenges In Aquaculture with Special Emphasis on Gill Health of Salmon,FALSE,matched,,2026-08-16T04:01:13Z,2026-11-14T04:01:13Z
10.61976/fsu2025.04.032,https://openalex.org/W7117564841,To the issue of replacement of imported aquacuture products in Ukraine,FALSE,matched,,2026-08-16T04:01:13Z,2026-11-14T04:01:13Z
10.62791/20391,https://openalex.org/W4409785411,Multivalent vaccines elicit unequal immune responses compared to monovalent vaccines in rainbow trout (Oncorhynchus mykiss),FALSE,matched,,2026-08-16T04:01:13Z,2026-11-14T04:01:13Z
10.62792/ut.jnsm.v10.i19-20.p3093,https://openalex.org/W4415243014,ASSESSMENT OF FIN DAMAGE EXTENT IN AQUACULTURE TROUT IN THE LIKOVO REGION,FALSE,matched,,2026-08-16T04:01:13Z,2026-11-14T04:01:13Z
10.64149/fishtaxa.34.1-7,https://openalex.org/W7126195866,Emergence of Multidrug-Resistant Bacterial Pathogens in Cultured Rainbow Trout (Oncorhynchus mykiss): Phenotypic and Molecular Insights,FALSE,matched,,2026-08-16T04:01:13Z,2026-11-14T04:01:13Z
10.64628/ab.y9pdrhurg,https://openalex.org/W4415150152,"Almost 75,000 farmed salmon in Scotland escaped into the wild after Storm Amy – why this may cause lasting damage",FALSE,matched,,2026-08-16T04:01:13Z,2026-11-14T04:01:13Z
10.64898/2026.03.03.709343,https://openalex.org/W7134073085,Comprehensive genomic identification and multi-tissue transcriptomic profiling of vitamin D3-related genes in Atlantic salmon ( <i>Salmo salar</i> ),FALSE,matched,,2026-08-16T04:01:13Z,2026-11-14T04:01:13Z
10.64898/2026.03.13.711610,https://openalex.org/W7137810357,Spermidine enhances metabolic flexibility and attenuates inflammation associated with ageing in farmed Atlantic salmon,FALSE,matched,,2026-08-16T04:01:13Z,2026-11-14T04:01:13Z
10.64898/2026.05.24.727516,https://openalex.org/W7162639252,QTL spanning the TGF-β2 locus is associated with muscle fiber hypertrophy in rainbow trout,FALSE,matched,,2026-08-16T04:01:13Z,2026-11-14T04:01:13Z
10.64898/2026.05.25.727466,https://openalex.org/W7162698007,Ancient persistence and recurrent emergence of structural variants across divergent Atlantic salmon lineages,FALSE,matched,,2026-08-16T04:01:13Z,2026-11-14T04:01:13Z
10.64898/2026.06.26.734741,https://openalex.org/W7166840427,Can exercise training improve mitochondrial thermal responses in rainbow trout cardiomyocytes?,FALSE,matched,,2026-08-16T04:01:13Z,2026-11-14T04:01:13Z
10.70102/ijares/v4i1/6,https://openalex.org/W4405476088,A review of mollusks farming in Chile,FALSE,matched,,2026-08-16T04:01:13Z,2026-11-14T04:01:13Z
10.70315/uloap.ulaag.2026.0201002,https://openalex.org/W7130514713,Comparative Study of the Buoyancy and Stability of Two Pelleted and Extruded Rainbow Trout Feeds for to Improve Water Quality,FALSE,matched,,2026-08-16T04:01:13Z,2026-11-14T04:01:13Z
10.70593/978-81-982935-0-3_6,https://openalex.org/W4406425346,"Recirculating aquaculture systems: Current practices, challenges, and future directions",FALSE,matched,,2026-08-16T04:01:13Z,2026-11-14T04:01:13Z
10.71454/pa.004.06.0316,https://openalex.org/W7118878170,Comparative Nutritional Profiling of Wild and Farmed Fish in District Swabi (Khyber Pakhtunkhwa Province): Implications for Aquaculture Practices in Pakistan,FALSE,matched,,2026-08-16T04:01:13Z,2026-11-14T04:01:13Z
10.71959/tewq-be85,https://openalex.org/W7111073019,Producción y caracterización de cuerpos de inclusión recombinantes para ser usados como antígenos en un prototipo de vacuna contra Piscirikettsia salmonis,FALSE,matched,,2026-08-16T04:01:13Z,2026-11-14T04:01:13Z
10.7251/zars2401204s,https://openalex.org/W4410501384,Effects of water temperature and different types of feed on specific growth rate (SGR) and thermal unit growth coefficient (TGC) of rainbow trout (Oncorhynchus mykiss) reared in cages,FALSE,matched,,2026-08-16T04:01:13Z,2026-11-14T04:01:13Z
10.7717/peerj.19015,https://openalex.org/W4407924451,Development of LAMP assay for early detection of <i>Yersinia ruckeri</i> in aquaculture,FALSE,matched,,2026-08-16T04:01:13Z,2026-11-14T04:01:13Z
10.7717/peerj.21291,https://openalex.org/W7165551418,Feed binders to improve the quality of Atlantic salmon ( <i>Salmo salar</i> ) feed and faeces,FALSE,matched,,2026-08-16T04:01:13Z,2026-11-14T04:01:13Z
10.7868/s25000640250213,https://openalex.org/W4411454257,Physiological justification and evaluation of the effectiveness of the use of Russian-made food in trout farming,FALSE,matched,,2026-08-16T04:01:13Z,2026-11-14T04:01:13Z
10.7868/s3034536725030014,https://openalex.org/W7104714672,Biochemical and molecular-genetic growth indices of rainbow trout (Oncorhynchus mykiss Walb.) in the conditions of the southern region of the Russian Federation in a long-term study,FALSE,matched,,2026-08-16T04:01:13Z,2026-11-14T04:01:13Z
10.9734/jabb/2024/v27i111733,https://openalex.org/W4404883142,Commensal and Pathogenic Bacteria Associated with Farmed Rainbow Trout (Oncorhynchus mykiss Walbum) and Aquaculture Environment,FALSE,matched,,2026-08-16T04:01:13Z,2026-11-14T04:01:13Z
