path_id,level_1,level_2,level_3,hierarchy_path,definition,include_when,exclude_when,required_subject_terms,required_focus_terms,alternative_standalone_cues,supporting_terms_from_old_ontology,prompt_logic_note
V3_001,Environment,General environmental issues,Multiple or general environmental impacts,Environment > General environmental issues > Multiple or general environmental impacts,Broad environmental issues spanning multiple environmental topics.,"Use when several environmental issues are discussed collectively or as a framework, and no single issue is analysed in sufficient depth to justify a specific code.",Do not use alongside every specific environmental code. Prefer the specific code(s) when one or two environmental issues are the substantive focus.,General environmental issues,,,"environmental disturbance, environmental impact, anthropogenic impact, impact environment, affect environment, environmental problem, environmental consequenc, habitat effect, habitat impact, habitat degrad, environmental degrad, environmental damag, damage environm, degraded environment, pollut, habitat, environment, environmental health, environmental risk, limnolog, environmental effect, contaminat, ecological consequenc, GHG, greenhouse gas, green house gas, greenhouse emission, green house emission, carbon dioxide, CO2, carbon emission, carbon footprint, broad environmental reviews, sustainability assessments",Use only where several issues in the domain are substantively addressed and no specific issue dominates.
V3_002,Environment,Resource use and footprint,Marine-resource use,Environment > Resource use and footprint > Marine-resource use,Environmental demand associated with marine feed resources.,"Use when forage-fish use, fish-in fish-out or marine dependency is evaluated environmentally.",Upstream supply without environmental assessment belongs under Inputs.,"Marine-resource use, Forage-fish demand, fish-in fish-out, marine dependency",,,"Forage-fish demand, fish-in fish-out, marine dependency","Assign when the record substantively addresses this pathway. Terms are lexical cues, not a requirement for literal matching."
V3_003,Environment,Resource use and footprint,"Land, crop and water use","Environment > Resource use and footprint > Land, crop and water use","Land, crop or water footprints associated with salmon production.",Use when resource use is evaluated environmentally.,Farm water availability as an input belongs under Inputs.,"Land, crop and water use, Land use, crop dependency, water footprint",,,"Land use, crop dependency, water footprint","Assign when the record substantively addresses this pathway. Terms are lexical cues, not a requirement for literal matching."
V3_004,Environment,Resource use and footprint,"Energy, greenhouse gases and life-cycle footprint","Environment > Resource use and footprint > Energy, greenhouse gases and life-cycle footprint","Energy use, greenhouse-gas emissions or integrated environmental footprint.","Use for LCA, carbon footprint or environmental-performance studies.",Do not use energy supply as an input without environmental assessment.,"Energy, greenhouse gases and life-cycle footprint, Carbon footprint, LCA, energy demand",,,"Carbon footprint, LCA, energy demand","Assign when the record substantively addresses this pathway. Terms are lexical cues, not a requirement for literal matching."
V3_005,Environment,Waste and emissions,Nutrients and organic waste,Environment > Waste and emissions > Nutrients and organic waste,"Release, fate or effects of nutrients, faeces, feed waste, effluent or sludge.",Use when waste outputs are substantive.,Routine water-quality measurements without farm-output questions should not be coded here.,"Nutrients and organic waste, Nitrogen, phosphorus, sludge, organic enrichment",,,"sludge, water quality, nitrogen waste, water pollution, eutrophic, nutrient discharge, farm waste, farm-derived waste, waste feed, feed waste, fecal matter, foecal matter, foeces, feces, sediment, benthos, overfeeding, overfed, phosphorus emission, nutrient emission, nitrogen emission, phosphorous emission, phosphorus discharge, phosphorous discharge, nitrogen discharge, P emission, P discharge, urea, organic matter, biological oxygen demand, aquaculture waste, waste degradation, excess waste, excess feed, seabed, organic enrichment, nitrificat, phosphorus releas, nitrogen releas, nutrient releas, benthic enrichment, release of effluent, effluent releas, effluent, farm discharge, farm effluent, farm inputs, nutrient waste, emission waste, organic waste, organic particle, uneaten feed, fish feces, fish faeces, nitrogen level, nitrogen concentration, phosphorus level, phosphorus concentration, phosphorous level, phosphorous concentration, nutrient transport, waste treatment, elevated nitrogen, elevated nutrient, elevated phosphorus, elevated phosphorous, ammoni, leaching, organic footprint, particulate, releasing effluent, releasing nitrogen, releasing phosphorus, releasing phosophorous, releasing nutrient, wasted feed, salmon manure, salmon waste, waste plume, ammoniacal nitrogen, waste loading, aquaculture effluent, P loading, N loading, wastewater, farm sludge, fish sludge, salmon sludge, nutrients discharge, waste water, wasteload, waste load, faecal waste, fecal waste, ammonium enrich, nitrogen enrich, phosphorus enrich, enrichment of nitrogen, enrichment of ammon, enrichment of phosph, nitrogenous waste, farm nutrient, aquacultural waste, Nitrogen, phosphorus","Assign when the record substantively addresses this pathway. Terms are lexical cues, not a requirement for literal matching."
V3_006,Environment,Waste and emissions,Chemicals and therapeutants,Environment > Waste and emissions > Chemicals and therapeutants,"Environmental release or effects of medicines, pesticides, copper or related chemicals.",Use when fate or environmental effects are substantive.,Treatment efficacy belongs under Production.,"Chemicals and therapeutants, Pesticide discharge, antibiotics, copper, chemical pollution",,,"Pesticide discharge, antibiotics, copper","Assign when the record substantively addresses this pathway. Terms are lexical cues, not a requirement for literal matching."
V3_007,Environment,Waste and emissions,Plastics and solid waste,Environment > Waste and emissions > Plastics and solid waste,"Plastic, gear or solid-waste generation and impacts.",Use when material waste is substantive.,Do not use infrastructure supply.,"Plastics and solid waste, Nets, plastics, marine litter, plastic debris, plastic pollution, plastics, waste plastic, plastic litter, plastic marine debris",,,,"Assign when the record substantively addresses this pathway. Terms are lexical cues, not a requirement for literal matching."
V3_008,Environment,Physical environment,Hydrodynamics and water flow,Environment > Physical environment > Hydrodynamics and water flow,"Effects of farms or structures on currents, mixing, flushing, circulation or water flow.",Use when physical water movement around pens or sites is a substantive question.,Do not use routine current measurements only for site description.,"Hydrodynamics and water flow, Current flow, mixing, flushing, residence time",,,"flow past, flow through, hydrodynamic, hydro dynamic, drag, biofoul, water blockage, clean net, fouled net, clean cage, fouled cage, clean pen fouled pen, pen clean, cage clean, net clean, flushing, flushing rate, hydrolic retention, flow field, antifoul, drag force, water movement, water flow, flow of water, movement of water, turbulen, sea conditions, exposed farm, exposed condition, exposed location, exposed cages, exposed sea cage, waves, wavy, wave energy, storm, tidal current, exposed to current, strong current, high wave, seakeeping, sea keeping, wave resistan, net deformation, wave respons, the wake, water current, current velocity, sheltered location, sheltered site, wave frequenc, wave height, hydroelastic, fluid dynamic, Current flow, mixing, residence time","Assign when the record substantively addresses this pathway. Terms are lexical cues, not a requirement for literal matching."
V3_009,Environment,Physical environment,Sedimentation and benthic impacts,Environment > Physical environment > Sedimentation and benthic impacts,"Deposition, sediment change and benthic ecological effects.",Use when seabed or sediment impacts are substantive.,Do not use hydrodynamic modelling without sediment or benthic outcomes.,"Sedimentation and benthic impacts, Sediment enrichment, benthos, deposition",,,"Sediment enrichment, benthos, deposition","Assign when the record substantively addresses this pathway. Terms are lexical cues, not a requirement for literal matching."
V3_010,Environment,Physical environment,Water quality,Environment > Physical environment > Water quality,"Changes in oxygen, nutrients, turbidity or water chemistry around farms.",Use when environmental water quality is substantive.,Rearing-water control for fish production belongs under Production.,"Water quality, Dissolved oxygen, turbidity, water chemistry",,,"Dissolved oxygen, turbidity, water chemistry, water quality","Assign when the record substantively addresses this pathway. Terms are lexical cues, not a requirement for literal matching."
V3_011,Environment,Escapes,Escape occurrence and causes,Environment > Escapes > Escape occurrence and causes,"Frequency, magnitude, patterns or causes of escape events.",Use when escapes are quantified or explained.,Do not use ecological effects unless they are also analysed.,"Escape occurrence and causes, Escape numbers, containment failure, escape trends","occurrence, frequency, magnitude, pattern, cause, failure, escape event",,"escapee, accidental release, accidentally release, escaping, naturalized, naturalize, naturalised, naturalise, accidental introduc, accidentally introduc, stray, fish escape, salmon escape, escaped fish, escaped salmon, salmon have escaped, cage escapes, escaped, escapement, human error, net failure, broken net, broken pen, Escape numbers, containment failure, escape trends","Assign when the record substantively addresses this pathway. Terms are lexical cues, not a requirement for literal matching."
V3_012,Environment,Escapes,Escape prevention and containment,Environment > Escapes > Escape prevention and containment,"Prevention, containment or recapture of escaped salmon.",Use when containment or mitigation is substantive.,Do not split by engineering approach.,"Escape prevention and containment, Containment, cage failure prevention, recapture","prevention, containment, recapture, mitigation",,"mitigate escape, mitigating escape, escape mitigat, prevent escap, preventing escap, Containment, cage failure prevention, recapture","Assign when the record substantively addresses this pathway. Terms are lexical cues, not a requirement for literal matching."
V3_013,Environment,Escapes,Post-escape ecology and impacts,Environment > Escapes > Post-escape ecology and impacts,"Behaviour, survival, dispersal or ecological and genetic consequences of escaped salmon.",Use when what happens after escape is substantive.,Do not use simple escape counts without post-escape outcomes.,"Post-escape ecology and impacts, Dispersal, survival, introgression, competition","survival, dispersal, behaviour, introgression, competition, ecological impact",,"naturalized, naturalize, naturalised, naturalise, accidental introduc, accidentally introduc, escape dispersal, escape survival, introgression, escape competition","Assign when the record substantively addresses this pathway. Terms are lexical cues, not a requirement for literal matching."
V3_014,Environment,Wild populations and ecosystems,Parasite and pathogen transmission,Environment > Wild populations and ecosystems > Parasite and pathogen transmission,Transfer of sea lice or pathogens between farms and wild populations.,Use when wild populations or environmental transmission are substantive.,Disease within farmed stocks belongs under Production.,"Parasite and pathogen transmission, pathogen transfer, disease transmission, wild popluation infection",,,"disease spillover, pathogen transfer, disease transmission","Assign when the record substantively addresses this pathway. Terms are lexical cues, not a requirement for literal matching."
V3_015,Environment,Wild populations and ecosystems,Wildlife interactions,Environment > Wild populations and ecosystems > Wildlife interactions,"Interactions with predators, birds, marine mammals or other wildlife.","Use when wildlife response, conflict or mortality is substantive.",Do not use general biodiversity studies unless interaction is specific.,"Wildlife interactions, Seals, birds, marine mammals, predator control",,,"mammal deter, seal, seals, birds, marine mammals","Assign when the record substantively addresses this pathway. Terms are lexical cues, not a requirement for literal matching."
V3_016,Environment,Wild populations and ecosystems,Biodiversity and ecosystem effects,Environment > Wild populations and ecosystems > Biodiversity and ecosystem effects,"Effects on species assemblages, food webs, biodiversity or ecosystem function.",Use when ecosystem-level or community-level outcomes are substantive.,Do not use single-species farm-health studies.,"Biodiversity and ecosystem effects, Biodiversity, food webs, ecological communities",,,"macroinvertebrate, benthic organism, ecological consequenc, ecological impact, ecological effect, affect ecolog, impact ecolog, ecological degrad, ecological damag, biodiversity, species diversity, species richness, extinct, biota, macrofauna, wild fish, wild trout, wild salmon, wild populations, native species, native populations, native fish, community structure, ecosystem, aquatic plant, macrophytes, seal interaction, mammal interaction, fur seal, sea lion, eurasian otter, otter, Lutra lutra, humpback whale, whale, benthic meiofauna, benthic fauna, meiofauna, macrobenth, Chilean dolphin, dolphin, Cephalorhynchus eutropia, showy leopard frog, frog, Lithobates spectabilis, macroalga, pollock, Pollachius virens, phocid seals, earless seal, pinniped, seal predat, seal behaviour, seal behavior, by seals, with seals, from seals, seal feed, mammal, harbor seal, Phoca vitulina, harbour porpoise, Phocoena phocoena, porpoise, bird, Orcinus orca, orca, epiphytic invertebrate, marine mammal, Arctocephalus, Callorhinus, Lagenorhynchus australis, Peale’s dolphin, wild cod, migrating cod, migratory cod, Otaria flavescens, Otaria byronia, mussel, Mytilus edulis, oyster, community assemblage, benthic assemblage, benthic macrofauna, megafauna, fauna, plankton communit, habitat, Biodiversity, food webs, ecological communities","Assign when the record substantively addresses this pathway. Terms are lexical cues, not a requirement for literal matching."
V3_017,Environment,Environmental stressors,Climate change,Environment > Environmental stressors > Climate change,"Impacts of climate change or climate-driven environmental conditions on farmed salmon, production performance, health, welfare or farm operations.","Use when climate change, long-term warming, marine heatwaves or another explicitly climate-driven exposure is assessed for its effects on farmed fish or salmon production.",Do not use for climate adaptation or mitigation strategies; use Environment > Climate change > Adaptation and mitigation. Do not use short-term temperature or water-condition experiments without explicit climate framing; use Water and ocean conditions.,"climate change, global warming, climate-driven warming, marine heatwave, climate risk, climate vulnerability","impact, effect, exposure, vulnerability, response, productivity, growth, mortality, health, welfare, production","marine heatwave, climate-induced warming, climate-driven temperature change","climate change, global warming, sea surface temperature, heatwave, heat wave, temperature extreme, elevated temperature, sea temperature, climate induced, climate-induced, climate warming, high temperatures, climate risk, climate vulnerability","Require explicit climate framing together with a substantive effect on farmed salmon, production or farm operations."
V3_018,Environment,Climate change,Adaptation and mitigation,Environment > Climate change > Adaptation and mitigation,Adaptation to climate change or reduction of climate impacts.,Use when climate adaptation or mitigation is substantive.,Do not use general environmental mitigation without climate framing.,"Adaptation and mitigation, Climate resilience, decarbonisation","adaptation, resilience, mitigation, decarbonisation",,"Climate resilience, decarbonisation","Assign when the record substantively addresses this pathway. Terms are lexical cues, not a requirement for literal matching."
V3_019,Environment,Environmental management,Monitoring and assessment,Environment > Environmental management > Monitoring and assessment,"Environmental monitoring, indicators or impact assessment.",Use when the environmental assessment programme is substantive.,"If method development itself is the main contribution, use Methods.","Monitoring and assessment, Monitoring programmes, indicators, impact assessment","monitoring, assessment, indicator, surveillance, impact assessment",,"Monitoring programmes, indicators, impact assessment","Assign when the record substantively addresses this pathway. Terms are lexical cues, not a requirement for literal matching."
V3_020,Environment,Environmental management,Mitigation and remediation,Environment > Environmental management > Mitigation and remediation,"Environmental mitigation, remediation and site planning",Use when management of environmental impacts is substantive.,Do not use routine farm management without environmental purpose.,"Mitigation, remediation and carrying capacity, Fallowing, remediation, zoning","mitigation, remediation, fallowing, zoning,  site planning",,"passively aerated layered compost, layered compost, compost, alkaline hydroly, Fallowing, remediation, zoning","Assign when the record substantively addresses this pathway. Terms are lexical cues, not a requirement for literal matching."
V3_021,Industry and governance,Sector development,History and regional development,Industry and governance > Sector development > History and regional development,"Historical emergence, expansion or regional development of salmon aquaculture.",Use when development of the sector over time or place is the substantive subject.,Geography is recorded separately.,"History and regional development, History of salmon farming, regional expansion",,,"History of salmon farming, regional expansion","Assign when the record substantively addresses this pathway. Terms are lexical cues, not a requirement for literal matching."
V3_022,Industry and governance,Sector development,Innovation and technological transition,Industry and governance > Sector development > Innovation and technological transition,"Sector-level innovation, adoption or transition.",Use when technological or organisational change across the industry is analysed.,Do not use a single technology trial without sectoral analysis.,"Innovation and technological transition, Innovation systems, technology adoption, transition",,,"Innovation systems, technology adoption, transition, novelty, technological development","Assign when the record substantively addresses this pathway. Terms are lexical cues, not a requirement for literal matching."
V3_023,Industry and governance,Firms and industry structure,"Companies, ownership and concentration","Industry and governance > Firms and industry structure > Companies, ownership and concentration","Firm ownership, corporate structure, consolidation or concentration.",Use when companies or industry structure are substantive units of analysis.,Do not use firms mentioned only as suppliers or funders.,"Companies, ownership and concentration, Ownership, mergers, concentration, corporate actors",,,"Mowi, AquaGen, Aqua Gen, Salmobreed, Stofnfiskur, Benchmark, SalMar, Nova Sea, Cermaq, Marine Harvest, PanFish, Pan Fish, Rauma Grup, Rauma Group, Fanad, Feenstra, Lerøy, Grieg Nordlaks, Hofseth, AquaChile, Cooke Aquaculture, Bakkafrost, Multiexport, Blumar, Salmones Camanchaca, Australis Seafood, Alsaker Fjordbruk, Nordlaks, Tassal, Sinkaberg-Hansen, Sinkaberg Hansen, Bremnes Seashore, Norway Royal Salmon, Salmones Antarctica, Atlantic Sapphire, Nordic Aquafarms, Fish Farm UAE, Andfjord Salmon, Danish Salmon, Pure Salmon, AquaMaof, Kuterra, Samherji, Swiss Lachs, Sustainable Blue, Cape d’Or, Aquabounty, West Creek Aquaculture, FRD Japan, Cape Nordic Corporation, Shandong Ocean, Jurassic Salmon, Superior Fresh, Whole Oceans, Vikings Label, Salmon Evolution, Losna Seafood, Bordemar, Hiddenfjord, Huon Aquaculture, Proximar Seafood, Scottish Sea Farms, New Zealand King Salmon, Clear Springs, Troutlodge, SalmoNor, Midt-Norsk Havbruk, WesterRoss, Wester Ross, Native Hebridean Scottish, Lochlander, Loch Duart, Salmon Scotland, Glenarm, Organic Sea Harvest, Sea Harvest, Scottish Salmon Company, Native Hebridean Salmon, Cypress Island, Meridian Salmon, Sjølaks, Grieg Seafood, Australis, Admiral Fish, Firda Sjøfarmer, Huon, Firda, Brilliant Fiskeoppdrett, Fiskeoppdrett, Scan Am, Sjøtroll Havbruk, Ownership, mergers, concentration, corporate actors","Assign when the record substantively addresses this pathway. Terms are lexical cues, not a requirement for literal matching."
V3_024,Industry and governance,Firms and industry structure,Business strategy and investment,Industry and governance > Firms and industry structure > Business strategy and investment,"Firm strategy, finance, investment or business decision-making.",Use when commercial strategy is substantive.,Do not use farm-level biological productivity alone.,"Business strategy and investment, Investment, business strategy, finance",,,"return on investment, return-on-investment, venture analys, financial viability, financially viable, investment, debt, liquidity, capital structure, bankrupt, private capital, capital accum, increase in capital, financial, Investment, business strategy, finance","Assign when the record substantively addresses this pathway. Terms are lexical cues, not a requirement for literal matching."
V3_025,Industry and governance,Economics and performance,Costs and profitability,Industry and governance > Economics and performance > Costs and profitability,"Economic costs, profitability, revenues or margins.",Use when economic performance is substantive.,Do not use biological productivity without economic analysis.,"Costs and profitability, Production costs, profit, margins",,,"profit, operating cost, cost-effective, cost-benefit, production cost, economic profit, forgone profit, economic viability, cost analys, economic yield, feeding cost, regulatory cost, Production costs, margins","Assign when the record substantively addresses this pathway. Terms are lexical cues, not a requirement for literal matching."
V3_026,Industry and governance,Economics and performance,Productivity and economic efficiency,Industry and governance > Economics and performance > Productivity and economic efficiency,Economic or technical efficiency at farm or sector level.,Use when efficiency is analysed economically.,Feed efficiency alone belongs under Production.,"Productivity and economic efficiency, Technical efficiency, frontier analysis, productivity",,,"energy efficiency, Pareto frontier, frontier analysis, Malmquist productivity index, Malmquist index, productivity loss, stochastic frontier, Technical efficiency, productivity","Assign when the record substantively addresses this pathway. Terms are lexical cues, not a requirement for literal matching."
V3_027,Industry and governance,Economics and performance,"Economic risk, valuation and impact","Industry and governance > Economics and performance > Economic risk, valuation and impact","Economic risk, uncertainty, valuation, cost-benefit or wider economic impact.",Use when economic appraisal is central.,Community livelihoods belong under People and society.,"Economic risk, valuation and impact, Cost-benefit, valuation, risk, economic impact",,,"economic loss, economic evaluation, consistent valuation, contingent valuation, Cost-benefit, valuation, risk, economic impact","Assign when the record substantively addresses this pathway. Terms are lexical cues, not a requirement for literal matching."
V3_028,Industry and governance,"Markets, trade and value chains","Supply, demand and prices","Industry and governance > Markets, trade and value chains > Supply, demand and prices","Market supply, demand, price formation or market dynamics.",Use when market-level outcomes are substantive.,Consumer attitudes belong under People and society.,"Supply, demand and prices, Prices, demand, supply",,,"price risk, price volatilit, future market, spot price, commodity market, stochastic price, price dynamic, market power, consumer market, price, price earning, price-earning, pricing, price uncertainty, price premium, market price, price elastic, price inelastic, futures market, retail price, price analysis, salmon market, market for salmon, trout market, market for trout, salmon price, trout price, fish price, Prices, demand, supply","Assign when the record substantively addresses this pathway. Terms are lexical cues, not a requirement for literal matching."
V3_029,Industry and governance,"Markets, trade and value chains",International trade,"Industry and governance > Markets, trade and value chains > International trade","Imports, exports, trade flows or trade policy.",Use when international exchange is substantive.,Do not use countries merely mentioned as markets.,"International trade, Exports, imports, trade flows",,,"salmon export, fish export, export of salmon, export of fish, export market, export growth, Exports, imports, trade flows","Assign when the record substantively addresses this pathway. Terms are lexical cues, not a requirement for literal matching."
V3_030,Industry and governance,"Markets, trade and value chains",Value chains and supply chains,"Industry and governance > Markets, trade and value chains > Value chains and supply chains","Organisation, governance or performance of salmon value and supply chains.",Use when chain relationships or logistics are substantive.,Feed-resource sourcing alone may belong under Inputs.,"Value chains and supply chains, Value-chain governance, logistics, chain structure",,,"trade, supply chain, feed supply, food supply, supply network, end-to-end, trading, commodity flow, procurement, value chain, supply logistics, production chain, supply pipeline, sustainab, food security, food sovereignty, food supply chain, forage fish demand, nutritional security, commodity chain, circular econom, marketing chain, marketing channel, Value-chain governance, logistics, chain structure","Assign when the record substantively addresses this pathway. Terms are lexical cues, not a requirement for literal matching."
V3_031,Industry and governance,"Markets, trade and value chains","Retail, branding and marketing","Industry and governance > Markets, trade and value chains > Retail, branding and marketing","Retailing, branding, promotion or product positioning.",Use when commercial marketing is substantive.,Consumer responses belong under People and society.,"Retail, branding and marketing, Branding, retail, marketing",,,"Branding, retail, marketing","Assign when the record substantively addresses this pathway. Terms are lexical cues, not a requirement for literal matching."
V3_032,Industry and governance,Governance and policy,Policy and regulation,Industry and governance > Governance and policy > Policy and regulation,"Public policy, law or regulation governing salmon aquaculture.",Use when governance rules or reform are substantive.,Do not use regulatory background only.,"Policy and regulation, Regulation, policy, legal frameworks",,,"legislat, legal, regulation, authoris, authoriz, policy, policies, politic, govern, certified, certify, certificate, certification, labelling, mandatory, administrative, restrictions, licens, licenc, inspections, health regulation, decision-making, decision making, evidence-based decision, evidence based decision, evidence-based polic, evidence based polic, evidence-informed decision, evidence informed decision, evidence-informed polic, evidence informed polic, aquaculture guideline, management guideline, environmental impact assessment, judicial, registration, spatial planning, organic label, welfare label, advisories, advisory, jurisdict, prohibit, aquaculture planning, planning, welfare standard, management strateg, management framework, regulatory, aquacultural standards, aquaculture standards, farming standards, farm standards, taxes, agencies, audit, regulatory framework, Regulation, legal frameworks","Assign when the record substantively addresses this pathway. Terms are lexical cues, not a requirement for literal matching."
V3_033,Industry and governance,Governance and policy,Licensing and spatial governance,Industry and governance > Governance and policy > Licensing and spatial governance,"Licensing, concessions, zoning or spatial planning.",Use when allocation of space or permission to operate is central.,Environmental carrying capacity without governance focus belongs under Environment.,"Licensing and spatial governance, Licensing, zoning, concessions",,,"Licensing, zoning, concessions, permit, license","Assign when the record substantively addresses this pathway. Terms are lexical cues, not a requirement for literal matching."
V3_034,Industry and governance,Governance and policy,Certification and standards,Industry and governance > Governance and policy > Certification and standards,"Private or public certification, standards or ecolabelling systems.",Use when certification systems or compliance are substantive.,Consumer response to labels belongs under People and society.,"Certification and standards, ASC, organic standards, certification",,,"ASC, organic standards, certification","Assign when the record substantively addresses this pathway. Terms are lexical cues, not a requirement for literal matching."
V3_035,Industry and governance,Governance and policy,"Compliance, enforcement and participation","Industry and governance > Governance and policy > Compliance, enforcement and participation","Compliance, enforcement, inspection or stakeholder participation in governance.",Use when governance implementation or decision processes are substantive.,Do not use stakeholder interviews merely as a method.,"Compliance, enforcement and participation, Enforcement, inspection, participation",,,"Enforcement, inspection, participation","Assign when the record substantively addresses this pathway. Terms are lexical cues, not a requirement for literal matching."
V3_036,Inputs and resources,Feed-resource supply,Marine feed resources,Inputs and resources > Feed-resource supply > Marine feed resources,"Upstream production, sourcing, availability or trade of marine ingredients used in salmon feed.","Use when fishmeal, fish oil, forage fisheries or marine ingredient supply is itself a substantive focus.",Do not use for feeding trials evaluating effects on salmon; use Production > Feed and nutrition.,"Marine feed resources, Fishmeal and fish-oil supply, forage fisheries, marine ingredient availability",,,"Fishmeal and fish-oil supply, forage fisheries, marine ingredient availability","Assign when the record substantively addresses this pathway. Terms are lexical cues, not a requirement for literal matching."
V3_037,Inputs and resources,Feed-resource supply,Crop-based feed resources,Inputs and resources > Feed-resource supply > Crop-based feed resources,"Upstream production, sourcing or availability of crop ingredients used in salmon feed.","Use when soy, cereals, oilseeds or vegetable oils are studied as upstream resources or supply chains.",Do not use for salmon feeding trials.,"Crop-based feed resources, Soy supply, rapeseed oil sourcing, crop-feed dependency",,,"Soy supply, rapeseed oil sourcing, crop-feed dependency","Assign when the record substantively addresses this pathway. Terms are lexical cues, not a requirement for literal matching."
V3_038,Inputs and resources,Feed-resource supply,Novel feed resources,Inputs and resources > Feed-resource supply > Novel feed resources,Upstream production or sourcing of emerging feed resources.,"Use when insects, algae, microbial biomass, single-cell protein or by-products are studied as supply resources.",Do not use for feeding trials unless the upstream resource system is also a substantive focus.,"Novel feed resources, Insect production, algal biomass supply, fermentation-derived protein",,,"Insect production, algal biomass supply, fermentation-derived protein","Assign when the record substantively addresses this pathway. Terms are lexical cues, not a requirement for literal matching."
V3_039,Inputs and resources,Farm inputs,Water supply,Inputs and resources > Farm inputs > Water supply,"Availability, sourcing or provision of water required for salmon production.",Use when water availability or supply is itself the research question.,Do not use for water-quality impacts or routine husbandry conditions.,"Water supply, Freshwater availability, water demand, water sourcing",,,"Freshwater availability, water demand, water sourcing","Assign when the record substantively addresses this pathway. Terms are lexical cues, not a requirement for literal matching."
V3_040,Inputs and resources,Farm inputs,Energy supply,Inputs and resources > Farm inputs > Energy supply,"Availability, sourcing or provision of energy used by salmon aquaculture.",Use when energy inputs or dependence are studied as resources.,Do not use for carbon footprints; use Environment > Resource use and footprint.,"Energy supply, Electricity supply, fuel dependency, energy security",,,"Electricity supply, fuel dependency, energy security","Assign when the record substantively addresses this pathway. Terms are lexical cues, not a requirement for literal matching."
V3_041,Inputs and resources,Farm inputs,Therapeutants and chemicals,Inputs and resources > Farm inputs > Therapeutants and chemicals,"Production, sourcing or availability of medicines, disinfectants and treatment chemicals.",Use when access to or supply of therapeutants is the substantive focus.,Do not use for treatment efficacy; use Production > Fish health.,"Therapeutants and chemicals, Medicine availability, chemical supply, treatment-input constraints",,,"Medicine availability, chemical supply, treatment-input constraints","Assign when the record substantively addresses this pathway. Terms are lexical cues, not a requirement for literal matching."
V3_042,Inputs and resources,Farm inputs,Infrastructure and equipment,Inputs and resources > Farm inputs > Infrastructure and equipment,"Provision, availability or supply of physical infrastructure and equipment.",Use when infrastructure or equipment supply is analysed as an input to the sector.,Do not use for performance of a production system or technology.,"Infrastructure and equipment, Cage supply, pumps, sensors, farm infrastructure",,,"well boat, slaughter boat, pontoon, harvest boat, harvester, Cage supply, pumps, sensors, farm infrastructure","Assign when the record substantively addresses this pathway. Terms are lexical cues, not a requirement for literal matching."
V3_043,Inputs and resources,Circularity,By-products and waste as inputs,Inputs and resources > Circularity > By-products and waste as inputs,"Use of by-products, recovered materials or waste streams as production inputs.",Use when circular use or valorisation is a substantive objective.,Do not use merely because an alternative ingredient is evaluated in feed.,"By-products and waste as inputs, Fish-processing by-products, food waste, waste valorisation",,,"salmon waste, salmon residue, salmon silage, fish silage, industry waste, industry by-product, salmon by-product, farm residue, farm by-product, industry byproduct, salmon byproduct, farm byproduct, industry by product, salmon by product, farm by product, waste reuse, waste valorisation, waste valorization, fish residual, fish industry residual, salmon peptone, salmon bone waste, residual material, fish heads, trimmings, frames, salmon heads, trout heads, Fish-processing by-products, food waste","Assign when the record substantively addresses this pathway. Terms are lexical cues, not a requirement for literal matching."
V3_044,Inputs and resources,Circularity,Nutrient recovery,Inputs and resources > Circularity > Nutrient recovery,Recovery and reuse of nutrients from salmon aquaculture or connected systems.,Use when nutrient capture and reuse are central.,Do not use for routine effluent treatment without recovery or reuse.,"Nutrient recovery, Sludge nutrients, phosphorus recovery, nutrient recycling",,,"Sludge nutrients, phosphorus recovery, nutrient recycling","Assign when the record substantively addresses this pathway. Terms are lexical cues, not a requirement for literal matching."
V3_045,Inputs and resources,Circularity,Resource efficiency,Inputs and resources > Circularity > Resource efficiency,System-level reduction in material or input demand through circular or efficiency strategies.,Use when reduced input dependency or circular resource efficiency is the main question.,Do not use routine feed conversion or farm productivity studies.,"Resource efficiency, Circular economy, reduced virgin inputs, closed-loop production",,,"Circular economy, reduced virgin inputs, closed-loop production","Assign when the record substantively addresses this pathway. Terms are lexical cues, not a requirement for literal matching."
V3_046,Methods,Methodological research,Diagnostic and laboratory methods,Methods > Methodological research > Diagnostic and laboratory methods,"Development, validation, comparison or review of diagnostic or laboratory methods.",Use only when the method itself is the principal contribution.,"Never use merely because a study uses PCR, assays or laboratory procedures.","Diagnostic and laboratory methods, Assay validation, diagnostic-method comparison","method development, validation, comparison, performance assessment",,"Assay validation, diagnostic-method comparison","Assign when the record substantively addresses this pathway. Terms are lexical cues, not a requirement for literal matching."
V3_047,Methods,Methodological research,Monitoring and sampling methods,Methods > Methodological research > Monitoring and sampling methods,"Development, validation or comparison of monitoring or sampling approaches.",Use only when the method itself is the principal contribution.,Environmental monitoring results belong under Environment if method development is not central.,"Monitoring and sampling methods, Sampling design, monitoring protocol","method development, validation, comparison, sampling design",,"biomarker, detect, monitor, assay, biomonitor, telemetr, real-time, realtime, real time, determin, real-time PCR, real time PCR, biosensor, smart sens, echosounder, machine learning, artificial intelligence, precision biometric, action recognition, behavioural monitor, behavioral monitor, deep learning, satellite, remote sensing, geographical information system, hyperspectral imag, underwater hyperspectral imag, computer vision, video analysis, spectroscopy, neural network, Sampling design, monitoring protocol","Assign when the record substantively addresses this pathway. Terms are lexical cues, not a requirement for literal matching."
V3_048,Methods,Methodological research,"Sensors, imaging and measurement methods","Methods > Methodological research > Sensors, imaging and measurement methods","Development or validation of sensors, imaging or measurement systems.",Use only when the measurement method is the main research contribution.,Operational use of sensors belongs under Production.,"Sensors, imaging and measurement methods, Sensor validation, imaging method","method development, validation, comparison, measurement performance",,"Sensor validation, imaging method","Assign when the record substantively addresses this pathway. Terms are lexical cues, not a requirement for literal matching."
V3_049,Methods,Methodological research,Statistical and modelling methods,Methods > Methodological research > Statistical and modelling methods,"Development or validation of statistical, computational or modelling methods.",Use only when the method itself is the principal contribution.,Applied models answering substantive questions belong in the substantive domain.,"Statistical and modelling methods, New model, algorithm, statistical-method validation","method development, validation, comparison, algorithm performance",,"model, simulation, predict, Monte Carlo, bootstrap, in silico, in-silico, stochastic convenience, projections, neural network, forecasting, logistic model, simulat, New model, algorithm, statistical-method validation","Assign when the record substantively addresses this pathway. Terms are lexical cues, not a requirement for literal matching."
V3_050,Methods,Methodological research,Experimental design methods,Methods > Methodological research > Experimental design methods,"Research on experimental design, trial design or methodological comparison.",Use only when design methodology is the substantive contribution.,Do not use any ordinary experiment.,"Experimental design methods, Trial-design comparison, experimental-method evaluation","method development, validation, comparison, design evaluation",,"Trial-design comparison, experimental-method evaluation","Assign when the record substantively addresses this pathway. Terms are lexical cues, not a requirement for literal matching."
V3_051,Methods,Methodological research,Evidence-synthesis and classification methods,Methods > Methodological research > Evidence-synthesis and classification methods,"Methods for systematic reviews, evidence mapping, ontologies, databases or classification systems.",Use only when methodological development is central.,Ordinary reviews of substantive evidence should be coded to their substantive topic.,"Evidence-synthesis and classification methods, Systematic-review methods, ontology development, benchmark dataset","method development, validation, comparison, evidence synthesis, ontology, classification",,"systematic literature survey, this comprehensive review, systematic review, systematically review, systematic map, evidence map, scoping review, literature review, systematic style literature review, systematic literature review, review of the literature, review the literature, this review, we review the, we review evidence, review the evidence base, bibliometric, scientometric, citation network, citation analys, : a review, Systematic-review methods, ontology development, benchmark dataset","Assign when the record substantively addresses this pathway. Terms are lexical cues, not a requirement for literal matching."
V3_052,People and society,General social issues,Multiple or general social impacts,People and society > General social issues > Multiple or general social impacts,Broad social issues spanning multiple social topics.,"Use when several social issues are discussed collectively or as a framework, and no single issue is analysed in sufficient depth to justify a specific code.","Do not use alongside every specific labour, livelihood or justice code. Prefer the specific code(s) when these are the substantive focus.",General social issues,"broad review, framework, multiple issues, general assessment, societal impacts, impacts on society",,,Use only where several issues in the domain are substantively addressed and no specific issue dominates.
V3_053,People and society,Labour and employment,Employment and job creation,People and society > Labour and employment > Employment and job creation,"Employment levels, workforce demand or job creation.",Use when jobs or employment are substantive outcomes.,Do not use firms' labour costs without employment questions.,"Employment and job creation, Jobs, workforce, employment",,,"employment, job opportunities, jobs, unemployment, Jobs, workforce, Pay","Assign when the record substantively addresses this pathway. Terms are lexical cues, not a requirement for literal matching."
V3_054,People and society,Labour and employment,Working conditions and occupational health,People and society > Labour and employment > Working conditions and occupational health,"Working conditions, safety, injury or worker health.",Use when labour conditions or occupational risk are substantive.,Do not use fish-health or consumer-health outcomes.,"Working conditions and occupational health, Pay, hours, injury, workplace safety",,,"occupational health, occupational safety, human injur, staff injur, occupational injurie, worker safety, employee safety, health and safety, accidents, injury claim, occupational, injury, workplace safety","Assign when the record substantively addresses this pathway. Terms are lexical cues, not a requirement for literal matching."
V3_055,People and society,Labour and employment,"Labour rights, exploitation and migration","People and society > Labour and employment > Labour rights, exploitation and migration","Labour rights, exploitation, forced labour, migration or migrant work.",Use when labour justice or migration is substantive.,Do not infer exploitation solely from low wages unless analysed.,"Labour rights, exploitation and migration, Migrant workers, exploitation, labour rights",,,"labour market, labour-market, labour, migrant labour, migrant worker, immigrant, unionis, unioniz, Migrant workers, exploitation, labour rights","Assign when the record substantively addresses this pathway. Terms are lexical cues, not a requirement for literal matching."
V3_056,People and society,Communities and livelihoods,Livelihoods and income,People and society > Communities and livelihoods > Livelihoods and income,"Effects on household, fisher or community livelihoods and income.",Use when livelihoods are substantive.,Firm profitability belongs under Industry.,"Livelihoods and income, Fishing livelihoods, household income",,,"household income, Fishing livelihoods","Assign when the record substantively addresses this pathway. Terms are lexical cues, not a requirement for literal matching."
V3_057,People and society,Communities and livelihoods,Local and rural development,People and society > Communities and livelihoods > Local and rural development,"Effects on local development, rural economies or community infrastructure.",Use when regional or local social development is substantive.,Sector expansion alone belongs under Industry unless community outcomes are assessed.,"Local and rural development, Rural development, local benefits",,,"rural development, Rural development, local benefits","Assign when the record substantively addresses this pathway. Terms are lexical cues, not a requirement for literal matching."
V3_058,People and society,Communities and livelihoods,"Displacement, disruption and wellbeing","People and society > Communities and livelihoods > Displacement, disruption and wellbeing","Displacement, loss of access, social disruption, wellbeing or quality of life.",Use when community harms or wellbeing are substantive.,Do not use ordinary stakeholder disagreement without social outcomes.,"Displacement, disruption and wellbeing, Displacement, disruption, wellbeing",,,"dispossess, human wellbeing, poverty, Displacement, disruption, wellbeing","Assign when the record substantively addresses this pathway. Terms are lexical cues, not a requirement for literal matching."
V3_059,People and society,Communities and livelihoods,Conflict and social licence,People and society > Communities and livelihoods > Conflict and social licence,"Conflict, opposition, acceptance or social licence.",Use when contested legitimacy or acceptance is substantive.,Do not use consumer preferences.,"Conflict and social licence, Social licence, opposition, conflict",,,"social conflict, local opposition, Social licence, opposition, conflict, public comment, protest, social acceptability","Assign when the record substantively addresses this pathway. Terms are lexical cues, not a requirement for literal matching."
V3_060,People and society,"Equity, justice and rights",Distribution of benefits and harms,"People and society > Equity, justice and rights > Distribution of benefits and harms","Unequal distribution of benefits, costs, risks or harms.",Use when distributional equity is analysed.,Do not infer inequality from simple group differences unless substantively discussed.,"Distribution of benefits and harms, Winners and losers, inequality",,,"Winners and losers, inequality, inequity","Assign when the record substantively addresses this pathway. Terms are lexical cues, not a requirement for literal matching."
V3_061,People and society,"Equity, justice and rights",Environmental justice and human rights,"People and society > Equity, justice and rights > Environmental justice and human rights","Environmental justice, procedural justice or human-rights questions.",Use when justice or rights are explicit or substantive.,Do not use general environmental impacts without justice analysis.,"Environmental justice and human rights, Environmental justice, human rights",,,"Environmental justice, human rights, rightsholder","Assign when the record substantively addresses this pathway. Terms are lexical cues, not a requirement for literal matching."
V3_062,People and society,"Equity, justice and rights",Indigenous peoples and rights,"People and society > Equity, justice and rights > Indigenous peoples and rights","Impacts, governance or rights concerning Indigenous peoples.","Use when Indigenous communities, knowledge or rights are substantive.",Do not use regional studies merely located in Indigenous territories without substantive engagement.,"Indigenous peoples and rights, Sámi, First Nations, Indigenous rights",,,"Indigenous, first nation, aboriginal, Sámi, First Nations, Indigenous rights","Assign when the record substantively addresses this pathway. Terms are lexical cues, not a requirement for literal matching."
V3_063,People and society,Food security and access,Food availability and nutritional security,People and society > Food security and access > Food availability and nutritional security,"Effects on food availability, nutrition security or protein supply.",Use when food-system outcomes are substantive.,Human physiological effects of eating salmon belong under Product.,"Food availability and nutritional security, Food supply, nutrition security",,,"food security, Food supply, nutrition security","Assign when the record substantively addresses this pathway. Terms are lexical cues, not a requirement for literal matching."
V3_064,People and society,Food security and access,Affordability and access,People and society > Food security and access > Affordability and access,"Affordability, accessibility or barriers to obtaining food.",Use when access or affordability is substantive.,Market prices alone belong under Industry.,"Affordability and access, Affordability, food access",,,"Affordability, food access","Assign when the record substantively addresses this pathway. Terms are lexical cues, not a requirement for literal matching."
V3_065,People and society,Food security and access,Competition with other food uses,People and society > Food security and access > Competition with other food uses,Competition between salmon-feed use and direct human food uses.,Use when diversion of edible resources or food-feed competition is substantive.,Do not use general marine-resource footprints without a food-use question.,"Competition with other food uses, Fishmeal food-feed competition, edible-fish diversion",,,"Fishmeal food-feed competition, edible-fish diversion","Assign when the record substantively addresses this pathway. Terms are lexical cues, not a requirement for literal matching."
V3_066,People and society,Culture and knowledge,"Culture, identity and traditions","People and society > Culture and knowledge > Culture, identity and traditions","Cultural meanings, identity, heritage or consumption traditions.",Use when cultural relationships are substantive.,Do not use ordinary consumer preference studies.,"Culture, identity and traditions, Food culture, identity, tradition",,,"Food culture, identity, tradition","Assign when the record substantively addresses this pathway. Terms are lexical cues, not a requirement for literal matching."
V3_067,People and society,Culture and knowledge,Local and Indigenous knowledge,People and society > Culture and knowledge > Local and Indigenous knowledge,"Local, experiential or Indigenous knowledge systems.",Use when these knowledge systems are substantive.,Do not use stakeholder opinion merely because interviews were conducted.,"Local and Indigenous knowledge, Traditional ecological knowledge, local knowledge",,,"Traditional ecological knowledge, local knowledge, indigenous knowledge","Assign when the record substantively addresses this pathway. Terms are lexical cues, not a requirement for literal matching."
V3_068,People and society,Culture and knowledge,Public discourse and representation,People and society > Culture and knowledge > Public discourse and representation,"Media, framing, discourse or public representation of salmon aquaculture.",Use when communication or discourse is substantive.,Do not use marketing research focused on sales.,"Public discourse and representation, Media framing, public narratives",,,"opinions, controversy, dispute, campaigning, popularity, activist, activism, public discourse, reputation, public image, collective action, social mobilisation, social mobilization, public dissent, public opinion, stakeholder opinion, perceptions, stakeholder view, public perception, Media framing, public narratives","Assign when the record substantively addresses this pathway. Terms are lexical cues, not a requirement for literal matching."
V3_069,People and society,Public health,Antimicrobial resistance and One Health,People and society > Public health > Antimicrobial resistance and One Health,Antimicrobial resistance or One Health relationships involving salmon aquaculture.,Use when cross-sectoral public-health implications are substantive.,Fish disease alone belongs under Production.,"Antimicrobial resistance and One Health, AMR, resistance genes, One Health",,,"antibiotic resistance, resistant to antibiotic, resistance to antibiotic, antibiotic-resistan, antibiotic resistan, erythromycin resistan, amoxicillin resistan, doxycycline resistan, ampicillin resistan, difloxacin resistan, resistant to amoxicillin, resistant to doxycycline, resistant to ampicillin, resistant to difloxacin, resistant to erythromycin, resistance to amoxicillin, resistance to doxycycline, resistance to ampicillin, resistance to difloxacin, resistance to erythromycin, fluoroquinolone resistan, resistant to fluoroquinolone, resistance to fluoroquinolone, flumequine resistan, resistance to flumequine, resistant to flumequine, oxytetracycline resistan, resistant to oxytetracycline, resistance to oxytetracycline, antimicrobial resistance, antibiotic resist, antibiotic-resistant, antibiotic resistant, AMR, resistance genes, One Health","Assign when the record substantively addresses this pathway. Terms are lexical cues, not a requirement for literal matching."
V3_070,People and society,Public health,Health impacts of aquaculture,People and society > Public health > Health impacts of aquaculture,"Health effects on people or populations caused by salmon farming activities, excluding health effects arising from consumption of the salmon product.","Use when farming operations, emissions, exposures or community-level effects create a substantive human-health question.",Food-product safety and health effects of consuming salmon belong under Product; occupational health remains under Labour and employment.,"Health impacts of aquaculture, Community exposure, pollution-related health effects, population health around farms",,,"public health, human health, human health risk, human health benefit, Community exposure, pollution-related health effects, population health around farms","Assign when the record substantively addresses this pathway. Terms are lexical cues, not a requirement for literal matching."
V3_071,Product,General product issues,Multiple or general product attributes,Product > General product issues > Multiple or general product attributes,Broad discussion of multiple product attributes without emphasis on a single attribute.,"Use when product quality, safety, nutrition or consumer attributes are discussed collectively.",Do not use when one product attribute is the substantive focus (e.g. food safety or fillet quality).,General product issues,"broad review, framework, multiple issues, general assessment",,"fillet, flesh, meat, smoked salmon, General product overviews, product standards",Use only where several issues in the domain are substantively addressed and no specific issue dominates.
V3_072,Product,Composition and nutritional value,Nutritional composition,Product > Composition and nutritional value > Nutritional composition,Nutrient composition of harvested salmon products.,"Use when fatty acids, proteins, vitamins, minerals or proximate composition are substantive outcomes.",Do not use fish metabolism unless linked to food-product composition.,"Nutritional composition, Omega-3, protein, vitamins, minerals, proximate composition",,,"protein content, fatty acid profile, fatty acid composition, vitamin E, nutritional value, fat content, saturated fatty acids, omega-3, lipid content, lipid level, nutritional quality, dietary protein, cholesterol content, Omega-3, protein, vitamins, minerals, proximate composition","Assign when the record substantively addresses this pathway. Terms are lexical cues, not a requirement for literal matching."
V3_073,Product,Composition and nutritional value,Contaminants and residues,Product > Composition and nutritional value > Contaminants and residues,Chemical contaminants or residues in harvested products.,Use when contaminant levels in edible product are substantive.,Do not use environmental contamination without product analysis.,"Contaminants and residues, PCBs, dioxins, metals, medicine residues",,,"arsenic, mercury, tributyltin, organotins, copper, polybrominated diphenyl ether, trace metal, selenium, radionuclide, radiocaesium, polychlorinated biphenyl, carcinogen, heavy metal, organochlorine residue, contaminant, metal residue, contamination, fumonisin, mycotoxig, Fusarium mycotoxin, deoxynivalenol, mycotoxin, resveratrol, aflatoxins, toxaphene, methylmercury, enniatin, beauvericin, PCBs, dioxins, metals, medicine residues","Assign when the record substantively addresses this pathway. Terms are lexical cues, not a requirement for literal matching."
V3_074,Product,Fillet and carcass quality,Physical and visual quality,Product > Fillet and carcass quality > Physical and visual quality,Physical or visual quality of fillets or carcasses.,"Use for colour, texture, firmness, gaping, defects or water-holding capacity.",Do not split into separate subcodes for each property.,"Physical and visual quality, Colour, texture, firmness, gaping, melanin spots",,,"firmness, gaping, soft flesh, Colour, texture, melanin spots","Assign when the record substantively addresses this pathway. Terms are lexical cues, not a requirement for literal matching."
V3_075,Product,Fillet and carcass quality,Yield and body composition,Product > Fillet and carcass quality > Yield and body composition,Yield of edible product or carcass composition.,"Use when fillet yield, dressing percentage or harvest composition is substantive.",Do not use general growth without product-yield outcomes.,"Yield and body composition, Fillet yield, carcass yield, body composition",,,"Fillet yield, carcass yield, body composition","Assign when the record substantively addresses this pathway. Terms are lexical cues, not a requirement for literal matching."
V3_076,Product,Sensory quality,Sensory properties,Product > Sensory quality > Sensory properties,"Taste, flavour, odour, aroma, mouthfeel or sensory acceptability.",Use for trained or consumer sensory panels.,Consumer purchasing preferences belong under People and society.,"Sensory properties, Taste, aroma, flavour, mouthfeel, acceptability",,,"flavor, flavour, palatable, palatabil, taste, sensory characteristic, human consumption, texture, fillet color, fillet colour, geosmin, off-flavour, off-flavor, off flavour, off flavor, muddy flavour, muddy flavor, fillet pigment, fillet qualit, meat qualit, quality of meat, quality of fillet, sensory profile, myoliquefaction, sensorial quality, black spot, melanis, melaniz, odorous, odourant, odorant, 2-methylisoborneol, sensory qualit, melanized focal changes, Taste, aroma, mouthfeel, acceptability","Assign when the record substantively addresses this pathway. Terms are lexical cues, not a requirement for literal matching."
V3_077,Product,Processing and preservation,Primary processing,Product > Processing and preservation > Primary processing,"Post-harvest processing such as filleting, trimming or portioning.",Use when processing technology or performance is substantive.,Do not use harvest or slaughter operations.,"Primary processing, Filleting, trimming, processing yield",,,"Filleting, trimming, processing yield","Assign when the record substantively addresses this pathway. Terms are lexical cues, not a requirement for literal matching."
V3_078,Product,Processing and preservation,"Smoking, curing and value addition","Product > Processing and preservation > Smoking, curing and value addition","Smoking, curing or other value-adding processing.",Use when these processes are substantive.,Do not use merely because the product was smoked.,"Smoking, curing and value addition, Smoking, salting, curing",,,"Smoking, salting, curing","Assign when the record substantively addresses this pathway. Terms are lexical cues, not a requirement for literal matching."
V3_079,Product,Processing and preservation,"Storage, packaging and shelf life","Product > Processing and preservation > Storage, packaging and shelf life","Preservation, packaging, storage stability or shelf life.",Use when post-harvest stability or spoilage is substantive.,Do not use live-fish storage or transport.,"Storage, packaging and shelf life, Freezing, chilling, modified atmosphere, shelf life",,,"rancid, freshness, Freezing, chilling, modified atmosphere, shelf life","Assign when the record substantively addresses this pathway. Terms are lexical cues, not a requirement for literal matching."
V3_080,Product,Food safety,Microbial food safety,Product > Food safety > Microbial food safety,Foodborne pathogens or microbiological safety of salmon products.,Use when human food safety is a substantive objective.,Do not use fish disease unless it creates a food-product hazard.,"Microbial food safety, Listeria, foodborne pathogens, microbial contamination",,,"Listeria monocytogenes, listeria, Listeria, foodborne pathogens, microbial contamination","Assign when the record substantively addresses this pathway. Terms are lexical cues, not a requirement for literal matching."
V3_081,Product,Food safety,Chemical food safety,Product > Food safety > Chemical food safety,"Chemical hazards, residues or risk assessment relating to consumption.",Use when the question is safety of the edible product.,Environmental release or fish toxicity belong elsewhere.,"Chemical food safety, Residues, contaminants, dietary exposure",,,"arsenic, mercury, tributyltin, organotins, copper, polybrominated diphenyl ether, trace metal, selenium, radionuclide, radiocaesium, polychlorinated biphenyl, carcinogen, heavy metal, organochlorine residue, contaminant, metal residue, dioxin, chlorinated pesticide, pesticide, contaminat, polychlorinated dioxin, PCB, Residues, contaminants, dietary exposure","Assign when the record substantively addresses this pathway. Terms are lexical cues, not a requirement for literal matching."
V3_082,Product,Human nutrition and health,Nutritional benefits and risks,Product > Human nutrition and health > Nutritional benefits and risks,Human dietary benefits or risks of consuming salmon.,Use when human nutrition or health is substantively assessed.,Food access and affordability belong under People and society.,"Nutritional benefits and risks, Omega-3 benefits, dietary risk-benefit",,,"Omega-3 benefits, dietary risk-benefit","Assign when the record substantively addresses this pathway. Terms are lexical cues, not a requirement for literal matching."
V3_083,Product,Human nutrition and health,Human physiological outcomes,Product > Human nutrition and health > Human physiological outcomes,Measured human health or physiological outcomes associated with salmon consumption.,"Use for clinical, metabolic or biomarker outcomes in humans.",Do not use only product-composition studies.,"Human physiological outcomes, Cardiovascular outcomes, obesity, biomarkers",,,"Cardiovascular outcomes, obesity, biomarkers","Assign when the record substantively addresses this pathway. Terms are lexical cues, not a requirement for literal matching."
V3_084,Product,Consumers and consumption,Consumption patterns,Product > Consumers and consumption > Consumption patterns,Patterns or frequency of salmon consumption.,Use when consumption behaviour is substantive.,Do not use sensory testing alone.,"Consumption patterns, Consumption frequency, dietary patterns",,,"Consumption frequency, dietary patterns","Assign when the record substantively addresses this pathway. Terms are lexical cues, not a requirement for literal matching."
V3_085,Product,Consumers and consumption,"Preferences, choice and willingness to pay","Product > Consumers and consumption > Preferences, choice and willingness to pay","Consumer preferences, purchasing choices or willingness to pay.",Use when behavioural choice is substantive.,Product quality measurements without consumer choice belong under Product.,"Preferences, choice and willingness to pay, Preferences, purchase intention, WTP",,,"consumers’ preference, consumer preference, customer preference, customers' preference, consumer's preference, customer's preference, customer choice, consumer choice, customers' choice, consumers' choice, customer's choice, consumer's choice, consumer decision, customer decision, consumers' decision, customers' decision, consumer's decision, customer's decision, preference of customer, preferences of customer, preference of consumer, preferences of consumer, choice of customer, choices of customer, choice of consumer, choices of consumer, decision of customer, decisions of customer, decision of consumer, decisions of consumer, consumer acceptance, consumer's acceptance, consumers' acceptance, acceptance of consumer, acceptance by consumer, purchases, purchased, consumer purchase intention, buyer intent, buyer's intent, buyers' intent, Preferences, purchase intention, WTP","Assign when the record substantively addresses this pathway. Terms are lexical cues, not a requirement for literal matching."
V3_086,Product,Consumers and consumption,"Perceptions, knowledge and trust","Product > Consumers and consumption > Perceptions, knowledge and trust","Consumer or public perceptions, knowledge, attitudes or trust.",Use when attitudes or perceptions are substantive.,Do not use marketing claims without response data.,"Perceptions, knowledge and trust, Risk perception, trust, knowledge",,,"consumer awareness, customer awareness, consumers' awareness, customers' awareness, consumer's awareness, customer's awareness, individual attitude, individuals' attitude, individual's attitude, consumer attitude, consumers' attitude, consumer's attitude, customer attitude, customers' attitude, customer's attitude, attitude of customer, attitudes of customer, attitude of consumer, attitudes of consumer, awareness of customer, awareness of consumer, awareness of individual, public confidence, consumer expectation, consumer's expectation, consumers' expectation, customer expectation, customer's expectation, customers' expectation, consumer perception, consumer's perception, consumers' perception, customer perception, customer's perception, customers' perception, Risk perception, trust, knowledge","Assign when the record substantively addresses this pathway. Terms are lexical cues, not a requirement for literal matching."
V3_087,Product,Consumers and consumption,"Labels, origin and certification","Product > Consumers and consumption > Labels, origin and certification","Consumer responses to labels, certification or product origin.",Use when label effects on consumers are substantive.,Certification systems themselves belong under Industry and governance.,"Labels, origin and certification, Ecolabels, country of origin, certification labels",,,"mislabel, mis-label, mis label, misidentif, mis identif, mis-identif, incorrectly label, incorrect label, species authentif, species substitut, species fraud, labelling fraud, label fraud, species recognition, species authentica, species verific, species valida, product authentic, mislabeling, adulterated, substitution of rainbow trout, substitution by rainbow trout, organic label, eco-label, ecolabel, welfare label, welfare certif, organic salmon, organically farmed, organic farm, Ecolabels, country of origin, certification labels","Assign when the record substantively addresses this pathway. Terms are lexical cues, not a requirement for literal matching."
V3_088,Production,Fish health,General fish health,Production > Fish health > General fish health,General fish health spanning multiple diseases or health issues.,Use when fish health is discussed broadly and no disease group dominates.,Prefer specific disease codes whenever appropriate.,"General fish health, Fish-health reviews, broad health management",,,"Fish-health reviews, broad health management","Assign when the record substantively addresses this pathway. Terms are lexical cues, not a requirement for literal matching."
V3_089,Production,Breeding and reproduction,Selective breeding and genetic improvement,Production > Breeding and reproduction > Selective breeding and genetic improvement,Improvement of cultured stocks through selection or breeding.,"Use for heritability, breeding values, selection response and breeding programmes.",Do not use for basic gene-expression studies without a breeding objective.,"Selective breeding and genetic improvement, Selective breeding, genomic selection, marker-assisted breeding",,,"recombinant, genetic modification, genetically modified, transgenic, GMO, AquaBounty, genetic engineer, genetically engineer, AquAdvantage, GM salmon, GM fish, gene technology, transgene, CRISPR, Cas9, Cas-9, selective breeding, genetic diversity, genetic variation, genetic differentiation, breeding strain, digital phenotyping, breeding program, breeding practic, diploid, triploid, genetic divergence, phenotypic divergence, genetic improvement, breeding goal, selective genotyp, genetic variability, genome-wide, genome wide, marker-assisted, market assisted, genomic selection, chromosomal aberrations, triploidisation, triploidization, pedigree, tetraploid, polyploid, inbreeding, outbreeding, gene expression, expression of genes, expression pattern, differential expression, mRNA, genom, Selective breeding, marker-assisted breeding","Assign when the record substantively addresses this pathway. Terms are lexical cues, not a requirement for literal matching."
V3_090,Production,Breeding and reproduction,Broodstock and reproductive performance,Production > Breeding and reproduction > Broodstock and reproductive performance,"Management or performance of broodstock, spawning, gametes and fertilisation.",Use when reproduction is studied as part of aquaculture production.,Do not use for wild reproduction or purely basic reproductive biology.,"Broodstock and reproductive performance, Broodstock nutrition, egg quality, sperm quality, fecundity",,,"reproduc, sperm, fertilisation, fertilization, fertilised, fertilized, spawn, sperm quality, egg quality, Broodstock nutrition, fecundity","Assign when the record substantively addresses this pathway. Terms are lexical cues, not a requirement for literal matching."
V3_091,Production,Breeding and reproduction,Maturation and sterility control,Production > Breeding and reproduction > Maturation and sterility control,Control of sexual maturation or production of sterile fish.,"Use for triploidy, delayed maturation or reproductive containment.",Do not use for ordinary growth differences unrelated to maturation.,"Maturation and sterility control, Triploidy, sterile salmon, puberty control",,,"sex-revers, sex revers, all-femal, all femal, female only, sex control, sex-control, masculinization, feminisation, feminization, Triploidy, sterile salmon, puberty control","Assign when the record substantively addresses this pathway. Terms are lexical cues, not a requirement for literal matching."
V3_092,Production,Early life and transfer,"Eggs, fry and parr production","Production > Early life and transfer > Eggs, fry and parr production",Production during incubation and early freshwater stages.,"Use when eggs, embryos, fry or parr production is a substantive focus.",Do not use merely because juveniles were used experimentally.,"Eggs, fry and parr production, Incubation, hatching, fry production, parr development",,,"Incubation, hatching, fry production, parr development","Assign when the record substantively addresses this pathway. Terms are lexical cues, not a requirement for literal matching."
V3_093,Production,Early life and transfer,Smoltification and smolt quality,Production > Early life and transfer > Smoltification and smolt quality,"Development, assessment or management of smoltification.",Use when smolt development or quality is a substantive objective.,Do not use for any juvenile study without smoltification focus.,"Smoltification and smolt quality, Photoperiod, osmoregulation, smolt quality",,,"Photoperiod, osmoregulation, smolt quality","Assign when the record substantively addresses this pathway. Terms are lexical cues, not a requirement for literal matching."
V3_094,Production,Early life and transfer,Seawater transfer and acclimation,Production > Early life and transfer > Seawater transfer and acclimation,"Timing, management or consequences of transfer to seawater.",Use when transfer or post-transfer acclimation is central.,Do not use merely because fish were maintained in seawater.,"Seawater transfer and acclimation, Transfer timing, acclimation, post-transfer performance",,,"Transfer timing, acclimation, post-transfer performance","Assign when the record substantively addresses this pathway. Terms are lexical cues, not a requirement for literal matching."
V3_095,Production,Feed and nutrition,Conventional feed ingredients,Production > Feed and nutrition > Conventional feed ingredients,Evaluation of established feed ingredients in salmon diets.,Use when conventional ingredients or their levels are experimentally evaluated.,Do not use upstream supply-chain studies.,"Conventional feed ingredients, Fishmeal, fish oil, established cereal ingredients",,,"fish oil, fish-oil, marine protein, fishmeal, shrimp meal, herring-based, fish meal, Fishmeal, established cereal ingredients","Assign when the record substantively addresses this pathway. Terms are lexical cues, not a requirement for literal matching."
V3_096,Production,Feed and nutrition,Alternative feed ingredients,Production > Feed and nutrition > Alternative feed ingredients,Evaluation of alternative or replacement feed ingredients.,"Use for plant proteins, vegetable oils, insects, algae, microbial protein or by-products in diets.",Do not subdivide by specific ingredient; users can search within this subset.,"Alternative feed ingredients, Soy protein, insect meal, algal oil, single-cell protein",,,"soy, soya, alternative food, alternative diet, vegetable oil, plant based, plant-based, soybean, faba bean protein, vegetable protein, vegetable based, vegetable-based, black soldier fly, Hermetia illucens, cricket, Gryllodes sigillatus, superworm, Zophobas morio, insect feed, fermented soybean meal, soybean meal, poultry by-product meal, hydrolysed feather meal, alternative protein, replacement feed, replacement protein, replacement meal, fermented canola protein, canola protein, testes meal, poultry protein, blood meal, yeast extract, beef tallow, algae-based, algae based, sunflower oil, solid-state fermentation, solid state fermentation, plant protein, lupin meal, lupin protein, lupin feed, fishmeal-free, fishmeal free, synthetic amino acids, silkworm pupae, silkworm moth, rapeseed oil, oil seed rape, oilseed, peanut meal, mealworm, Tenebrio molitor, poultry meal, corn gluten, flax, pea protein, canola, Ascophyllum nodosum, seaweed, sea weed, alginate, by-product meal, by-catch meal, processing waste meal, Camelina sativa, lipid replac, camelina meal, silage-based, silage based, feather meal, animal by-product, animal byproduct, animal by product, poultry oil, by-product silage, by product silage, byproduct silage, herring meal, carp meal, krill, yeast, spent grain, grain protein, grain in feed, Eisenia fetida, earthworm, earth worm, kelp, macroalgae, Saccharina latissima, casein, gluten, maize, corn, algal oil, Schizochytrium, cottonseed, marine by-product, microalga, barley, red beet, beetroot, beet root, Alphitobius diaperinus, Lupinus mutabilis, microalgae, Scenedesmus, linseed oil, chicken fat, pork lard, salmon oil, microbial oil, menhaden oil, herring oil, camelina oil, palm oil, wheat bran, corn flour, Farmacia worm, Trujillo worm, Cumana, leucaena leaf, low fish-meal, seaweed meal, dogfish oil, dogfish liver oil, krill meal, krill oil, krill hydrolysate, Desmodesmus, horsebean, Cnicus benedictus, blessed thistle, field bean, white lupine seed, lupine seed, white lupine, rapeseed press cake, Candida utilis, Candida lypolytica, Pseudomonas protein, Spirulina maxima, yellow mealworm, amphipod meal, Themisto libellula, Euphausia superba, Thysanoessa inermis, Arctic krill, Antarctic krill, Calanus finmarchicus, ester-rich oil, Calanus oil, zooplankton oil, faba bean, Vicia faba, aerobic heterotrophic bacteria, Arthrospira platensis, Tisochrysis lutea, Tetraselmis suecica, red swamp crayfish, crayfish meal, Procambarus clarkii, cochayuyo meal, Brassica napus, Durvillaea antarctica, larval meal, larva meal, larvae meal, house fly, silkworm, silk worm, meal worm, plant derived, plant-derived, cottonseed meal, poultry protein concentrate, Aurantiochytrium acetophilum, GM maize, Bt maize, corn gluten meal, plant meal, wheat straw, yeast oil, wood-based, wood based, yeast from wood, wood fiber, wood feed, Nannochloropsis oceanica, Tetraselmis, red crab, Pleuroncodes planipes, fly prepupae, Schizochytrium oil, microalgae meal, Nannochloropsis granulata, algal meal, microalgae-based, microalgae based, vegetable ingredient, vetch meal, narbonne vetch, Vicia narbonensis, Scenedesmus almeriensis, single cell protein, Methylobacterium extorquens, potato protein, potato meal, potato-based, potato based, potato concentrate, anchov, Engraulis encrasicolus, Chlorella vulgaris, Spirulina, soy protein, Pavlova oil, corn protein concentrate, Coelopa frigida, bristly‐legged seaweed fly larva, seaweed fly, Candida sake, whey protein, plant-source protein, food waste, Paecilomyces variotii, PEKILO, fungal protein, Soy protein, insect meal, single-cell protein","Assign when the record substantively addresses this pathway. Terms are lexical cues, not a requirement for literal matching."
V3_097,Production,Feed and nutrition,Feed additives and supplements,Production > Feed and nutrition > Feed additives and supplements,"Evaluation of functional additives, supplements or dietary enhancers.",Use when an additive is deliberately tested in feed.,Do not use routine nutrients that are simply part of the diet formulation.,"Feed additives and supplements, Probiotics, enzymes, pigments, immunostimulants",,,"Macrogard, astaxanthin, carotenoid, codliver oil, cod liver oil, supplement, canthaxanthin, conjugated linoleic acid, aloe vera extract, β-glucans, prebiotic, L-carnitine, beta-glucan, probiotic, taurine, ancho chili, Capsicum annuum, ascidian tunic, dietary pigment, dihydroquercetin, arabinogalactan, zeaxanthin, tocopherol, vitamin E, ribwort plantain, Plantago lanceolata, iron supplementation, ginger, Zingiber officinale, turmeric, Curcuma longa, lemon verbena, verbena, Cymbopogon citratus, red pepper, thyme, persian shallot, Allium hirtifolium, lemon essential oil, orange peel, orange essential oil, citrus sinensis, essential oil, additive, rosemary oil, Rosmarinus officinalis, ethoxyquin, Chlorella vulgaris, Bacillus pumilus, Ginkgo biloba, letrozole, Tribulus terrestris, Asparagus racemosus, methyltestosterone, choline, Yarrowia lipolytica, tryptophan, Bacillus subtilis, toltrazuril, chachafruto, Erythrina edulis, pomelo, peel extract, Citrus maxima, cinnamon oil, puerarin, kudzu, Puerarin lobata, Phaffia rhodozyma, red yeast, Chlorella, Schizochytrium, kynurenic acid, propolis, glutamate, butylated hydroxytoluene, aloe vera, Aloe barbadensis, nettle, Urtica dioica, phytogen, Biotronic, Aquagrow, feed supplement, olive leaf, olive leaf extract, olive tree leaf, Olea europaea, oleuropein, diflubenzuron, laminarin, Laminaria digitata, brown agla, β-glucan, Debaryomyces hansenii, Palmaria palmata, red seaweed, brine shrimp, Artemia franciscana, espelette pepper, capsaicin, Trametes versicolor, Ganoderma lucidum, herbal extract, Eucalyptus globulus, Mentha piperita, Salvia officinalis, Thymus vulgaris, synthetic Ast, Punica granatum, Quercus branti, Glycyrrhiza glabra, Heracleum lasiopetalum, Satureja bachtiarica, Thymus daenensis, Myrtus communis, Echinophora platyloba, Kelussia odoratissima, Stachys lavandulifolia, cholesterol fortif, inulin, fructooligosaccharide, Carophyll Pink, pigment, Panaferd, Coridothymus capitatus, Laurus nobilis, lavender, Lavandula officinalis, cumin, Cuminum cyminum, cinnamon, Cinnamon zeylanicum, quercetin, Protexin, Pistacia atlantica, dietary supplement, sweet basil, Ocimum basilicum, Thymus khuzestanicum, Tanacetum parthenium, Mentha longifolia, pomace, Tigriopus californicus, leonardite, oregano, Origanum vulgare, arginine, tetradecylthioacetic acid, barberry root, Berberis vulgaris, coriander, amaranth, Salix babylonica, willow, oak, Quercus brantii, Mooseer, caraway, Carum carvi, green cumin, dill, Anethum graveolens, anise, Pimpinella anisum, rare earth elements, Xanthophyllomyces dendrorhous, Saint John's wort, lemon balm, rosemary, ribavirin, Nannochloropsis gaditana, phytogenic feed additive, spirulina, Arthrospira platensis, ascorbic acid, Ulva intestinalis, Gracilariopsis persica, silymarin, ginger root, Camellia sinensis, green tea, Haematococcus pluvialis, Allium stipitatum, Porphyra dioica, Saccharomyces cerevisiae, myrtle, phytoadditive, phyto-additive, red bell pepper, Spirulina platensis, Asparagopsis taxiformis, Asparagopsis sanfordiana, xanthophyll, garlic, Allium sativum, Pseudomonas, finnstim, betaine, Bacillus velezensis, Rhodotorula mucilaginosa, sesame oil, thyme essential oil, Immunogen, sea squirt, Halocynthia roretzi, seasquirt, guar gum, parsley extract, iodized, iodised, iodine, medicinal plant, Nigella sativa, Probiotics, enzymes, pigments, immunostimulants","Assign when the record substantively addresses this pathway. Terms are lexical cues, not a requirement for literal matching."
V3_098,Production,Feed and nutrition,Nutrient requirements and feed formulation,Production > Feed and nutrition > Nutrient requirements and feed formulation,Research defining nutritional requirements or designing feeds.,"Use for protein, lipid, amino-acid, vitamin or mineral requirements and formulation.",Do not use only because diet composition is reported.,"Nutrient requirements and feed formulation, Nutrient requirements, balanced diets, feed formulation",,,"feed, pellet, meal, aquafeed, precision feed, feed loading, high-protein diet, high protein diet, commercial feed, commercial diet, fodder, mixed fodder, salmon oil, nutrient requirement, optimal feed, protein concentrate, feedstock, aqua feed, commercially available diet, commercial salmon feed, commercial trout feed, salmon feed, salmon diet, trout feed, trout diet, fish feed, fish diets, commercial based diet, commercial-based diet, commercial based feed, commercial-based feed, additive, food supplement, feed supplement, feed conversion efficiency, food conversion efficiency, feed efficien, Nutrient requirements, balanced diets, feed formulation","Assign when the record substantively addresses this pathway. Terms are lexical cues, not a requirement for literal matching."
V3_099,Production,Feed and nutrition,Feeding strategies and appetite,Production > Feed and nutrition > Feeding strategies and appetite,"Research on feed delivery, ration, feeding frequency, intake or appetite.",Use when feeding strategy or behaviour is a substantive question.,Do not use routine feeding schedules.,"Feeding strategies and appetite, Ration size, feeding frequency, appetite, palatability",,,"feed cycling, starving, starvation, starved, feed withdraw, hyperglucidic, self-feeding actuator, self-feeding, feeding actuator, feeding on demand, on demand feed, on-demand feed, fed on demand, fed on-demand, Ration size, feeding frequency, appetite, palatability","Assign when the record substantively addresses this pathway. Terms are lexical cues, not a requirement for literal matching."
V3_100,Production,Feed and nutrition,Digestibility and nutrient utilisation,Production > Feed and nutrition > Digestibility and nutrient utilisation,"Research on digestion, absorption, retention or use of dietary nutrients.",Use when digestibility or utilisation is a substantive objective.,Do not use routine proximate analysis without nutrient-use questions.,"Digestibility and nutrient utilisation, Digestibility coefficients, nutrient retention, absorption",,,"Digestibility coefficients, nutrient retention, absorption","Assign when the record substantively addresses this pathway. Terms are lexical cues, not a requirement for literal matching."
V3_101,Production,Feed and nutrition,Feed efficiency and conversion,Production > Feed and nutrition > Feed efficiency and conversion,"Research on feed conversion, efficiency or residual feed intake.",Use when feed efficiency is a substantive outcome or selection target.,Do not use any growth trial that merely reports feed conversion incidentally.,"Feed efficiency and conversion, FCR, feed efficiency, residual feed intake",,,"FCR, feed efficiency, residual feed intake","Assign when the record substantively addresses this pathway. Terms are lexical cues, not a requirement for literal matching."
V3_102,Production,Husbandry and farm management,Stocking density and crowding,Production > Husbandry and farm management > Stocking density and crowding,Effects or management of stocking density and crowding.,Use when density or crowding is manipulated or evaluated.,Do not use routine density reporting.,"Stocking density and crowding, Biomass loading, crowding, stocking density",,,"Biomass loading, crowding, stocking density","Assign when the record substantively addresses this pathway. Terms are lexical cues, not a requirement for literal matching."
V3_103,Production,Husbandry and farm management,"Handling, grading and transport","Production > Husbandry and farm management > Handling, grading and transport","Effects or management of handling, sorting, grading and live transport before harvest.",Use when these operations are substantive.,Do not use post-harvest product transport.,"Handling, grading and transport, Handling stress, grading, well-boat transport",,,"Handling stress, grading, well-boat transport","Assign when the record substantively addresses this pathway. Terms are lexical cues, not a requirement for literal matching."
V3_104,Production,Husbandry and farm management,Environmental control,Production > Husbandry and farm management > Environmental control,"Management of temperature, salinity, oxygen, light, flow or related rearing conditions.",Use when environmental conditions are deliberately managed or compared for production.,Do not use environmental impacts outside the farm.,"Environmental control, Photoperiod, oxygen control, temperature regimes",,,"dissolved oxygen, hypoxia, oxygen depletion, hydrogen sulfide, hydrogen sulphide, H2S, salinit, Photoperiod, oxygen control, temperature regimes","Assign when the record substantively addresses this pathway. Terms are lexical cues, not a requirement for literal matching."
V3_105,Production,Husbandry and farm management,Biosecurity and farm hygiene,Production > Husbandry and farm management > Biosecurity and farm hygiene,Farm-level practices intended to prevent pathogen introduction or spread.,Use when biosecurity practice is a substantive focus.,Do not use disease treatment or diagnosis.,"Biosecurity and farm hygiene, Quarantine, disinfection, movement controls",,,"chloramine, formaldehyde, sodium hypochlorite, Virkon, disinfect, saniti, antifouling, antifoulant, prophyla, sanitary treatment, sanitisation, sanitization, egg ozonation, peracetic acid, Perosan, Ovadine, egg wash, egg-wash, constructed wetland, tributyltin, TBT, Quarantine, disinfection, movement controls","Assign when the record substantively addresses this pathway. Terms are lexical cues, not a requirement for literal matching."
V3_106,Production,Production systems and technology,Marine cage systems,Production > Production systems and technology > Marine cage systems,"Design, operation or production performance of marine cages or net pens.",Use when the cage system itself is studied.,Do not use merely because the study occurred in cages.,"Marine cage systems, Net pens, cage design, cage operation",,,"sea-based, sea based, sea-pen, sea pen, sea-cage, sea cage, marine cage, marine pen, marine farm, sea farm, marine-based, marine based, marine aquaculture, Net pens, cage design, cage operation","Assign when the record substantively addresses this pathway. Terms are lexical cues, not a requirement for literal matching."
V3_107,Production,Production systems and technology,Land-based and flow-through systems,Production > Production systems and technology > Land-based and flow-through systems,"Design, operation or performance of land-based non-recirculating systems.","Use when tanks, raceways or flow-through systems are substantive.",Do not use merely because fish were held in tanks.,"Land-based and flow-through systems, Raceways, tanks, flow-through farms",,,"recirculating aquaculture system, recirculation aquaculture system, flow-through system, through-flow system, flow through system, through flow system, in-door production, indoor production, in-door system, indoor system, land-based, water recirculating systems, land based, re-circulating aquaponic, recirculating system, indoor aquacultur, semi-closed containment system, recirculated aquaculture system, Raceways, tanks, flow-through farms","Assign when the record substantively addresses this pathway. Terms are lexical cues, not a requirement for literal matching."
V3_108,Production,Production systems and technology,Recirculating aquaculture systems,Production > Production systems and technology > Recirculating aquaculture systems,"Design, operation or performance of RAS.","Use when recirculation, filtration or RAS performance is substantive.",Do not use merely because the study was conducted in RAS.,"Recirculating aquaculture systems, RAS, biofilters, recirculation performance",,,"closed aquaculture, closed containment, closed system, closed pen, closed-containment, closed flexible bag, closed bag, recirculating aquaculture system, recirculation aquaculture system, flow-through system, through-flow system, flow through system, through flow system, in-door production, indoor production, in-door system, indoor system, land-based, water recirculating systems, land based, re-circulating aquaponic, recirculating system, indoor aquacultur, semi-closed containment system, recirculated aquaculture system, RAS, biofilters, recirculation performance","Assign when the record substantively addresses this pathway. Terms are lexical cues, not a requirement for literal matching."
V3_109,Production,Production systems and technology,Offshore and exposed-site systems,Production > Production systems and technology > Offshore and exposed-site systems,Production systems designed for offshore or highly exposed conditions.,"Use when offshore design, operation or performance is central.",Do not use ordinary coastal cage studies.,"Offshore and exposed-site systems, Offshore cages, exposed sites, ocean farming",,,"Offshore cages, exposed sites, ocean farming","Assign when the record substantively addresses this pathway. Terms are lexical cues, not a requirement for literal matching."
V3_110,Production,Production systems and technology,Integrated multi-trophic aquaculture,Production > Production systems and technology > Integrated multi-trophic aquaculture,Integrated production of salmon with other trophic groups.,Use when IMTA or integrated co-culture is substantive.,Do not use polyculture only as a passing reference.,"Integrated multi-trophic aquaculture, IMTA, co-culture, integrated systems",,,"polyculture, combined production, with Mytilus edulis, with mussel, mussels and salmon, salmon and mussel, integrated multi-trophic aquaculture, integrated aquaculture, polytrophic aquaculture, multi-trophic aquaculture, multi trophic aquaculture, multitrophic aquaculture, aquaponic, integrated seaweed and fish, integrated fish and, integrated salmon and, bicultural, biculturing, integrated multitrophic aquaculture, integrated-multi-trophic, bicultur, duocultur, tricultur, bi-cultur, duo-cultur, sea urchin, Psammechinus miliaris, Gracilaria chilensis, Mytilus edulis, Gracilaria, lettuce, Lactuca sativa, Saccharina latissima, integrated cultivation, integrated production, multitrophic production, multi-trophic production, multi trophic production, salmon-mussel aquaculture, salmon-mussel production, integrated mariculture, IMTA, co-culture, integrated systems","Assign when the record substantively addresses this pathway. Terms are lexical cues, not a requirement for literal matching."
V3_111,Production,Production systems and technology,Automation and precision aquaculture,Production > Production systems and technology > Automation and precision aquaculture,"Use of sensors, automation, machine vision or decision tools in farm operations.",Use when operational automation or precision farming is substantive.,"If the paper is principally about developing the method itself, consider Methods instead.","Automation and precision aquaculture, Automated feeding, machine vision, precision fish farming",,,"Automated feeding, machine vision, precision fish farming","Assign when the record substantively addresses this pathway. Terms are lexical cues, not a requirement for literal matching."
V3_112,Production,Fish performance and biology,Growth and development,Production > Fish performance and biology > Growth and development,"Growth, development or body condition of cultured fish.",Use when growth or development is a substantive research outcome.,Do not use when reported only as a routine endpoint.,"Growth and development, Growth rate, body weight, development, condition factor",,,"survival, mortality, burden, death rate, morbidity, health, susceptibility, behaviour, behavior, physiology, feeding, illness, Growth rate, body weight, development, condition factor","Assign when the record substantively addresses this pathway. Terms are lexical cues, not a requirement for literal matching."
V3_113,Production,Fish performance and biology,"Physiology, metabolism and biological responses","Production > Fish performance and biology > Physiology, metabolism and biological responses","Physiological, metabolic, biochemical, molecular or pharmacokinetic responses of cultured fish.","Use when physiology, metabolism, biochemical responses, gut or tissue responses, absorption, deposition, bioavailability or elimination are substantive research questions.",Do not use merely because physiological or molecular measurements are reported as incidental endpoints.,"Physiology, metabolism and biological responses, Metabolism, oxidative stress, inflammatory responses, gut microbiota, pharmacokinetics",,,"intestinal microbiota, gut health, gut microbiota, intestinal inflammation, intussusception, intestinal neoplasia, intestinal disorder, immune response, immunity, inflammation, peracetic acid, therapeutant, immunostimulant, prebiotic, Pediococcus acidilactici, β-glucans, lentinan, Lentinula edodes, mannan oligosaccharide, adjuvants, Bacillus subtilis, probiotic, immunostimula, tetradecylthioacetic acid, Carnobacterium divergens, lactic acid bacteria, Metabolism, oxidative stress, inflammatory responses, pharmacokinetics, tissue deposition","Assign when the record substantively addresses this pathway. Terms are lexical cues, not a requirement for literal matching."
V3_114,Production,Fish performance and biology,Anatomy and tissues,Production > Fish performance and biology > Anatomy and tissues,"Anatomical, histological or tissue-level features relevant to cultured fish.",Use when anatomy or tissue condition is a substantive objective.,Do not use because a tissue was sampled for another purpose.,"Anatomy and tissues, Gill, gut, skin, liver, muscle histology",,,"liver, spleen, heart, intestine, oesophagus, esophagus, kidney, gut, brain, blood, viscera, serum, mucus, plasma, skin, gill, digestive tract, muscle, muscula, tissue, eye, fins, tail, belly, scale, gastro, swim-bladder, swim bladder, swimbladder, operculum, gallbladder, endothelium, epithelium, coronary, intestin, stomach, histology, cells, microscop, cell structure, cellular, Gill, muscle histology","Assign when the record substantively addresses this pathway. Terms are lexical cues, not a requirement for literal matching."
V3_115,Production,Fish performance and biology,Behaviour,Production > Fish performance and biology > Behaviour,Behaviour of cultured fish relevant to production.,"Use when swimming, feeding, aggression or schooling is substantively investigated.",Do not use merely because behaviour was observed incidentally.,"Behaviour, Swimming, aggression, schooling, feeding behaviour",,,"behavior, behaviour, swimming, vertical migration, aggressive, aggression, vertical distribution, spatial distribution, Swimming, schooling, feeding behaviour","Assign when the record substantively addresses this pathway. Terms are lexical cues, not a requirement for literal matching."
V3_116,Production,Fish health,Sea lice epidemiology,Production > Fish health > Sea lice epidemiology,"Occurrence, prevalence, incidence, distribution, transmission patterns or epidemiology of sea lice.","Use when sea-lice abundance, infestation patterns, surveillance, risk factors or epidemiological processes are substantive.",Do not use for control or treatment studies unless epidemiology is also a substantive research question.,"sea lice, sea louse, salmon lice, salmon louse, Lepeophtheirus salmonis, Caligus","epidemiology, occurrence, prevalence, incidence, abundance, infestation, transmission, outbreak, surveillance, risk factors",,"Lepeophtheirus salmonis, Caligus rogercresseyi, Caligus elongatus, Caligus flexispina, caligid, chalimus, Lepeophtiriosis, caligidosis, sea louse, sea lice",Require a sea-lice concept and an epidemiological or occurrence-focused research question.
V3_117,Production,Fish health,Sea lice control and treatment,Production > Fish health > Sea lice control and treatment,"Prevention, control or treatment of sea lice, including resistance of lice to treatments.","Use for chemical, mechanical, thermal, freshwater, cleaner-fish or integrated control studies, and for treatment-resistance research.",Do not use for host resistance of salmon to sea lice; use Fish response to sea lice.,"sea lice, sea louse, salmon lice, salmon louse, Lepeophtheirus salmonis, Caligus","control, prevention, treatment, delousing, treatment resistance","cleaner fish, lumpfish, wrasse, ballan wrasse, corkwing, goldsinny, rock cook, biological control","corkwing wrasse, cleaner fish, hydrolicing, fallow, DDVP, thermolicing, Symphodus melops, emamectin benzoate, medicinal bath, delousing, cleaner-fish, lumpfish, lump fish, Cyclopterus lumpus, dichlorvos, pyrethroid, thermal delous, mechanical delous, immunostimulant, ivermectin, dihydroavermectin, azamethiphos, Salmosan, goldsinny wrasse, Ctenolabrus rupestris, deltamethrin, hydrogen peroxide, ballan wrasse, Labrus bergylta, cypermethrin, teflubenzuron, chitin synthesis inhibitor, trichlorfon, Nuvan, Neguvon, diachlorvos, dichlorovinyl dimethyl phosphate, shielding skirt, neem extract, avermectin, lumpsucker, lump sucker, hyposaline water, parasiticide, diflubenzuron, cuckoo wrasse, cuckoo, Labrus mixtus, rock cook wrasse, rock cook, Centrolabrus exoletus, ballan, corkwing, wrasse, cleaner wrasse, cunner, Tautogolabrus adspersus, masking compound, lufenuron, benzoylurea, snorkel, SLICE, organophosphate, flubenzuron, cleaner-wrasse, AlphaMax, Interox®Paramove, Interox, Paramove, tarpaulin, cunner wrasse, lice monitoring, lice control, louse control, control of sea lice, control of lice, biological delous, Slice®, Lepeophtheirus salmonis, Caligus rogercresseyi, Caligus elongatus, Caligus flexispina, caligid, chalimus, Lepeophtiriosis, caligidosis, sea louse, sea lice, Treatment efficacy, integrated control, treatment resistance",Normally require a sea-lice concept plus a control or treatment focus. Cleaner-fish terms in a salmon-farming context may independently indicate this pathway.
V3_118,Production,Fish health,Fish response to sea lice,Production > Fish health > Fish response to sea lice,"Physiological, immune, genetic or pathological responses of salmon to sea-lice infestation, including host susceptibility and resistance.","Use when the fish response, susceptibility or resistance to sea lice is substantive.",Do not use for resistance of lice to treatments; use Sea lice control and treatment.,"sea lice, sea louse, salmon lice, salmon louse, Lepeophtheirus salmonis, Caligus","host response, immune response, pathology, susceptibility, tolerance, genetic resistance, physiological response",,"Lepeophtheirus salmonis, Caligus rogercresseyi, Caligus elongatus, Caligus flexispina, caligid, chalimus, Lepeophtiriosis, caligidosis, sea louse, sea lice, Immune response, pathology, genetic resistance, susceptibility, host response",Require both a sea-lice concept and a substantive response of the fish host.
V3_119,Production,Fish health,Sea lice impacts,Production > Fish health > Sea lice impacts,"Production, welfare, health or economic consequences of sea-lice infestation.","Use when the effects or consequences of sea lice on fish, farms or the industry are substantive.","Do not use for treatment resistance, control efficacy or simple infestation occurrence.","sea lice, sea louse, salmon lice, salmon louse, Lepeophtheirus salmonis, Caligus","impact, consequence, production loss, growth loss, mortality, welfare effect, economic loss",,"Lepeophtheirus salmonis, Caligus rogercresseyi, Caligus elongatus, Caligus flexispina, caligid, chalimus, Lepeophtiriosis, caligidosis, sea louse, sea lice, Growth loss, welfare damage, mortality, production losses, economic impacts",Require both a sea-lice concept and a substantive consequence or impact.
V3_120,Production,Fish health,Other diseases - General,Production > Fish health > Other diseases - General,"Research on diseases other than sea lice that is not primarily about epidemiology, diagnosis or prevention/treatment.","Use for pathology, virulence, challenge studies, pathogen biology, broad disease reviews or disease-focused studies spanning several questions.","Do not use when epidemiology, diagnosis or prevention/treatment is clearly the substantive focus.","fish disease, infection, pathogen, parasite, bacterium, virus, fungus, oomycete, disease name or pathogen name","pathology, virulence, disease biology, challenge study, broad disease review, mixed disease questions",,"Aeromonad septicemia, Aeromonas caviae, Aeromonas salmonicida, Branchiomonas cysticola, Candidatus Branchiomonas cysticola, Chryseobacterium, Citrobacter, Deefgea rivuli, Desmozoon lepeophtherii, diplomonad flagellates, Diplostomum pseudospathaceum, Flavobacterium, Flavobacterium columnare, Flavobacterium psychrophilum, Francisella noatunensis, Gyrodactylus salaris, Hexamita salmonis, IHN, IHNV, infectious salmon anemia virus, infectious salmon anaemia virus, Janthinobacterium, Lactococcus, Lactococcus garvieae, Moritella viscosa, Myxobolus cerebralis, Paramoeba pemaquidensis, Paramoeba perurans, Piscichlamydia salmonis, piscine myocarditis virus, piscine orthoreovirus, piscine reovirus, Plesiomonas, Plesiomonas shigelloides, poxvirus, Pseudomonas, Renibacterium salmoninarum, salmon gill poxvirus, salmonid alphavirus, Saprolegnia diclina, Saprolegnia parasitica, Shewanella, Spironucleus barkhanus, Spironucleus salmonis, Spironucleus vortens, Streptococcus iniae, Streptococcus phocae, Tenacibaculum maritimum, Tetracapsula bryosalmonae, Vagococcus, Vibrio anguillarum, Vibrio salmonicida, Viral hemorrhagic septicemia, Viral haemorrhagic septicemia, Weissella, Yersinia ruckeri, Cryptosporidium parvum, chum salmon reovirus, aquareovirus, Salmoxcellia, Streptococcus parauberis, Flavobacterium branchiophilum, Lactococcus lactis, isavirus, orthomyxoviridae, pancreatic necrosis virus, Candidatus arthromitus, Neoparamoeba perurans, Clavichlamydia salmonicola, Gnathia, Cyathocephalus truncatus, Acanthamoeba, Hartmannella, Naegleria, Protacanthamoeba, Vannella, Rhogostoma minus, paramyxovirus, Ichthyophthirius multifiliis, Togaviridae, Cytophaga, Kudoa thyrsite, cnidaria infe, Myxosporea, Arthrobacter ulcerisalmonis, Arthrobacter, Chryseobacterium chaponense, Flavobacterium chilense, Flavobacterium araucananum, Diplostomum paracaudum, Eubothrium crassum, acanthocephala, Echinorhynchus truttae, Tenacibaculum dicentrarchi, Aliivibrio bacteria, Gyrodactylus derjavini, Gyrodactylus, rhabdovirus, Pseudomonas anguilliseptica, PKX, Ceratomyxa shasta, salmon leukemia virus, Phialophora, Flavobacterium muglaense, Pseudomonas piscium, Pseudomonas pisciculturae, Pseudomonas mucoides, Pseudomonas neuropathica, Pomphorhynchus laevis, Aeromonas hydrophila, Aeromonas jandaei, Aeromonas sobria, Nucleospora salmonis, monogenean flatworm, metacercariae, protothecosis, Prototkeca, salmonid novirhabdovirus, novirhabdovirus, Hysterothylacium aduncum, Sphareothecum destruens, rosette agent, aquatic reovirus, Cystidicola farionis, Flexibacter maritimus, Metschnikowia bicuspidata, Streptococcus, landlocked salmon virus, land-locked salmon virus, Ichthyobodo necator, pike fry rhabdovirus, Saprolegnia, Sphaerospora truttae, Proteocephalus, Aliivibrio wodanis, Loma salmonae, Gilguina squali, Myxobolus squamalis, Myxobolus insidiosus, Myxidium truttae, Myxidium salvelini, Chloromyxum, Parvicapsula, Sphaerospora, Oncorhynchus masou virus, saprolegniales, orthomyxovir, Lactococcus petauri, Flexibacter psychrophilus, Apatemon gracilis, icosahedral virus, Chryseobacterium balustinum, Flavobacterium tructae, Saprolegnia delica, Achlya ambisexualis, Saprolegnia anisospora, Newbia oligocantha, Kudoa thyrsites, Anisakis simplex, Mycobacteroides salmoniphilum, Stephanostomum tenue, Stephanostomum, Dermocystidium marinum, Vagococcus salmoninarum, Atlantic salmon calicivirus, calicivirus, totivirus, orthomyxovirus, Aphanomyces astaci, Candidatus, Clavochlamydia salmonicola, Vibrio harveyii, Staphylococcus warneri, piscine nodavirus, Chilodonella hexasticha, Apiosoma piscicola, retrovirus of salmonid, Morganella psychrotolerans, Pseudomonas putida, Pseudomonas plecoglossicida, Pseudomonas aeruginosa, Pseudomonas fluorescens, Rhodococcus erythropolis, Egtved virus, Exophiala psychrophila, Oceanivirga salmonicida, Ochroconis humicola, Anisakis pegreffii, Gyrodactylus bohemicus, epizootic haematopoietic necrosis virus, Listonella anguillarum, Edwarsiella tarda, Ichthyophonus hoferi, mesomycetozoea, Flavobacterium johnsoniae, Ichthyophthirius multifilürs, Ichthyophthirius multifilurs, anisakid nematode, Vibrio ordalii, Discocotyle sagittata, Tetracapsuloides bryosalmonae, Malacosporea, Salmincola californiensis, Pantoea agglomerans, Chryseobacterium aquaticum, Diphyllobothrium, Basidiobolus, streptococcal, streptococc, Ceratothoa gaudichaudii, Carnobacterium maltaromaticum, Prototheca salmonis, Diplostomum spathaceum, Cystobranchus pawlowskii, bafinivirus, Chinook salmon bafinivirus, diplomonad intestinal parasite, togavirus, Anilocra montti, Crepidostomum farionis, Margaritifera margaritifera infection, Varracalbmi, Neoechinorhynchus buttnerae, Weissella ceti, Paranucleospora theridion, Mycobacterium marinum, Mycobacterium chelonae, Mycobacterium fortuitum, Mycobacterium salmoniphilum, Tenacibaculum soleae, Cryptobia salmositica, SAV-3, Flavobacterium plurextorum, Tasmanian salmon reovirus, Aeromonas veronii, aeromonosis, air sacculitis, amoebic gill disease, bacterial cold water disease, bacterial cold-water disease, cold water vibriosis, columnaris disease, epitheliocystis, epizootic haematopoietic necrosis disease, fry trout mortality syndrome, furunculosis, heart and skeletal muscle inflammation, HSMI, Ich disease, Ichthyophthirus multifilis, Infectious haematopoietic necrosis, infectious hematopoietic necrosis, jaundice syndrome, lactococcosis, pancreas disease, piscirickettsiosis, Proliferative kidney disease, puffy skin, puffy skin disease, rainbow trout fry syndrome, red mark syndrome, saprolegniosis, skeletal muscle inflammation, sleeping disease, Streptococcosis, whirling disease, white spot, winter ulcer disease, yersiniosis, tenacibaculosis, enteric redmouth disease, chlamydia, aetiology, nodular gill disease, Hitra disease, coccidiosis, paramoebiasis, saprolegniasis, haemorrhagic kidney syndrome, hemorrhagic kidney syndrome, no‐mucus skin disease, no mucus skin disease, caligidosis, glochidiosis, nephrocalcinosis, gas bubble disease, spironucleosis, winter-ulcer, winter ulcer, granulomatous hepatitis, ichthyophthiriosis, erythrocytic inclusion body syndrome, erythrocytic inclusion body, anisakiasis, mycobacteriosis, rainbow trout gastroenteritis, strawberry disease, enteritic syndrome, mouth rot, rickettsial syndrome, summer gut syndrome, summer gut, nervous necrosis, viral nervous necrosis, Aeromonas septicemia, infectious pancreatic necrosis, salmonid gill pox, francisellosis, rickettsia syndrome, rickettsia septicemia, Edwardsiellosis, swim bladder mycosis, summer lesion syndrome, basidiobolomycosis, net-pen liver disease, yellow mouth, diplostomiasis, glycogen storage disease, panophthalmitis, water mould, weissellosis, Hitra-disease, complex gill disease, heart- and skeletal muscle inflammation, pathogen, bacteri, eyefluke, eye fluke, disease, fungal, fungi, fungus, gram-negative, gram-positive, histopatholog, infect, infectious agent, infest, parasit, patholog, viral, virulence, virulent, virus, waterborne, x-cell, phage, etiology, amoeb, myxozoa, zoonos, zoonotic, microsporidia, myxosporean, actinospore, nematode, herpesvirus, reo-like virus, helminth, cestode, birnavirus, nidovirus, herpes, strigeid heartfluke, heartfluke, eye-fluke, heart-fluke, endoparasitic cnidaria, isopode parasite, isopod parasite, isopode ectoparasite, isopod ectoparasite, leech, intestinal parasite, infecting, infectious, infected, glochidia, endohelminth, Aphanomyces, pathogenic haemoflagellate, protozoa, Coleps, transmitted vertical, transmitted horizontal, Pathology, pathogen biology, broad disease research",Require a disease or pathogen concept and the stated research-question focus.
V3_121,Production,Fish health,Other diseases - Epidemiology,Production > Fish health > Other diseases - Epidemiology,"Occurrence, prevalence, incidence, distribution, transmission or risk factors for diseases other than sea lice.","Use when disease occurrence, outbreaks, surveillance, transmission or epidemiological risk is substantive.","Do not use for treatment, diagnostic or laboratory challenge studies unless epidemiology is also a substantive question.","fish disease, infection, pathogen, parasite, bacterium, virus, fungus, oomycete, disease name or pathogen name","epidemiology, prevalence, incidence, occurrence, outbreak, transmission, surveillance, risk factors",,"disease transmission, epizootiology, transmission routes, vertical transmission, horizontal transmission, pathogen transmission, transmission risk, transmission control, epidemic, disease outbreak, epidemiolog, spread of disease, spread of pathogen, spread of infecti, spreading disease, spreading infect, spreading pathogen, Prevalence, outbreaks, surveillance, transmission, risk factors",Require a disease or pathogen concept and the stated research-question focus.
V3_122,Production,Fish health,Other diseases - Prevention and treatment,Production > Fish health > Other diseases - Prevention and treatment,"Prevention, control or treatment of diseases other than sea lice.","Use for vaccines, therapeutants, bath treatments, functional interventions, biosecurity measures or other disease-control approaches.",Do not use for routine husbandry or for treatment mentioned only as background.,"fish disease, infection, pathogen, parasite, bacterium, virus, fungus, oomycete, disease name or pathogen name","prevention, control, treatment, vaccination, therapeutant, prophylaxis, biosecurity intervention",,"peracetic acid, Perosan, Ovadine, chloramine, formaldehyde, sodium hypochlorite, Virkon, disinfect, saniti, antifouling, antifoulant, prophyla, sanitary treatment, sanitisation, sanitization, egg ozonation, egg wash, egg-wash, constructed wetland, tributyltin, TBT, vaccin, anti-ectoparasitic, antiectoparasitic, anti ectoparasitic, triclabendazole, antibiotic, erythromycin, florfenicol, amoxicillin, doxycycline, clavulanic acid, ampicillin, difloxacin, fluoroquinolone, oxytetracycline, oxolinic acid, tylosin, chloramphenicol, furazolidone, nitrofurantoin, sulfaguanidine, sulfamethazine, sulfadimethioxine, ormetoprim, amoxycillin, sarafloxacin, ciprofloxacin, penicillin, flumequine, toltrazuril, formalin, bithionol, Parasite-S, ketoconazole, imidazole, enrofloxacin, malachite green, malachite, danofloxacin, praziquantel, nitroimidazole, silver nanoparticle, quellenin, red clay, cecropin, phage therapy, viral chemotherapy, sarafloxacin hydrochloride, andrographolide, chemical, injection, immersion, bathing, pharmacokinetic, biosecurity, chemotherap, pharmaceutical, chemotherapeutant, immunostimulant, flagellin, biocontrol, bio control, organophosphate, dichlorvos, azamethiphos, endosulfan, chlorpyrifos, diazinon, levamisole, control of infecti, disease control, pathogen control, control of disease, Vaccination, therapeutants, bath treatment",Require a disease or pathogen concept and the stated research-question focus.
V3_123,Production,Fish health,Other diseases - Diagnosis and detection,Production > Fish health > Other diseases - Diagnosis and detection,"Diagnosis, detection or identification of diseases other than sea lice.","Use when diagnostic performance, disease detection, pathogen identification or health surveillance is substantive.","If development or validation of the method itself is the principal contribution, also consider Methods.","fish disease, infection, pathogen, parasite, bacterium, virus, fungus, oomycete, disease name or pathogen name","diagnosis, detection, identification, assay performance, screening, surveillance",,"Diagnostic assays, detection, pathogen identification, surveillance",Require a disease or pathogen concept and the stated research-question focus.
V3_124,Production,Fish health,Non-infectious disease and disorders,Production > Fish health > Non-infectious disease and disorders,"Nutritional, metabolic, toxicological, deformity or injury-related disorders.",Use when a non-infectious condition is substantive.,Do not use normal physiology or product defects.,"Non-infectious disease and disorders, Deficiency, deformity, nephrocalcinosis, toxicity",,,"organosomatic ind, blood cell count, haematol, hematol, general condition, fin condition, physiological status, early matur, osmotic regulat, septum transversum, vertebral deform, skeletal deform, vertebral column deform, opercular deformit, cardiac malformation, vertebral compression, stunted growth, spinal anomal, lesion, injury, wound, scale loss, muscle damage, injure, injured, injuring, toxic, sublethal, tri-n-butyltin oxide, TBT, TBTO, tri-n-butyl-tin oxide, iron toxic, toxicity of iron, toxicity, toxic effect, bloom, jellyfish, Pelagia noctiluca, aglal bloom, dinoflagellate bloom, phytoplankton bloom, Chrysochromulina polylepis, Chrysochromulina, Prymnesium parvum, plastic, microplastic, heterosigma, red tide, Gymnodinium nagasakiense, Chattonella antiqua, Chattonella marina, Heterosigma akasbiwo, Chrysochromulina leadbeateri, Pseudochattonella verruculosa, Heterosigma akashiwo, raphidophyte, Alexandrium fundyense, Prymnesium patelliferum, Physalia physalis, didymo, rock snot, rocksnot, Cyanea capillata, jelly fish, Octactis speculum, silicoflagellate, Alexandrium catenella, Cochlodinium polykrikoides, cyanobacteria, brown phytoplankton, crude petroleum, crude oil, oil spill, oil slick, oil pollution, Deficiency, deformity, nephrocalcinosis","Assign when the record substantively addresses this pathway. Terms are lexical cues, not a requirement for literal matching."
V3_125,Production,Fish welfare,Welfare assessment,Production > Fish welfare > Welfare assessment,"Assessment, measurement or indicators of fish welfare.",Use when welfare is explicitly or substantively evaluated.,Do not treat all stress or physiological studies as welfare studies.,"Welfare assessment, Operational welfare indicators, welfare scoring",,,"welfare, animal welfare, animal rights, fish welfare evaluation index, Operational welfare indicators, welfare scoring","Assign when the record substantively addresses this pathway. Terms are lexical cues, not a requirement for literal matching."
V3_126,Production,Fish welfare,Welfare risks and consequences,Production > Fish welfare > Welfare risks and consequences,"Drivers, hazards or consequences of poor welfare.",Use when conditions or practices are analysed through a welfare lens.,Do not use generic health or mortality studies without welfare framing.,"Welfare risks and consequences, Crowding, handling, injury, pain, poor welfare",,,"lesion, injury, wound, scale loss, muscle damage, injure, injured, injuring, pain, suffering, suffer, Crowding, handling, poor welfare","Assign when the record substantively addresses this pathway. Terms are lexical cues, not a requirement for literal matching."
V3_127,Production,Fish welfare,Welfare improvement,Production > Fish welfare > Welfare improvement,Interventions intended to improve fish welfare.,Use when welfare mitigation or improvement is substantive.,Do not use routine husbandry improvements without welfare framing.,"Welfare improvement, Humane handling, welfare-focused management",,,"tricaine methanesulfonate, isoeugenol, anesthetic, anaesthetic, clove oil, eugenol, ketamine, electroanesthesia, MS222, Syzygium aromaticum, menthol, MS-222, citalopram, selective serotonin reuptake inhibitor, tryptophan, Humane handling, welfare-focused management","Assign when the record substantively addresses this pathway. Terms are lexical cues, not a requirement for literal matching."
V3_128,Production,Stress and mortality,Stress,Production > Stress and mortality > Stress,"Causes, responses or consequences of stress in cultured fish.",Use when stress is a substantive focus.,Do not use any cortisol measurement automatically.,"Stress, Acute stress, chronic stress, stress response",,,"cortisol, stress, stressful, fecal corticoid metabolite, foecal corticoid metabolite, FCM, distress, aggressi, handling stress, fish handling, sound expos, exposure to sound, noise expos, exposure to noise, exposed to sound, exposed to noise, decibel, UV-B, ultraviolet, UV radiation, UV-radiation, Acute stress, chronic stress, stress response","Assign when the record substantively addresses this pathway. Terms are lexical cues, not a requirement for literal matching."
V3_129,Production,Stress and mortality,Mortality and survival,Production > Stress and mortality > Mortality and survival,"Patterns, causes or reduction of mortality and survival loss.",Use when mortality or survival is a substantive research question.,Do not use routine mortality reporting.,"Mortality and survival, Mass mortality, survival, causes of death",,,"Mass mortality, survival, causes of death","Assign when the record substantively addresses this pathway. Terms are lexical cues, not a requirement for literal matching."
V3_130,Production,Harvest and slaughter,Harvest and pre-slaughter management,Production > Harvest and slaughter > Harvest and pre-slaughter management,Harvest operations and practices immediately before slaughter.,"Use when harvesting, fasting, crowding or transport to slaughter is substantive.",Do not use post-harvest product processing.,"Harvest and pre-slaughter management, Harvest operations, fasting, pre-slaughter crowding",,,"Harvest operations, fasting, pre-slaughter crowding","Assign when the record substantively addresses this pathway. Terms are lexical cues, not a requirement for literal matching."
V3_131,Production,Harvest and slaughter,Stunning and slaughter,Production > Harvest and slaughter > Stunning and slaughter,Methods and consequences of stunning and slaughter.,"Use when killing method, effectiveness or welfare is central.",Do not use processing after death.,"Stunning and slaughter, Percussive stunning, electrical stunning, slaughter welfare",,,"Percussive stunning, electrical stunning, slaughter welfare","Assign when the record substantively addresses this pathway. Terms are lexical cues, not a requirement for literal matching."
V3_132,Environment,Environmental stressors,Water and ocean conditions,Environment > Environmental stressors > Water and ocean conditions,"Impacts of physical or chemical water and ocean conditions on farmed salmon, production performance, health, welfare or farm operations.","Use when temperature, dissolved oxygen, hypoxia, salinity, pH, ocean acidification, turbidity, suspended material or another water condition is assessed for its effects on farmed fish or salmon production.","Do not use for environmental effects caused by farms, routine site description, hydrodynamic effects around pens, or explicitly climate-framed exposures. Use the corresponding environmental-impact, hydrodynamics or Climate change pathway instead.","water temperature, dissolved oxygen, hypoxia, oxygen depletion, salinity, pH, ocean acidification, turbidity, suspended solids, water chemistry","impact, effect, exposure, response, productivity, growth, mortality, health, welfare, physiology, production","thermal stress, low oxygen, oxygen limitation, salinity stress, acidification exposure","temperature, water temperature, high temperature, low temperature, dissolved oxygen, oxygen concentration, hypoxia, oxygen depletion, salinity, pH, ocean acidification, turbidity, suspended sediment, water chemistry, thermal stress","Require a water or ocean-condition exposure together with a substantive effect on farmed salmon, production or farm operations."
V3_133,Environment,Environmental stressors,Natural biological hazards,Environment > Environmental stressors > Natural biological hazards,"Impacts of naturally occurring biological hazards on farmed salmon, production performance, health, welfare or farm operations.","Use when harmful algal blooms, phytoplankton or cyanobacterial blooms, jellyfish, natural biotoxins or comparable biological hazards are assessed for their effects on farmed fish or salmon production.","Do not use for pathogens, infectious diseases, parasites or sea lice; use the relevant Fish health pathway. Do not use studies concerned only with bloom ecology or monitoring without substantive effects on farmed salmon.","harmful algal bloom, HAB, algal bloom, phytoplankton bloom, cyanobacterial bloom, dinoflagellate bloom, jellyfish bloom, jellyfish, natural biotoxin","impact, effect, exposure, response, productivity, growth, mortality, gill damage, health, welfare, production loss","Chrysochromulina, Heterosigma, Chattonella, Alexandrium, Cochlodinium, Pelagia noctiluca","harmful algal bloom, HAB, algal bloom, phytoplankton bloom, cyanobacterial bloom, dinoflagellate bloom, jellyfish, jellyfish bloom, natural toxin, biotoxin, Chrysochromulina, Heterosigma, Chattonella, Alexandrium, Cochlodinium, Pelagia noctiluca","Require a natural biological hazard together with a substantive effect on farmed salmon, production or farm operations."
